<?xml version="1.0" encoding="UTF-8"?>
<kml xmlns="http://www.opengis.net/kml/2.2">
  <Document>
    <name>JAPAN TRIP</name>
    <description/>
    <Style id="icon-1899-DB4436-nodesc-normal">
      <IconStyle>
        <color>ff3644db</color>
        <scale>1</scale>
        <Icon>
          <href>https://www.gstatic.com/mapspro/images/stock/503-wht-blank_maps.png</href>
        </Icon>
        <hotSpot x="32" xunits="pixels" y="64" yunits="insetPixels"/>
      </IconStyle>
      <LabelStyle>
        <scale>0</scale>
      </LabelStyle>
      <BalloonStyle>
        <text><![CDATA[<h3>$[name]</h3>]]></text>
      </BalloonStyle>
    </Style>
    <Style id="icon-1899-DB4436-nodesc-highlight">
      <IconStyle>
        <color>ff3644db</color>
        <scale>1</scale>
        <Icon>
          <href>https://www.gstatic.com/mapspro/images/stock/503-wht-blank_maps.png</href>
        </Icon>
        <hotSpot x="32" xunits="pixels" y="64" yunits="insetPixels"/>
      </IconStyle>
      <LabelStyle>
        <scale>1</scale>
      </LabelStyle>
      <BalloonStyle>
        <text><![CDATA[<h3>$[name]</h3>]]></text>
      </BalloonStyle>
    </Style>
    <StyleMap id="icon-1899-DB4436-nodesc">
      <Pair>
        <key>normal</key>
        <styleUrl>#icon-1899-DB4436-nodesc-normal</styleUrl>
      </Pair>
      <Pair>
        <key>highlight</key>
        <styleUrl>#icon-1899-DB4436-nodesc-highlight</styleUrl>
      </Pair>
    </StyleMap>
    <Style id="icon-seq2-0-0-0288D1-nodesc-normal">
      <IconStyle>
        <color>ffd18802</color>
        <scale>1</scale>
        <Icon>
          <href>images/icon-1.png</href>
        </Icon>
      </IconStyle>
      <LabelStyle>
        <scale>0</scale>
      </LabelStyle>
      <BalloonStyle>
        <text><![CDATA[<h3>$[name]</h3>]]></text>
      </BalloonStyle>
    </Style>
    <Style id="icon-seq2-0-0-0288D1-nodesc-highlight">
      <IconStyle>
        <color>ffd18802</color>
        <scale>1</scale>
        <Icon>
          <href>images/icon-1.png</href>
        </Icon>
      </IconStyle>
      <LabelStyle>
        <scale>1</scale>
      </LabelStyle>
      <BalloonStyle>
        <text><![CDATA[<h3>$[name]</h3>]]></text>
      </BalloonStyle>
    </Style>
    <StyleMap id="icon-seq2-0-0-0288D1-nodesc">
      <Pair>
        <key>normal</key>
        <styleUrl>#icon-seq2-0-0-0288D1-nodesc-normal</styleUrl>
      </Pair>
      <Pair>
        <key>highlight</key>
        <styleUrl>#icon-seq2-0-0-0288D1-nodesc-highlight</styleUrl>
      </Pair>
    </StyleMap>
    <Style id="icon-seq2-0-1-0288D1-nodesc-normal">
      <IconStyle>
        <color>ffd18802</color>
        <scale>1</scale>
        <Icon>
          <href>images/icon-2.png</href>
        </Icon>
      </IconStyle>
      <LabelStyle>
        <scale>0</scale>
      </LabelStyle>
      <BalloonStyle>
        <text><![CDATA[<h3>$[name]</h3>]]></text>
      </BalloonStyle>
    </Style>
    <Style id="icon-seq2-0-1-0288D1-nodesc-highlight">
      <IconStyle>
        <color>ffd18802</color>
        <scale>1</scale>
        <Icon>
          <href>images/icon-2.png</href>
        </Icon>
      </IconStyle>
      <LabelStyle>
        <scale>1</scale>
      </LabelStyle>
      <BalloonStyle>
        <text><![CDATA[<h3>$[name]</h3>]]></text>
      </BalloonStyle>
    </Style>
    <StyleMap id="icon-seq2-0-1-0288D1-nodesc">
      <Pair>
        <key>normal</key>
        <styleUrl>#icon-seq2-0-1-0288D1-nodesc-normal</styleUrl>
      </Pair>
      <Pair>
        <key>highlight</key>
        <styleUrl>#icon-seq2-0-1-0288D1-nodesc-highlight</styleUrl>
      </Pair>
    </StyleMap>
    <Style id="icon-seq2-0-10-0288D1-nodesc-normal">
      <IconStyle>
        <color>ffd18802</color>
        <scale>1</scale>
        <Icon>
          <href>images/icon-11.png</href>
        </Icon>
      </IconStyle>
      <LabelStyle>
        <scale>0</scale>
      </LabelStyle>
      <BalloonStyle>
        <text><![CDATA[<h3>$[name]</h3>]]></text>
      </BalloonStyle>
    </Style>
    <Style id="icon-seq2-0-10-0288D1-nodesc-highlight">
      <IconStyle>
        <color>ffd18802</color>
        <scale>1</scale>
        <Icon>
          <href>images/icon-11.png</href>
        </Icon>
      </IconStyle>
      <LabelStyle>
        <scale>1</scale>
      </LabelStyle>
      <BalloonStyle>
        <text><![CDATA[<h3>$[name]</h3>]]></text>
      </BalloonStyle>
    </Style>
    <StyleMap id="icon-seq2-0-10-0288D1-nodesc">
      <Pair>
        <key>normal</key>
        <styleUrl>#icon-seq2-0-10-0288D1-nodesc-normal</styleUrl>
      </Pair>
      <Pair>
        <key>highlight</key>
        <styleUrl>#icon-seq2-0-10-0288D1-nodesc-highlight</styleUrl>
      </Pair>
    </StyleMap>
    <Style id="icon-seq2-0-11-0288D1-nodesc-normal">
      <IconStyle>
        <color>ffd18802</color>
        <scale>1</scale>
        <Icon>
          <href>images/icon-12.png</href>
        </Icon>
      </IconStyle>
      <LabelStyle>
        <scale>0</scale>
      </LabelStyle>
      <BalloonStyle>
        <text><![CDATA[<h3>$[name]</h3>]]></text>
      </BalloonStyle>
    </Style>
    <Style id="icon-seq2-0-11-0288D1-nodesc-highlight">
      <IconStyle>
        <color>ffd18802</color>
        <scale>1</scale>
        <Icon>
          <href>images/icon-12.png</href>
        </Icon>
      </IconStyle>
      <LabelStyle>
        <scale>1</scale>
      </LabelStyle>
      <BalloonStyle>
        <text><![CDATA[<h3>$[name]</h3>]]></text>
      </BalloonStyle>
    </Style>
    <StyleMap id="icon-seq2-0-11-0288D1-nodesc">
      <Pair>
        <key>normal</key>
        <styleUrl>#icon-seq2-0-11-0288D1-nodesc-normal</styleUrl>
      </Pair>
      <Pair>
        <key>highlight</key>
        <styleUrl>#icon-seq2-0-11-0288D1-nodesc-highlight</styleUrl>
      </Pair>
    </StyleMap>
    <Style id="icon-seq2-0-12-0288D1-nodesc-normal">
      <IconStyle>
        <color>ffd18802</color>
        <scale>1</scale>
        <Icon>
          <href>images/icon-13.png</href>
        </Icon>
      </IconStyle>
      <LabelStyle>
        <scale>0</scale>
      </LabelStyle>
      <BalloonStyle>
        <text><![CDATA[<h3>$[name]</h3>]]></text>
      </BalloonStyle>
    </Style>
    <Style id="icon-seq2-0-12-0288D1-nodesc-highlight">
      <IconStyle>
        <color>ffd18802</color>
        <scale>1</scale>
        <Icon>
          <href>images/icon-13.png</href>
        </Icon>
      </IconStyle>
      <LabelStyle>
        <scale>1</scale>
      </LabelStyle>
      <BalloonStyle>
        <text><![CDATA[<h3>$[name]</h3>]]></text>
      </BalloonStyle>
    </Style>
    <StyleMap id="icon-seq2-0-12-0288D1-nodesc">
      <Pair>
        <key>normal</key>
        <styleUrl>#icon-seq2-0-12-0288D1-nodesc-normal</styleUrl>
      </Pair>
      <Pair>
        <key>highlight</key>
        <styleUrl>#icon-seq2-0-12-0288D1-nodesc-highlight</styleUrl>
      </Pair>
    </StyleMap>
    <Style id="icon-seq2-0-13-0288D1-nodesc-normal">
      <IconStyle>
        <color>ffd18802</color>
        <scale>1</scale>
        <Icon>
          <href>images/icon-14.png</href>
        </Icon>
      </IconStyle>
      <LabelStyle>
        <scale>0</scale>
      </LabelStyle>
      <BalloonStyle>
        <text><![CDATA[<h3>$[name]</h3>]]></text>
      </BalloonStyle>
    </Style>
    <Style id="icon-seq2-0-13-0288D1-nodesc-highlight">
      <IconStyle>
        <color>ffd18802</color>
        <scale>1</scale>
        <Icon>
          <href>images/icon-14.png</href>
        </Icon>
      </IconStyle>
      <LabelStyle>
        <scale>1</scale>
      </LabelStyle>
      <BalloonStyle>
        <text><![CDATA[<h3>$[name]</h3>]]></text>
      </BalloonStyle>
    </Style>
    <StyleMap id="icon-seq2-0-13-0288D1-nodesc">
      <Pair>
        <key>normal</key>
        <styleUrl>#icon-seq2-0-13-0288D1-nodesc-normal</styleUrl>
      </Pair>
      <Pair>
        <key>highlight</key>
        <styleUrl>#icon-seq2-0-13-0288D1-nodesc-highlight</styleUrl>
      </Pair>
    </StyleMap>
    <Style id="icon-seq2-0-14-0288D1-nodesc-normal">
      <IconStyle>
        <color>ffd18802</color>
        <scale>1</scale>
        <Icon>
          <href>images/icon-15.png</href>
        </Icon>
      </IconStyle>
      <LabelStyle>
        <scale>0</scale>
      </LabelStyle>
      <BalloonStyle>
        <text><![CDATA[<h3>$[name]</h3>]]></text>
      </BalloonStyle>
    </Style>
    <Style id="icon-seq2-0-14-0288D1-nodesc-highlight">
      <IconStyle>
        <color>ffd18802</color>
        <scale>1</scale>
        <Icon>
          <href>images/icon-15.png</href>
        </Icon>
      </IconStyle>
      <LabelStyle>
        <scale>1</scale>
      </LabelStyle>
      <BalloonStyle>
        <text><![CDATA[<h3>$[name]</h3>]]></text>
      </BalloonStyle>
    </Style>
    <StyleMap id="icon-seq2-0-14-0288D1-nodesc">
      <Pair>
        <key>normal</key>
        <styleUrl>#icon-seq2-0-14-0288D1-nodesc-normal</styleUrl>
      </Pair>
      <Pair>
        <key>highlight</key>
        <styleUrl>#icon-seq2-0-14-0288D1-nodesc-highlight</styleUrl>
      </Pair>
    </StyleMap>
    <Style id="icon-seq2-0-15-0288D1-nodesc-normal">
      <IconStyle>
        <color>ffd18802</color>
        <scale>1</scale>
        <Icon>
          <href>images/icon-16.png</href>
        </Icon>
      </IconStyle>
      <LabelStyle>
        <scale>0</scale>
      </LabelStyle>
      <BalloonStyle>
        <text><![CDATA[<h3>$[name]</h3>]]></text>
      </BalloonStyle>
    </Style>
    <Style id="icon-seq2-0-15-0288D1-nodesc-highlight">
      <IconStyle>
        <color>ffd18802</color>
        <scale>1</scale>
        <Icon>
          <href>images/icon-16.png</href>
        </Icon>
      </IconStyle>
      <LabelStyle>
        <scale>1</scale>
      </LabelStyle>
      <BalloonStyle>
        <text><![CDATA[<h3>$[name]</h3>]]></text>
      </BalloonStyle>
    </Style>
    <StyleMap id="icon-seq2-0-15-0288D1-nodesc">
      <Pair>
        <key>normal</key>
        <styleUrl>#icon-seq2-0-15-0288D1-nodesc-normal</styleUrl>
      </Pair>
      <Pair>
        <key>highlight</key>
        <styleUrl>#icon-seq2-0-15-0288D1-nodesc-highlight</styleUrl>
      </Pair>
    </StyleMap>
    <Style id="icon-seq2-0-16-0288D1-nodesc-normal">
      <IconStyle>
        <color>ffd18802</color>
        <scale>1</scale>
        <Icon>
          <href>images/icon-17.png</href>
        </Icon>
      </IconStyle>
      <LabelStyle>
        <scale>0</scale>
      </LabelStyle>
      <BalloonStyle>
        <text><![CDATA[<h3>$[name]</h3>]]></text>
      </BalloonStyle>
    </Style>
    <Style id="icon-seq2-0-16-0288D1-nodesc-highlight">
      <IconStyle>
        <color>ffd18802</color>
        <scale>1</scale>
        <Icon>
          <href>images/icon-17.png</href>
        </Icon>
      </IconStyle>
      <LabelStyle>
        <scale>1</scale>
      </LabelStyle>
      <BalloonStyle>
        <text><![CDATA[<h3>$[name]</h3>]]></text>
      </BalloonStyle>
    </Style>
    <StyleMap id="icon-seq2-0-16-0288D1-nodesc">
      <Pair>
        <key>normal</key>
        <styleUrl>#icon-seq2-0-16-0288D1-nodesc-normal</styleUrl>
      </Pair>
      <Pair>
        <key>highlight</key>
        <styleUrl>#icon-seq2-0-16-0288D1-nodesc-highlight</styleUrl>
      </Pair>
    </StyleMap>
    <Style id="icon-seq2-0-17-0288D1-nodesc-normal">
      <IconStyle>
        <color>ffd18802</color>
        <scale>1</scale>
        <Icon>
          <href>images/icon-18.png</href>
        </Icon>
      </IconStyle>
      <LabelStyle>
        <scale>0</scale>
      </LabelStyle>
      <BalloonStyle>
        <text><![CDATA[<h3>$[name]</h3>]]></text>
      </BalloonStyle>
    </Style>
    <Style id="icon-seq2-0-17-0288D1-nodesc-highlight">
      <IconStyle>
        <color>ffd18802</color>
        <scale>1</scale>
        <Icon>
          <href>images/icon-18.png</href>
        </Icon>
      </IconStyle>
      <LabelStyle>
        <scale>1</scale>
      </LabelStyle>
      <BalloonStyle>
        <text><![CDATA[<h3>$[name]</h3>]]></text>
      </BalloonStyle>
    </Style>
    <StyleMap id="icon-seq2-0-17-0288D1-nodesc">
      <Pair>
        <key>normal</key>
        <styleUrl>#icon-seq2-0-17-0288D1-nodesc-normal</styleUrl>
      </Pair>
      <Pair>
        <key>highlight</key>
        <styleUrl>#icon-seq2-0-17-0288D1-nodesc-highlight</styleUrl>
      </Pair>
    </StyleMap>
    <Style id="icon-seq2-0-18-0288D1-nodesc-normal">
      <IconStyle>
        <color>ffd18802</color>
        <scale>1</scale>
        <Icon>
          <href>images/icon-19.png</href>
        </Icon>
      </IconStyle>
      <LabelStyle>
        <scale>0</scale>
      </LabelStyle>
      <BalloonStyle>
        <text><![CDATA[<h3>$[name]</h3>]]></text>
      </BalloonStyle>
    </Style>
    <Style id="icon-seq2-0-18-0288D1-nodesc-highlight">
      <IconStyle>
        <color>ffd18802</color>
        <scale>1</scale>
        <Icon>
          <href>images/icon-19.png</href>
        </Icon>
      </IconStyle>
      <LabelStyle>
        <scale>1</scale>
      </LabelStyle>
      <BalloonStyle>
        <text><![CDATA[<h3>$[name]</h3>]]></text>
      </BalloonStyle>
    </Style>
    <StyleMap id="icon-seq2-0-18-0288D1-nodesc">
      <Pair>
        <key>normal</key>
        <styleUrl>#icon-seq2-0-18-0288D1-nodesc-normal</styleUrl>
      </Pair>
      <Pair>
        <key>highlight</key>
        <styleUrl>#icon-seq2-0-18-0288D1-nodesc-highlight</styleUrl>
      </Pair>
    </StyleMap>
    <Style id="icon-seq2-0-19-0288D1-nodesc-normal">
      <IconStyle>
        <color>ffd18802</color>
        <scale>1</scale>
        <Icon>
          <href>images/icon-20.png</href>
        </Icon>
      </IconStyle>
      <LabelStyle>
        <scale>0</scale>
      </LabelStyle>
      <BalloonStyle>
        <text><![CDATA[<h3>$[name]</h3>]]></text>
      </BalloonStyle>
    </Style>
    <Style id="icon-seq2-0-19-0288D1-nodesc-highlight">
      <IconStyle>
        <color>ffd18802</color>
        <scale>1</scale>
        <Icon>
          <href>images/icon-20.png</href>
        </Icon>
      </IconStyle>
      <LabelStyle>
        <scale>1</scale>
      </LabelStyle>
      <BalloonStyle>
        <text><![CDATA[<h3>$[name]</h3>]]></text>
      </BalloonStyle>
    </Style>
    <StyleMap id="icon-seq2-0-19-0288D1-nodesc">
      <Pair>
        <key>normal</key>
        <styleUrl>#icon-seq2-0-19-0288D1-nodesc-normal</styleUrl>
      </Pair>
      <Pair>
        <key>highlight</key>
        <styleUrl>#icon-seq2-0-19-0288D1-nodesc-highlight</styleUrl>
      </Pair>
    </StyleMap>
    <Style id="icon-seq2-0-2-0288D1-nodesc-normal">
      <IconStyle>
        <color>ffd18802</color>
        <scale>1</scale>
        <Icon>
          <href>images/icon-3.png</href>
        </Icon>
      </IconStyle>
      <LabelStyle>
        <scale>0</scale>
      </LabelStyle>
      <BalloonStyle>
        <text><![CDATA[<h3>$[name]</h3>]]></text>
      </BalloonStyle>
    </Style>
    <Style id="icon-seq2-0-2-0288D1-nodesc-highlight">
      <IconStyle>
        <color>ffd18802</color>
        <scale>1</scale>
        <Icon>
          <href>images/icon-3.png</href>
        </Icon>
      </IconStyle>
      <LabelStyle>
        <scale>1</scale>
      </LabelStyle>
      <BalloonStyle>
        <text><![CDATA[<h3>$[name]</h3>]]></text>
      </BalloonStyle>
    </Style>
    <StyleMap id="icon-seq2-0-2-0288D1-nodesc">
      <Pair>
        <key>normal</key>
        <styleUrl>#icon-seq2-0-2-0288D1-nodesc-normal</styleUrl>
      </Pair>
      <Pair>
        <key>highlight</key>
        <styleUrl>#icon-seq2-0-2-0288D1-nodesc-highlight</styleUrl>
      </Pair>
    </StyleMap>
    <Style id="icon-seq2-0-3-0288D1-nodesc-normal">
      <IconStyle>
        <color>ffd18802</color>
        <scale>1</scale>
        <Icon>
          <href>images/icon-4.png</href>
        </Icon>
      </IconStyle>
      <LabelStyle>
        <scale>0</scale>
      </LabelStyle>
      <BalloonStyle>
        <text><![CDATA[<h3>$[name]</h3>]]></text>
      </BalloonStyle>
    </Style>
    <Style id="icon-seq2-0-3-0288D1-nodesc-highlight">
      <IconStyle>
        <color>ffd18802</color>
        <scale>1</scale>
        <Icon>
          <href>images/icon-4.png</href>
        </Icon>
      </IconStyle>
      <LabelStyle>
        <scale>1</scale>
      </LabelStyle>
      <BalloonStyle>
        <text><![CDATA[<h3>$[name]</h3>]]></text>
      </BalloonStyle>
    </Style>
    <StyleMap id="icon-seq2-0-3-0288D1-nodesc">
      <Pair>
        <key>normal</key>
        <styleUrl>#icon-seq2-0-3-0288D1-nodesc-normal</styleUrl>
      </Pair>
      <Pair>
        <key>highlight</key>
        <styleUrl>#icon-seq2-0-3-0288D1-nodesc-highlight</styleUrl>
      </Pair>
    </StyleMap>
    <Style id="icon-seq2-0-4-0288D1-nodesc-normal">
      <IconStyle>
        <color>ffd18802</color>
        <scale>1</scale>
        <Icon>
          <href>images/icon-5.png</href>
        </Icon>
      </IconStyle>
      <LabelStyle>
        <scale>0</scale>
      </LabelStyle>
      <BalloonStyle>
        <text><![CDATA[<h3>$[name]</h3>]]></text>
      </BalloonStyle>
    </Style>
    <Style id="icon-seq2-0-4-0288D1-nodesc-highlight">
      <IconStyle>
        <color>ffd18802</color>
        <scale>1</scale>
        <Icon>
          <href>images/icon-5.png</href>
        </Icon>
      </IconStyle>
      <LabelStyle>
        <scale>1</scale>
      </LabelStyle>
      <BalloonStyle>
        <text><![CDATA[<h3>$[name]</h3>]]></text>
      </BalloonStyle>
    </Style>
    <StyleMap id="icon-seq2-0-4-0288D1-nodesc">
      <Pair>
        <key>normal</key>
        <styleUrl>#icon-seq2-0-4-0288D1-nodesc-normal</styleUrl>
      </Pair>
      <Pair>
        <key>highlight</key>
        <styleUrl>#icon-seq2-0-4-0288D1-nodesc-highlight</styleUrl>
      </Pair>
    </StyleMap>
    <Style id="icon-seq2-0-5-0288D1-nodesc-normal">
      <IconStyle>
        <color>ffd18802</color>
        <scale>1</scale>
        <Icon>
          <href>images/icon-6.png</href>
        </Icon>
      </IconStyle>
      <LabelStyle>
        <scale>0</scale>
      </LabelStyle>
      <BalloonStyle>
        <text><![CDATA[<h3>$[name]</h3>]]></text>
      </BalloonStyle>
    </Style>
    <Style id="icon-seq2-0-5-0288D1-nodesc-highlight">
      <IconStyle>
        <color>ffd18802</color>
        <scale>1</scale>
        <Icon>
          <href>images/icon-6.png</href>
        </Icon>
      </IconStyle>
      <LabelStyle>
        <scale>1</scale>
      </LabelStyle>
      <BalloonStyle>
        <text><![CDATA[<h3>$[name]</h3>]]></text>
      </BalloonStyle>
    </Style>
    <StyleMap id="icon-seq2-0-5-0288D1-nodesc">
      <Pair>
        <key>normal</key>
        <styleUrl>#icon-seq2-0-5-0288D1-nodesc-normal</styleUrl>
      </Pair>
      <Pair>
        <key>highlight</key>
        <styleUrl>#icon-seq2-0-5-0288D1-nodesc-highlight</styleUrl>
      </Pair>
    </StyleMap>
    <Style id="icon-seq2-0-6-0288D1-nodesc-normal">
      <IconStyle>
        <color>ffd18802</color>
        <scale>1</scale>
        <Icon>
          <href>images/icon-7.png</href>
        </Icon>
      </IconStyle>
      <LabelStyle>
        <scale>0</scale>
      </LabelStyle>
      <BalloonStyle>
        <text><![CDATA[<h3>$[name]</h3>]]></text>
      </BalloonStyle>
    </Style>
    <Style id="icon-seq2-0-6-0288D1-nodesc-highlight">
      <IconStyle>
        <color>ffd18802</color>
        <scale>1</scale>
        <Icon>
          <href>images/icon-7.png</href>
        </Icon>
      </IconStyle>
      <LabelStyle>
        <scale>1</scale>
      </LabelStyle>
      <BalloonStyle>
        <text><![CDATA[<h3>$[name]</h3>]]></text>
      </BalloonStyle>
    </Style>
    <StyleMap id="icon-seq2-0-6-0288D1-nodesc">
      <Pair>
        <key>normal</key>
        <styleUrl>#icon-seq2-0-6-0288D1-nodesc-normal</styleUrl>
      </Pair>
      <Pair>
        <key>highlight</key>
        <styleUrl>#icon-seq2-0-6-0288D1-nodesc-highlight</styleUrl>
      </Pair>
    </StyleMap>
    <Style id="icon-seq2-0-7-0288D1-nodesc-normal">
      <IconStyle>
        <color>ffd18802</color>
        <scale>1</scale>
        <Icon>
          <href>images/icon-8.png</href>
        </Icon>
      </IconStyle>
      <LabelStyle>
        <scale>0</scale>
      </LabelStyle>
      <BalloonStyle>
        <text><![CDATA[<h3>$[name]</h3>]]></text>
      </BalloonStyle>
    </Style>
    <Style id="icon-seq2-0-7-0288D1-nodesc-highlight">
      <IconStyle>
        <color>ffd18802</color>
        <scale>1</scale>
        <Icon>
          <href>images/icon-8.png</href>
        </Icon>
      </IconStyle>
      <LabelStyle>
        <scale>1</scale>
      </LabelStyle>
      <BalloonStyle>
        <text><![CDATA[<h3>$[name]</h3>]]></text>
      </BalloonStyle>
    </Style>
    <StyleMap id="icon-seq2-0-7-0288D1-nodesc">
      <Pair>
        <key>normal</key>
        <styleUrl>#icon-seq2-0-7-0288D1-nodesc-normal</styleUrl>
      </Pair>
      <Pair>
        <key>highlight</key>
        <styleUrl>#icon-seq2-0-7-0288D1-nodesc-highlight</styleUrl>
      </Pair>
    </StyleMap>
    <Style id="icon-seq2-0-8-0288D1-nodesc-normal">
      <IconStyle>
        <color>ffd18802</color>
        <scale>1</scale>
        <Icon>
          <href>images/icon-9.png</href>
        </Icon>
      </IconStyle>
      <LabelStyle>
        <scale>0</scale>
      </LabelStyle>
      <BalloonStyle>
        <text><![CDATA[<h3>$[name]</h3>]]></text>
      </BalloonStyle>
    </Style>
    <Style id="icon-seq2-0-8-0288D1-nodesc-highlight">
      <IconStyle>
        <color>ffd18802</color>
        <scale>1</scale>
        <Icon>
          <href>images/icon-9.png</href>
        </Icon>
      </IconStyle>
      <LabelStyle>
        <scale>1</scale>
      </LabelStyle>
      <BalloonStyle>
        <text><![CDATA[<h3>$[name]</h3>]]></text>
      </BalloonStyle>
    </Style>
    <StyleMap id="icon-seq2-0-8-0288D1-nodesc">
      <Pair>
        <key>normal</key>
        <styleUrl>#icon-seq2-0-8-0288D1-nodesc-normal</styleUrl>
      </Pair>
      <Pair>
        <key>highlight</key>
        <styleUrl>#icon-seq2-0-8-0288D1-nodesc-highlight</styleUrl>
      </Pair>
    </StyleMap>
    <Style id="icon-seq2-0-9-0288D1-nodesc-normal">
      <IconStyle>
        <color>ffd18802</color>
        <scale>1</scale>
        <Icon>
          <href>images/icon-10.png</href>
        </Icon>
      </IconStyle>
      <LabelStyle>
        <scale>0</scale>
      </LabelStyle>
      <BalloonStyle>
        <text><![CDATA[<h3>$[name]</h3>]]></text>
      </BalloonStyle>
    </Style>
    <Style id="icon-seq2-0-9-0288D1-nodesc-highlight">
      <IconStyle>
        <color>ffd18802</color>
        <scale>1</scale>
        <Icon>
          <href>images/icon-10.png</href>
        </Icon>
      </IconStyle>
      <LabelStyle>
        <scale>1</scale>
      </LabelStyle>
      <BalloonStyle>
        <text><![CDATA[<h3>$[name]</h3>]]></text>
      </BalloonStyle>
    </Style>
    <StyleMap id="icon-seq2-0-9-0288D1-nodesc">
      <Pair>
        <key>normal</key>
        <styleUrl>#icon-seq2-0-9-0288D1-nodesc-normal</styleUrl>
      </Pair>
      <Pair>
        <key>highlight</key>
        <styleUrl>#icon-seq2-0-9-0288D1-nodesc-highlight</styleUrl>
      </Pair>
    </StyleMap>
    <Style id="line-1267FF-5000-nodesc-normal">
      <LineStyle>
        <color>ffff6712</color>
        <width>5</width>
      </LineStyle>
      <BalloonStyle>
        <text><![CDATA[<h3>$[name]</h3>]]></text>
      </BalloonStyle>
    </Style>
    <Style id="line-1267FF-5000-nodesc-highlight">
      <LineStyle>
        <color>ffff6712</color>
        <width>7.5</width>
      </LineStyle>
      <BalloonStyle>
        <text><![CDATA[<h3>$[name]</h3>]]></text>
      </BalloonStyle>
    </Style>
    <StyleMap id="line-1267FF-5000-nodesc">
      <Pair>
        <key>normal</key>
        <styleUrl>#line-1267FF-5000-nodesc-normal</styleUrl>
      </Pair>
      <Pair>
        <key>highlight</key>
        <styleUrl>#line-1267FF-5000-nodesc-highlight</styleUrl>
      </Pair>
    </StyleMap>
    <Folder>
      <name>未命名的图层</name>
      <Placemark>
        <name>关西国际机场</name>
        <styleUrl>#icon-seq2-0-0-0288D1-nodesc</styleUrl>
        <Point>
          <coordinates>
            135.2366019,34.4319994,0
          </coordinates>
        </Point>
      </Placemark>
      <Placemark>
        <name>Acro Capsule Hotel Namba Dotonbori</name>
        <styleUrl>#icon-seq2-0-1-0288D1-nodesc</styleUrl>
        <Point>
          <coordinates>
            135.4996945,34.668469,0
          </coordinates>
        </Point>
      </Placemark>
      <Placemark>
        <name>Don Quijote Dotonbori Midosuji</name>
        <styleUrl>#icon-seq2-0-2-0288D1-nodesc</styleUrl>
        <Point>
          <coordinates>
            135.499904,34.669254,0
          </coordinates>
        </Point>
      </Placemark>
      <Placemark>
        <name>大阪城公园</name>
        <styleUrl>#icon-seq2-0-3-0288D1-nodesc</styleUrl>
        <Point>
          <coordinates>
            135.5262114,34.6864797,0
          </coordinates>
        </Point>
      </Placemark>
      <Placemark>
        <name>京都河原町</name>
        <styleUrl>#icon-seq2-0-4-0288D1-nodesc</styleUrl>
        <Point>
          <coordinates>
            135.7687486,35.0037565,0
          </coordinates>
        </Point>
      </Placemark>
      <Placemark>
        <name>GLANSIT KYOTO KAWARAMACHI</name>
        <styleUrl>#icon-seq2-0-5-0288D1-nodesc</styleUrl>
        <Point>
          <coordinates>
            135.7696136,35.0046237,0
          </coordinates>
        </Point>
      </Placemark>
      <Placemark>
        <name>伏见稻荷大社</name>
        <styleUrl>#icon-seq2-0-6-0288D1-nodesc</styleUrl>
        <Point>
          <coordinates>
            135.7791876,34.9676945,0
          </coordinates>
        </Point>
      </Placemark>
      <Placemark>
        <name>三千院</name>
        <styleUrl>#icon-seq2-0-7-0288D1-nodesc</styleUrl>
        <Point>
          <coordinates>
            135.8344058,35.119726,0
          </coordinates>
        </Point>
      </Placemark>
      <Placemark>
        <name>贵船神社</name>
        <styleUrl>#icon-seq2-0-8-0288D1-nodesc</styleUrl>
        <Point>
          <coordinates>
            135.7629101,35.1220909,0
          </coordinates>
        </Point>
      </Placemark>
      <Placemark>
        <name>日本环球影城</name>
        <styleUrl>#icon-seq2-0-9-0288D1-nodesc</styleUrl>
        <Point>
          <coordinates>
            135.4323185,34.6656768,0
          </coordinates>
        </Point>
      </Placemark>
      <Placemark>
        <name>东京站</name>
        <styleUrl>#icon-seq2-0-10-0288D1-nodesc</styleUrl>
        <Point>
          <coordinates>
            139.7670658,35.6812996,0
          </coordinates>
        </Point>
      </Placemark>
      <Placemark>
        <name>Minn 奥浅草 (Minn Oku Asakusa)</name>
        <styleUrl>#icon-seq2-0-11-0288D1-nodesc</styleUrl>
        <Point>
          <coordinates>
            139.796406,35.7174576,0
          </coordinates>
        </Point>
      </Placemark>
      <Placemark>
        <name>浅草寺</name>
        <styleUrl>#icon-seq2-0-12-0288D1-nodesc</styleUrl>
        <Point>
          <coordinates>
            139.7966553,35.7147651,0
          </coordinates>
        </Point>
      </Placemark>
      <Placemark>
        <name>秋叶原</name>
        <styleUrl>#icon-seq2-0-13-0288D1-nodesc</styleUrl>
        <Point>
          <coordinates>
            139.7744733,35.7022589,0
          </coordinates>
        </Point>
      </Placemark>
      <Placemark>
        <name>银座</name>
        <styleUrl>#icon-seq2-0-14-0288D1-nodesc</styleUrl>
        <Point>
          <coordinates>
            139.7664859,35.6712228,0
          </coordinates>
        </Point>
      </Placemark>
      <Placemark>
        <name>涩谷</name>
        <styleUrl>#icon-seq2-0-15-0288D1-nodesc</styleUrl>
        <Point>
          <coordinates>
            139.7051782,35.6603981,0
          </coordinates>
        </Point>
      </Placemark>
      <Placemark>
        <name>东京铁塔</name>
        <styleUrl>#icon-seq2-0-16-0288D1-nodesc</styleUrl>
        <Point>
          <coordinates>
            139.7454329,35.6585805,0
          </coordinates>
        </Point>
      </Placemark>
      <Placemark>
        <name>镰仓市</name>
        <styleUrl>#icon-seq2-0-17-0288D1-nodesc</styleUrl>
        <Point>
          <coordinates>
            139.5466731,35.3192128,0
          </coordinates>
        </Point>
      </Placemark>
      <Placemark>
        <name>唐吉诃德 浅草店</name>
        <styleUrl>#icon-seq2-0-18-0288D1-nodesc</styleUrl>
        <Point>
          <coordinates>
            139.7930834,35.7138638,0
          </coordinates>
        </Point>
      </Placemark>
      <Placemark>
        <name>成田国际机场</name>
        <styleUrl>#icon-seq2-0-19-0288D1-nodesc</styleUrl>
        <Point>
          <coordinates>
            140.3843215,35.770178,0
          </coordinates>
        </Point>
      </Placemark>
    </Folder>
    <Folder>
      <name>从关西国际机场到Acro Capsule Hotel Namba Dotonbori的路线</name>
      <Placemark>
        <name>从关西国际机场到Acro Capsule Hotel Namba Dotonbori的路线</name>
        <styleUrl>#line-1267FF-5000-nodesc</styleUrl>
        <LineString>
          <tessellate>1</tessellate>
          <coordinates>
            135.23657,34.43251,0
            135.23635,34.43272,0
            135.23635,34.43273,0
            135.23631,34.43275,0
            135.23628,34.43276,0
            135.23624,34.43278,0
            135.23612,34.43282,0
            135.23603,34.43293,0
            135.23535,34.43247,0
            135.23529,34.43244,0
            135.23417,34.43169,0
            135.23416,34.43168,0
            135.234,34.43157,0
            135.23382,34.43146,0
            135.23372,34.43139,0
            135.23368,34.43137,0
            135.23365,34.43136,0
            135.23364,34.43136,0
            135.23361,34.43134,0
            135.23351,34.43132,0
            135.23348,34.43131,0
            135.23324,34.43131,0
            135.2332,34.43132,0
            135.2331,34.43137,0
            135.23305,34.43139,0
            135.23299,34.43143,0
            135.23289,34.43153,0
            135.23281,34.43162,0
            135.23267,34.43176,0
            135.23264,34.4318,0
            135.23257,34.43187,0
            135.23251,34.43192,0
            135.23243,34.43202,0
            135.23234,34.43211,0
            135.23228,34.43216,0
            135.23224,34.4322,0
            135.23221,34.43224,0
            135.23197,34.43248,0
            135.23193,34.43253,0
            135.23174,34.43272,0
            135.23172,34.43275,0
            135.2317,34.43277,0
            135.23165,34.43285,0
            135.23159,34.43297,0
            135.23159,34.43298,0
            135.23158,34.43301,0
            135.23158,34.43305,0
            135.23157,34.43309,0
            135.23158,34.43314,0
            135.23158,34.43319,0
            135.23159,34.43321,0
            135.23159,34.43323,0
            135.2316,34.43325,0
            135.23162,34.43331,0
            135.23165,34.43337,0
            135.23167,34.43339,0
            135.23169,34.43342,0
            135.23183,34.43356,0
            135.2327,34.43416,0
            135.23295,34.43432,0
            135.23321,34.43451,0
            135.23348,34.43469,0
            135.2336,34.43478,0
            135.23379,34.4349,0
            135.23412,34.43513,0
            135.23414,34.43515,0
            135.23439,34.43531,0
            135.23446,34.43537,0
            135.2345,34.43539,0
            135.23458,34.43548,0
            135.23464,34.43559,0
            135.23466,34.43565,0
            135.23467,34.43572,0
            135.23466,34.43577,0
            135.23466,34.4358,0
            135.23465,34.43586,0
            135.23459,34.43598,0
            135.23458,34.43601,0
            135.23457,34.43603,0
            135.23457,34.43608,0
            135.23438,34.43624,0
            135.23433,34.43629,0
            135.23427,34.43634,0
            135.23426,34.43634,0
            135.23423,34.43637,0
            135.23413,34.43643,0
            135.23403,34.43646,0
            135.23394,34.43646,0
            135.23391,34.43645,0
            135.23385,34.43644,0
            135.23383,34.43643,0
            135.2338,34.43642,0
            135.23353,34.43625,0
            135.23339,34.43614,0
            135.23337,34.43612,0
            135.23329,34.43608,0
            135.23325,34.43605,0
            135.23319,34.43603,0
            135.23314,34.43602,0
            135.23302,34.43602,0
            135.23292,34.43604,0
            135.23288,34.43606,0
            135.23285,34.43607,0
            135.23283,34.43609,0
            135.23278,34.43612,0
            135.23259,34.43631,0
            135.2326,34.43633,0
            135.2326,34.43637,0
            135.23259,34.43639,0
            135.23258,34.43642,0
            135.23231,34.43682,0
            135.23222,34.4369,0
            135.23124,34.4379,0
            135.23125,34.43791,0
            135.23127,34.43797,0
            135.23129,34.438,0
            135.23132,34.43803,0
            135.23148,34.43814,0
            135.23152,34.43816,0
            135.23168,34.43828,0
            135.23182,34.43837,0
            135.23197,34.43843,0
            135.23205,34.43844,0
            135.23212,34.43844,0
            135.23223,34.43841,0
            135.23234,34.43836,0
            135.23241,34.43828,0
            135.23368,34.43699,0
            135.23379,34.43691,0
            135.23384,34.43689,0
            135.23391,34.43687,0
            135.23403,34.43687,0
            135.23409,34.43688,0
            135.23414,34.4369,0
            135.23415,34.43691,0
            135.23426,34.43696,0
            135.23519,34.43757,0
            135.2353,34.43762,0
            135.23535,34.43763,0
            135.23536,34.43763,0
            135.23541,34.43764,0
            135.23546,34.43764,0
            135.23556,34.43762,0
            135.23558,34.43761,0
            135.23561,34.4376,0
            135.23565,34.43758,0
            135.2357,34.43754,0
            135.23576,34.43747,0
            135.23587,34.43737,0
            135.23626,34.43695,0
            135.23629,34.43691,0
            135.2363,34.43691,0
            135.23634,34.43686,0
            135.23637,34.43681,0
            135.23638,34.43678,0
            135.23639,34.43676,0
            135.23639,34.43665,0
            135.23637,34.43661,0
            135.23636,34.43658,0
            135.23631,34.43651,0
            135.23629,34.43649,0
            135.23592,34.43628,0
            135.23592,34.43627,0
            135.2358,34.43622,0
            135.23538,34.43597,0
            135.23538,34.43596,0
            135.23517,34.43582,0
            135.23506,34.43572,0
            135.23502,34.4357,0
            135.23486,34.43559,0
            135.23477,34.43552,0
            135.23469,34.43547,0
            135.23467,34.43545,0
            135.2346,34.43541,0
            135.23448,34.43533,0
            135.23443,34.43529,0
            135.23439,34.43527,0
            135.23194,34.43357,0
            135.23184,34.43351,0
            135.23172,34.43339,0
            135.2317,34.43335,0
            135.23168,34.43333,0
            135.23167,34.4333,0
            135.23165,34.43328,0
            135.23165,34.43326,0
            135.23164,34.43324,0
            135.23164,34.43322,0
            135.23163,34.43321,0
            135.23163,34.43317,0
            135.23162,34.43315,0
            135.23162,34.43307,0
            135.23163,34.43305,0
            135.23163,34.43301,0
            135.23164,34.43299,0
            135.23165,34.43296,0
            135.23169,34.43288,0
            135.23169,34.43287,0
            135.23171,34.43283,0
            135.23173,34.43282,0
            135.23175,34.43278,0
            135.23176,34.43277,0
            135.23177,34.43275,0
            135.23179,34.43273,0
            135.23182,34.43271,0
            135.23189,34.43263,0
            135.23255,34.43195,0
            135.23259,34.4319,0
            135.23263,34.43187,0
            135.23269,34.43181,0
            135.23273,34.43176,0
            135.23276,34.43173,0
            135.23279,34.43169,0
            135.23283,34.43166,0
            135.23286,34.43163,0
            135.23289,34.43161,0
            135.23291,34.43159,0
            135.23294,34.43157,0
            135.23296,34.43155,0
            135.23299,34.43153,0
            135.23308,34.43151,0
            135.23311,34.4315,0
            135.23322,34.4315,0
            135.23332,34.43153,0
            135.23335,34.43155,0
            135.23339,34.43157,0
            135.23385,34.4319,0
            135.23388,34.43193,0
            135.2339,34.43194,0
            135.23401,34.43202,0
            135.23432,34.43228,0
            135.23447,34.43238,0
            135.23452,34.43242,0
            135.23494,34.4327,0
            135.23504,34.43275,0
            135.23512,34.4328,0
            135.23525,34.43287,0
            135.23536,34.43292,0
            135.23547,34.43298,0
            135.23558,34.43302,0
            135.23574,34.43309,0
            135.23593,34.43316,0
            135.23602,34.4332,0
            135.23605,34.43321,0
            135.23607,34.43322,0
            135.23613,34.43322,0
            135.23654,34.43343,0
            135.23762,34.43417,0
            135.23769,34.43421,0
            135.23812,34.43449,0
            135.23844,34.43474,0
            135.23871,34.43499,0
            135.23934,34.43543,0
            135.24167,34.43693,0
            135.2432,34.43802,0
            135.24629,34.44009,0
            135.24642,34.44017,0
            135.24654,34.44026,0
            135.24789,34.44112,0
            135.24877,34.44164,0
            135.24916,34.44185,0
            135.24933,34.44193,0
            135.24936,34.44195,0
            135.24995,34.4422,0
            135.25049,34.44238,0
            135.25051,34.44238,0
            135.2507,34.44244,0
            135.25072,34.44244,0
            135.25092,34.44249,0
            135.25093,34.4425,0
            135.2511,34.44254,0
            135.25156,34.44262,0
            135.25261,34.44272,0
            135.2548,34.44285,0
            135.25538,34.44285,0
            135.25614,34.4428,0
            135.25648,34.44276,0
            135.25696,34.44268,0
            135.25706,34.44267,0
            135.25717,34.44264,0
            135.25724,34.44263,0
            135.25731,34.44261,0
            135.25739,34.4426,0
            135.25762,34.44254,0
            135.25772,34.44252,0
            135.25788,34.44247,0
            135.25794,34.44246,0
            135.2581,34.44241,0
            135.25823,34.44238,0
            135.25856,34.44226,0
            135.25864,34.44224,0
            135.25916,34.44203,0
            135.25932,34.44195,0
            135.25938,34.44193,0
            135.2595,34.44188,0
            135.26023,34.44149,0
            135.26032,34.44143,0
            135.26041,34.44138,0
            135.26049,34.44132,0
            135.26056,34.44128,0
            135.26107,34.44092,0
            135.26139,34.44066,0
            135.2615,34.44058,0
            135.26189,34.44019,0
            135.26219,34.43987,0
            135.26556,34.43646,0
            135.26561,34.4364,0
            135.2657,34.43632,0
            135.26584,34.43618,0
            135.26674,34.43537,0
            135.26968,34.43306,0
            135.26969,34.43306,0
            135.27033,34.43257,0
            135.27035,34.43255,0
            135.27307,34.43051,0
            135.27323,34.43038,0
            135.27338,34.43027,0
            135.27338,34.43026,0
            135.27386,34.42991,0
            135.27387,34.4299,0
            135.27422,34.42965,0
            135.27532,34.42881,0
            135.27533,34.4288,0
            135.27724,34.42736,0
            135.27725,34.42735,0
            135.2795,34.42565,0
            135.27952,34.42564,0
            135.27999,34.42529,0
            135.28001,34.42527,0
            135.28272,34.42322,0
            135.28281,34.42316,0
            135.28288,34.4231,0
            135.28624,34.42056,0
            135.28625,34.42055,0
            135.28991,34.41778,0
            135.28995,34.41776,0
            135.28998,34.41773,0
            135.29013,34.41763,0
            135.2929,34.4155,0
            135.29315,34.41533,0
            135.29343,34.41512,0
            135.29348,34.41509,0
            135.29361,34.41499,0
            135.29372,34.41496,0
            135.29427,34.41458,0
            135.29469,34.41433,0
            135.29469,34.41432,0
            135.29518,34.41405,0
            135.29522,34.41402,0
            135.29523,34.41402,0
            135.29535,34.41396,0
            135.29541,34.41394,0
            135.29542,34.41393,0
            135.29561,34.41386,0
            135.29562,34.41386,0
            135.29576,34.41382,0
            135.29581,34.4138,0
            135.29583,34.4138,0
            135.29602,34.41376,0
            135.29604,34.41376,0
            135.29607,34.41375,0
            135.29618,34.41374,0
            135.29624,34.41373,0
            135.29662,34.41373,0
            135.29667,34.41374,0
            135.29685,34.41376,0
            135.29689,34.41377,0
            135.2969,34.41377,0
            135.29696,34.41378,0
            135.2971,34.41382,0
            135.29711,34.41382,0
            135.29717,34.41383,0
            135.29732,34.41388,0
            135.29761,34.414,0
            135.2977,34.41405,0
            135.29771,34.41405,0
            135.29776,34.41407,0
            135.29787,34.41413,0
            135.29791,34.41414,0
            135.29823,34.41432,0
            135.29885,34.41464,0
            135.29893,34.41464,0
            135.29935,34.41483,0
            135.29974,34.41499,0
            135.29978,34.415,0
            135.30029,34.41518,0
            135.3007,34.41531,0
            135.30134,34.41545,0
            135.30141,34.41547,0
            135.30151,34.41549,0
            135.30154,34.4155,0
            135.30172,34.41554,0
            135.30175,34.41554,0
            135.30192,34.41558,0
            135.30193,34.41558,0
            135.30212,34.41562,0
            135.30215,34.41562,0
            135.30216,34.41563,0
            135.30238,34.41566,0
            135.30257,34.4157,0
            135.30318,34.41579,0
            135.30322,34.4158,0
            135.30337,34.41581,0
            135.30352,34.41583,0
            135.3036,34.41583,0
            135.30363,34.41584,0
            135.30491,34.41598,0
            135.30493,34.41598,0
            135.3053,34.41603,0
            135.30546,34.41604,0
            135.306,34.41611,0
            135.30671,34.41618,0
            135.30681,34.4162,0
            135.30686,34.4162,0
            135.30714,34.41624,0
            135.30716,34.41624,0
            135.30737,34.41627,0
            135.30822,34.41636,0
            135.30824,34.41636,0
            135.3091,34.41646,0
            135.30912,34.41646,0
            135.30953,34.41652,0
            135.30958,34.41652,0
            135.31014,34.41661,0
            135.31022,34.41663,0
            135.31024,34.41663,0
            135.3104,34.41666,0
            135.31075,34.41675,0
            135.31116,34.41688,0
            135.3122,34.41715,0
            135.31344,34.41744,0
            135.31346,34.41745,0
            135.31366,34.4175,0
            135.31367,34.4175,0
            135.31386,34.41756,0
            135.31446,34.4177,0
            135.31447,34.41771,0
            135.31449,34.41772,0
            135.31477,34.41781,0
            135.31591,34.41826,0
            135.3168,34.41865,0
            135.31753,34.41902,0
            135.31754,34.41903,0
            135.31853,34.41958,0
            135.31912,34.41994,0
            135.31997,34.4205,0
            135.32013,34.42062,0
            135.32017,34.42064,0
            135.32078,34.4211,0
            135.32082,34.42112,0
            135.32099,34.42126,0
            135.32104,34.42129,0
            135.32135,34.42153,0
            135.32148,34.42162,0
            135.32249,34.4224,0
            135.32255,34.42244,0
            135.32308,34.42285,0
            135.32309,34.42285,0
            135.32354,34.4232,0
            135.32356,34.42321,0
            135.32367,34.4233,0
            135.32387,34.42344,0
            135.3242,34.42369,0
            135.32497,34.42432,0
            135.32518,34.42451,0
            135.3252,34.42452,0
            135.32557,34.42487,0
            135.32567,34.42495,0
            135.32589,34.42516,0
            135.3264,34.42568,0
            135.32648,34.42575,0
            135.32675,34.42602,0
            135.32709,34.42639,0
            135.32751,34.42682,0
            135.32786,34.42715,0
            135.32825,34.42756,0
            135.32916,34.42847,0
            135.32924,34.42856,0
            135.32945,34.42877,0
            135.32949,34.42882,0
            135.32955,34.42887,0
            135.32971,34.42906,0
            135.32987,34.42923,0
            135.3299,34.42928,0
            135.32997,34.42936,0
            135.33018,34.42964,0
            135.33027,34.42978,0
            135.33035,34.42988,0
            135.33038,34.42993,0
            135.33046,34.43003,0
            135.33055,34.43017,0
            135.33058,34.4302,0
            135.33066,34.43034,0
            135.33073,34.43044,0
            135.33077,34.43052,0
            135.33081,34.43057,0
            135.331,34.43089,0
            135.33101,34.4309,0
            135.33114,34.43111,0
            135.33122,34.43122,0
            135.33129,34.43133,0
            135.33154,34.43165,0
            135.33205,34.43225,0
            135.33246,34.43269,0
            135.33253,34.43275,0
            135.33259,34.43282,0
            135.33288,34.43311,0
            135.33312,34.43333,0
            135.3332,34.43343,0
            135.33326,34.43349,0
            135.33334,34.43359,0
            135.3335,34.43377,0
            135.33376,34.43411,0
            135.33403,34.43451,0
            135.33478,34.43579,0
            135.3353,34.43674,0
            135.33532,34.43679,0
            135.33535,34.43683,0
            135.33556,34.43723,0
            135.33558,34.43726,0
            135.3356,34.43731,0
            135.33603,34.43813,0
            135.33604,34.43816,0
            135.3363,34.43866,0
            135.33634,34.43876,0
            135.3364,34.43887,0
            135.33679,34.43968,0
            135.33681,34.43971,0
            135.33697,34.44007,0
            135.33731,34.44075,0
            135.33743,34.44096,0
            135.33761,34.44124,0
            135.33786,34.44157,0
            135.33796,34.44169,0
            135.33822,34.44196,0
            135.33853,34.44224,0
            135.33878,34.44244,0
            135.33921,34.44274,0
            135.33927,34.44277,0
            135.33933,34.44281,0
            135.33952,34.44292,0
            135.33989,34.44311,0
            135.34015,34.44323,0
            135.34096,34.44351,0
            135.34114,34.44356,0
            135.34124,34.44358,0
            135.34134,34.44361,0
            135.34192,34.44371,0
            135.34321,34.44385,0
            135.34367,34.44392,0
            135.34449,34.44411,0
            135.34476,34.44419,0
            135.34554,34.44446,0
            135.34623,34.44474,0
            135.34653,34.44488,0
            135.34659,34.4449,0
            135.3469,34.44505,0
            135.34704,34.44511,0
            135.34751,34.44535,0
            135.34767,34.44544,0
            135.34785,34.44553,0
            135.34836,34.44583,0
            135.3489,34.44617,0
            135.34946,34.44655,0
            135.35044,34.44728,0
            135.35089,34.44766,0
            135.35102,34.44776,0
            135.35127,34.44799,0
            135.35137,34.44807,0
            135.35158,34.44826,0
            135.35216,34.44884,0
            135.35244,34.44914,0
            135.35274,34.44949,0
            135.3531,34.44994,0
            135.35318,34.45005,0
            135.35336,34.45027,0
            135.35411,34.45126,0
            135.35417,34.45133,0
            135.3548,34.45218,0
            135.35505,34.45247,0
            135.35718,34.45524,0
            135.35753,34.45572,0
            135.35787,34.45622,0
            135.35835,34.45701,0
            135.35836,34.45704,0
            135.35838,34.45706,0
            135.3584,34.4571,0
            135.35843,34.45714,0
            135.35846,34.4572,0
            135.35884,34.45779,0
            135.35927,34.45839,0
            135.35929,34.45841,0
            135.3594,34.45857,0
            135.35999,34.45932,0
            135.36011,34.45946,0
            135.36016,34.45953,0
            135.36023,34.45961,0
            135.36058,34.46007,0
            135.36078,34.46031,0
            135.36092,34.4605,0
            135.36094,34.46052,0
            135.36212,34.46201,0
            135.36214,34.46204,0
            135.36274,34.46279,0
            135.36281,34.46289,0
            135.3631,34.46324,0
            135.36321,34.46339,0
            135.36384,34.46417,0
            135.36392,34.46429,0
            135.36396,34.46432,0
            135.36404,34.46444,0
            135.36516,34.46585,0
            135.3652,34.46591,0
            135.36527,34.46599,0
            135.36535,34.4661,0
            135.3656,34.4664,0
            135.36564,34.46644,0
            135.36588,34.46673,0
            135.36597,34.46682,0
            135.366,34.46686,0
            135.36647,34.46727,0
            135.36654,34.46732,0
            135.36673,34.46748,0
            135.36698,34.46766,0
            135.36719,34.46779,0
            135.36756,34.46805,0
            135.36813,34.46836,0
            135.3685,34.46854,0
            135.36933,34.4689,0
            135.36943,34.46895,0
            135.37022,34.46929,0
            135.37045,34.46941,0
            135.37162,34.46993,0
            135.37201,34.47012,0
            135.37255,34.47047,0
            135.37272,34.4706,0
            135.37277,34.47063,0
            135.3731,34.47091,0
            135.37342,34.47123,0
            135.37342,34.47124,0
            135.37346,34.47128,0
            135.37355,34.47139,0
            135.37365,34.47149,0
            135.37385,34.47176,0
            135.37395,34.47187,0
            135.37438,34.47242,0
            135.3745,34.47256,0
            135.37503,34.47323,0
            135.37507,34.47329,0
            135.37523,34.47348,0
            135.37562,34.47398,0
            135.37565,34.47401,0
            135.3757,34.47409,0
            135.37574,34.47413,0
            135.37593,34.47437,0
            135.37597,34.47443,0
            135.37601,34.47447,0
            135.37629,34.47482,0
            135.37638,34.47495,0
            135.37645,34.47503,0
            135.37653,34.47517,0
            135.37655,34.47519,0
            135.37664,34.47532,0
            135.37673,34.47547,0
            135.37674,34.47548,0
            135.37679,34.47559,0
            135.37689,34.47576,0
            135.37694,34.47587,0
            135.37698,34.47594,0
            135.37716,34.47638,0
            135.37717,34.47643,0
            135.37722,34.47655,0
            135.37735,34.47695,0
            135.37757,34.47773,0
            135.3776,34.4779,0
            135.37763,34.47802,0
            135.37768,34.4783,0
            135.37772,34.47877,0
            135.37772,34.47913,0
            135.37771,34.4792,0
            135.37771,34.4793,0
            135.37769,34.47945,0
            135.37769,34.47949,0
            135.37766,34.4797,0
            135.37765,34.47974,0
            135.37762,34.47993,0
            135.37762,34.47997,0
            135.37759,34.48016,0
            135.37757,34.48024,0
            135.37745,34.48107,0
            135.3774,34.48133,0
            135.3774,34.48135,0
            135.37732,34.48189,0
            135.37729,34.48221,0
            135.37728,34.48267,0
            135.37729,34.48281,0
            135.37738,34.48341,0
            135.3774,34.48347,0
            135.37742,34.48357,0
            135.37744,34.48363,0
            135.37751,34.48391,0
            135.37795,34.48534,0
            135.37797,34.48544,0
            135.3782,34.48618,0
            135.37822,34.48627,0
            135.37863,34.48761,0
            135.37867,34.48771,0
            135.37884,34.48834,0
            135.37895,34.48866,0
            135.37904,34.48898,0
            135.37905,34.489,0
            135.37944,34.49027,0
            135.37946,34.49036,0
            135.37959,34.49079,0
            135.3796,34.49081,0
            135.3799,34.49181,0
            135.37993,34.49193,0
            135.38013,34.49259,0
            135.38017,34.49269,0
            135.38063,34.49421,0
            135.38064,34.49426,0
            135.38074,34.49456,0
            135.38076,34.49465,0
            135.3811,34.49576,0
            135.3811,34.49582,0
            135.38117,34.49604,0
            135.38118,34.49609,0
            135.38146,34.49697,0
            135.38158,34.4973,0
            135.38165,34.49752,0
            135.38166,34.49753,0
            135.38183,34.49793,0
            135.38188,34.49802,0
            135.38195,34.49817,0
            135.38214,34.49846,0
            135.3824,34.49882,0
            135.38257,34.49902,0
            135.38257,34.49903,0
            135.38296,34.49942,0
            135.38326,34.49967,0
            135.38449,34.50063,0
            135.3855,34.50139,0
            135.38554,34.50143,0
            135.38627,34.50197,0
            135.38702,34.50247,0
            135.38794,34.503,0
            135.38844,34.50325,0
            135.3886,34.50332,0
            135.38879,34.50342,0
            135.38886,34.50344,0
            135.38987,34.50393,0
            135.3901,34.50406,0
            135.39011,34.50406,0
            135.39041,34.50423,0
            135.39077,34.50448,0
            135.39125,34.50487,0
            135.39152,34.50513,0
            135.3924,34.50616,0
            135.39266,34.50642,0
            135.39289,34.50662,0
            135.39296,34.50669,0
            135.39312,34.50682,0
            135.39322,34.50689,0
            135.39336,34.507,0
            135.39379,34.50726,0
            135.39391,34.50734,0
            135.39398,34.50737,0
            135.39408,34.50743,0
            135.39454,34.50764,0
            135.39504,34.50783,0
            135.3951,34.50786,0
            135.39592,34.50816,0
            135.39595,34.50818,0
            135.3967,34.50846,0
            135.39671,34.50846,0
            135.39782,34.50888,0
            135.39793,34.50893,0
            135.39831,34.50907,0
            135.39845,34.50911,0
            135.3986,34.50917,0
            135.39934,34.50941,0
            135.39995,34.50958,0
            135.40009,34.50961,0
            135.4004,34.50966,0
            135.40067,34.50969,0
            135.40073,34.50969,0
            135.40081,34.5097,0
            135.40087,34.5097,0
            135.401,34.50971,0
            135.40138,34.50971,0
            135.4023,34.50967,0
            135.40303,34.50967,0
            135.40346,34.5097,0
            135.40408,34.50979,0
            135.40416,34.50981,0
            135.40426,34.50982,0
            135.4043,34.50984,0
            135.40441,34.50986,0
            135.40457,34.5099,0
            135.40463,34.50992,0
            135.40472,34.50994,0
            135.40523,34.51011,0
            135.40563,34.51027,0
            135.40595,34.51043,0
            135.4065,34.51075,0
            135.40669,34.51087,0
            135.40687,34.511,0
            135.40697,34.51106,0
            135.40784,34.51169,0
            135.40791,34.51173,0
            135.40863,34.51223,0
            135.40887,34.51237,0
            135.40899,34.51245,0
            135.40954,34.51274,0
            135.4096,34.51276,0
            135.40994,34.51291,0
            135.41016,34.51299,0
            135.41183,34.51352,0
            135.41242,34.51376,0
            135.41299,34.51406,0
            135.41303,34.51409,0
            135.41318,34.51418,0
            135.41343,34.51435,0
            135.41396,34.51477,0
            135.41583,34.51641,0
            135.41594,34.51652,0
            135.41598,34.51655,0
            135.41633,34.51688,0
            135.41636,34.5169,0
            135.41703,34.5175,0
            135.41707,34.51755,0
            135.41721,34.51767,0
            135.41724,34.51769,0
            135.41746,34.51792,0
            135.41781,34.51833,0
            135.41829,34.51893,0
            135.41836,34.51903,0
            135.41882,34.51961,0
            135.41906,34.51988,0
            135.41907,34.5199,0
            135.41951,34.52037,0
            135.4196,34.52045,0
            135.41989,34.52075,0
            135.41997,34.52082,0
            135.42007,34.52092,0
            135.42014,34.52098,0
            135.42047,34.52132,0
            135.42066,34.5215,0
            135.42077,34.52162,0
            135.42084,34.52168,0
            135.42096,34.52181,0
            135.42101,34.52185,0
            135.42292,34.52375,0
            135.42299,34.52381,0
            135.42334,34.52415,0
            135.42335,34.52417,0
            135.42403,34.52484,0
            135.42405,34.52485,0
            135.42428,34.52509,0
            135.42438,34.52518,0
            135.42466,34.52547,0
            135.42481,34.52561,0
            135.42491,34.52572,0
            135.42502,34.52582,0
            135.42532,34.52615,0
            135.42533,34.52617,0
            135.42541,34.52625,0
            135.42547,34.52632,0
            135.42551,34.52639,0
            135.42565,34.5266,0
            135.42585,34.52695,0
            135.42598,34.52729,0
            135.42605,34.52752,0
            135.42612,34.5279,0
            135.42615,34.52861,0
            135.42615,34.5292,0
            135.42617,34.52948,0
            135.42618,34.52955,0
            135.42627,34.52998,0
            135.42644,34.53044,0
            135.42656,34.53067,0
            135.42671,34.53093,0
            135.42693,34.53122,0
            135.42715,34.53146,0
            135.42721,34.53151,0
            135.42731,34.53162,0
            135.42785,34.53209,0
            135.42799,34.5322,0
            135.4281,34.5323,0
            135.42825,34.53242,0
            135.42862,34.53275,0
            135.42866,34.53278,0
            135.42886,34.53297,0
            135.42913,34.53325,0
            135.42938,34.53353,0
            135.43006,34.5344,0
            135.43008,34.53444,0
            135.43014,34.53451,0
            135.43039,34.53485,0
            135.43042,34.5349,0
            135.43047,34.53496,0
            135.43054,34.53507,0
            135.43084,34.53549,0
            135.43089,34.53555,0
            135.43092,34.5356,0
            135.43108,34.53582,0
            135.4324,34.53784,0
            135.4324,34.53785,0
            135.43241,34.53785,0
            135.43241,34.53786,0
            135.43251,34.538,0
            135.43251,34.53801,0
            135.43298,34.53871,0
            135.43412,34.5402,0
            135.43413,34.54021,0
            135.43442,34.5406,0
            135.43457,34.54082,0
            135.43461,34.54089,0
            135.43475,34.5411,0
            135.43488,34.54132,0
            135.4351,34.54174,0
            135.43515,34.54181,0
            135.43517,34.54186,0
            135.43572,34.54286,0
            135.43574,34.54288,0
            135.43608,34.54344,0
            135.43622,34.54364,0
            135.43638,34.5439,0
            135.43639,34.54391,0
            135.43676,34.54447,0
            135.43676,34.54448,0
            135.43693,34.54474,0
            135.43699,34.54482,0
            135.43701,34.54486,0
            135.43706,34.54493,0
            135.43708,34.54497,0
            135.43718,34.54511,0
            135.43725,34.54523,0
            135.43763,34.54581,0
            135.43803,34.54647,0
            135.4381,34.54657,0
            135.43814,34.54664,0
            135.43823,34.54677,0
            135.43824,34.5468,0
            135.43825,34.54682,0
            135.4383,34.54689,0
            135.43831,34.54692,0
            135.43868,34.5475,0
            135.43894,34.54786,0
            135.43926,34.54822,0
            135.43932,34.54827,0
            135.43942,34.54838,0
            135.4396,34.54855,0
            135.43974,34.5487,0
            135.43986,34.54881,0
            135.43994,34.54887,0
            135.43996,34.54889,0
            135.44,34.54891,0
            135.44004,34.54895,0
            135.44044,34.54925,0
            135.44111,34.5497,0
            135.44111,34.54971,0
            135.44127,34.54982,0
            135.44128,34.54982,0
            135.44188,34.55024,0
            135.44242,34.55066,0
            135.44261,34.55079,0
            135.4427,34.55087,0
            135.4428,34.55094,0
            135.44292,34.55104,0
            135.44308,34.55119,0
            135.44329,34.55142,0
            135.44338,34.55154,0
            135.44347,34.55164,0
            135.44356,34.55177,0
            135.44377,34.55213,0
            135.44401,34.55268,0
            135.44425,34.55334,0
            135.44427,34.55341,0
            135.4443,34.55348,0
            135.4443,34.55349,0
            135.44481,34.55486,0
            135.44489,34.5551,0
            135.44493,34.5552,0
            135.44494,34.55521,0
            135.44539,34.55646,0
            135.44545,34.55659,0
            135.44548,34.55669,0
            135.44551,34.55674,0
            135.44551,34.55676,0
            135.44555,34.55685,0
            135.44563,34.557,0
            135.44565,34.55706,0
            135.44582,34.55738,0
            135.44618,34.55789,0
            135.44629,34.558,0
            135.44656,34.5583,0
            135.4466,34.55833,0
            135.4466,34.55834,0
            135.44665,34.55839,0
            135.44678,34.55849,0
            135.44684,34.55855,0
            135.44725,34.55888,0
            135.44763,34.55916,0
            135.44771,34.55921,0
            135.44782,34.5593,0
            135.44837,34.55971,0
            135.44842,34.55976,0
            135.44858,34.55987,0
            135.44862,34.55991,0
            135.44866,34.55993,0
            135.44955,34.5606,0
            135.44964,34.56066,0
            135.44972,34.56073,0
            135.45078,34.56153,0
            135.45087,34.56159,0
            135.45187,34.56234,0
            135.45208,34.56251,0
            135.45229,34.56266,0
            135.45268,34.56297,0
            135.45313,34.56337,0
            135.45326,34.5635,0
            135.45355,34.56382,0
            135.45375,34.56408,0
            135.45395,34.56437,0
            135.45426,34.5649,0
            135.4544,34.56516,0
            135.45456,34.56543,0
            135.45494,34.56614,0
            135.45506,34.56641,0
            135.45528,34.56696,0
            135.45537,34.56722,0
            135.45545,34.56741,0
            135.45611,34.56916,0
            135.45617,34.56934,0
            135.45624,34.56951,0
            135.45626,34.56957,0
            135.45643,34.56999,0
            135.45648,34.57015,0
            135.45673,34.57081,0
            135.45675,34.57085,0
            135.45675,34.57086,0
            135.45681,34.57103,0
            135.45702,34.57154,0
            135.45702,34.57156,0
            135.45712,34.57181,0
            135.45736,34.57233,0
            135.45746,34.57251,0
            135.45788,34.57317,0
            135.45799,34.57332,0
            135.45802,34.57338,0
            135.45812,34.57354,0
            135.45817,34.57364,0
            135.4582,34.57368,0
            135.45824,34.57375,0
            135.45834,34.574,0
            135.45837,34.57406,0
            135.4585,34.57449,0
            135.45855,34.57483,0
            135.45857,34.57507,0
            135.45858,34.57564,0
            135.4586,34.57592,0
            135.45862,34.57661,0
            135.4586,34.57717,0
            135.45854,34.57767,0
            135.45839,34.57836,0
            135.45838,34.57838,0
            135.45817,34.57929,0
            135.45816,34.57935,0
            135.45812,34.57951,0
            135.45812,34.57953,0
            135.45808,34.57973,0
            135.45806,34.57988,0
            135.45804,34.57997,0
            135.45801,34.58034,0
            135.45801,34.58056,0
            135.45803,34.58086,0
            135.45805,34.58099,0
            135.45806,34.5811,0
            135.45807,34.58112,0
            135.45816,34.58152,0
            135.4582,34.58163,0
            135.45822,34.58167,0
            135.4583,34.58191,0
            135.45836,34.58202,0
            135.45841,34.58213,0
            135.45855,34.58238,0
            135.45861,34.58247,0
            135.45865,34.58255,0
            135.45892,34.5829,0
            135.45894,34.58292,0
            135.45902,34.58302,0
            135.45937,34.58341,0
            135.45956,34.58359,0
            135.45956,34.5836,0
            135.46064,34.58469,0
            135.46066,34.5847,0
            135.4607,34.58475,0
            135.46105,34.5851,0
            135.46108,34.58514,0
            135.46109,34.58514,0
            135.46112,34.58518,0
            135.46133,34.5854,0
            135.4616,34.58566,0
            135.46161,34.58568,0
            135.4624,34.58649,0
            135.46267,34.58679,0
            135.46276,34.58691,0
            135.46277,34.58691,0
            135.46297,34.58716,0
            135.46301,34.58723,0
            135.46304,34.58727,0
            135.46317,34.58749,0
            135.4633,34.58776,0
            135.46344,34.58814,0
            135.46355,34.58868,0
            135.46356,34.58881,0
            135.46353,34.58939,0
            135.46353,34.58957,0
            135.46336,34.59239,0
            135.46336,34.59252,0
            135.46334,34.59268,0
            135.46331,34.59313,0
            135.46331,34.59332,0
            135.4633,34.59338,0
            135.46328,34.59363,0
            135.46328,34.59376,0
            135.46326,34.59398,0
            135.46326,34.59413,0
            135.46325,34.59423,0
            135.46325,34.59439,0
            135.46324,34.59445,0
            135.46324,34.59459,0
            135.46322,34.59477,0
            135.46319,34.59483,0
            135.46319,34.59487,0
            135.46317,34.59496,0
            135.46312,34.59535,0
            135.46312,34.59545,0
            135.46304,34.59607,0
            135.46304,34.59614,0
            135.46301,34.59636,0
            135.46301,34.5964,0
            135.463,34.59642,0
            135.46297,34.59655,0
            135.46297,34.59658,0
            135.46296,34.5966,0
            135.46295,34.59664,0
            135.46291,34.59674,0
            135.4629,34.59678,0
            135.46281,34.59696,0
            135.4627,34.59712,0
            135.4626,34.59722,0
            135.46252,34.59731,0
            135.46249,34.59735,0
            135.46246,34.59737,0
            135.46244,34.59739,0
            135.46233,34.59745,0
            135.46219,34.59751,0
            135.46217,34.59751,0
            135.46206,34.59755,0
            135.46204,34.59755,0
            135.46196,34.59757,0
            135.46187,34.59758,0
            135.46184,34.59759,0
            135.46179,34.59759,0
            135.46175,34.5976,0
            135.46112,34.59764,0
            135.46101,34.59766,0
            135.4609,34.59769,0
            135.46068,34.59779,0
            135.46061,34.59784,0
            135.46052,34.59789,0
            135.46045,34.59795,0
            135.46041,34.598,0
            135.46037,34.59804,0
            135.4603,34.59813,0
            135.46017,34.59832,0
            135.46015,34.59834,0
            135.46015,34.59841,0
            135.46014,34.59843,0
            135.46013,34.59846,0
            135.46011,34.59849,0
            135.46006,34.59867,0
            135.46006,34.5987,0
            135.46004,34.59883,0
            135.46004,34.59907,0
            135.46005,34.59925,0
            135.4601,34.59961,0
            135.46013,34.59973,0
            135.46029,34.60026,0
            135.46048,34.6007,0
            135.4605,34.60076,0
            135.46064,34.60097,0
            135.46069,34.60102,0
            135.46081,34.60117,0
            135.46093,34.60128,0
            135.46096,34.60132,0
            135.46102,34.60136,0
            135.46108,34.60142,0
            135.4612,34.60151,0
            135.46139,34.60163,0
            135.46161,34.60175,0
            135.46185,34.60185,0
            135.46201,34.6019,0
            135.46214,34.60193,0
            135.46226,34.60195,0
            135.46229,34.60196,0
            135.46247,34.60198,0
            135.46251,34.60199,0
            135.46264,34.60199,0
            135.46269,34.602,0
            135.46286,34.602,0
            135.46291,34.60199,0
            135.46302,34.60199,0
            135.46313,34.60198,0
            135.46316,34.60197,0
            135.46322,34.60197,0
            135.46323,34.60196,0
            135.46335,34.60194,0
            135.46338,34.60194,0
            135.46359,34.6019,0
            135.46366,34.60188,0
            135.4638,34.60185,0
            135.46387,34.60184,0
            135.46537,34.60149,0
            135.46538,34.60149,0
            135.46646,34.60122,0
            135.46686,34.6011,0
            135.46727,34.601,0
            135.46767,34.60088,0
            135.46768,34.60088,0
            135.46871,34.60058,0
            135.46947,34.60034,0
            135.46952,34.60033,0
            135.46966,34.60028,0
            135.47013,34.60016,0
            135.47034,34.60009,0
            135.47073,34.59998,0
            135.47075,34.59997,0
            135.47156,34.5997,0
            135.47157,34.5997,0
            135.47197,34.59957,0
            135.47198,34.59957,0
            135.47217,34.59949,0
            135.47218,34.59949,0
            135.4735,34.59899,0
            135.47391,34.59879,0
            135.47403,34.59879,0
            135.47457,34.59859,0
            135.47466,34.59855,0
            135.47483,34.59849,0
            135.47585,34.59807,0
            135.47679,34.59772,0
            135.47716,34.59757,0
            135.47749,34.59741,0
            135.47765,34.59735,0
            135.47766,34.59734,0
            135.47811,34.59717,0
            135.47994,34.59664,0
            135.47998,34.59674,0
            135.48004,34.59685,0
            135.48058,34.59801,0
            135.48061,34.59809,0
            135.48126,34.59948,0
            135.48143,34.59988,0
            135.48194,34.60098,0
            135.4822,34.60159,0
            135.48223,34.60163,0
            135.4827,34.60271,0
            135.48297,34.60323,0
            135.48325,34.60384,0
            135.48329,34.60391,0
            135.48334,34.60404,0
            135.48348,34.60432,0
            135.48365,34.60473,0
            135.48357,34.60476,0
            135.48336,34.60481,0
            135.48332,34.60483,0
            135.48323,34.60484,0
            135.48318,34.60485,0
            135.48305,34.60486,0
            135.48307,34.60501,0
            135.48307,34.60509,0
            135.48312,34.60543,0
            135.48314,34.6057,0
            135.48315,34.60572,0
            135.48315,34.60583,0
            135.48317,34.606,0
            135.48319,34.60665,0
            135.4832,34.60671,0
            135.4832,34.60701,0
            135.48321,34.60718,0
            135.48321,34.60728,0
            135.48323,34.60742,0
            135.48323,34.60744,0
            135.4833,34.6075,0
            135.48332,34.60839,0
            135.48333,34.60847,0
            135.48336,34.61002,0
            135.48338,34.61044,0
            135.48338,34.61079,0
            135.48339,34.61082,0
            135.48339,34.611,0
            135.4834,34.61116,0
            135.48342,34.61126,0
            135.48344,34.6115,0
            135.48349,34.61176,0
            135.48349,34.6118,0
            135.48359,34.61224,0
            135.48492,34.61633,0
            135.48501,34.61658,0
            135.48531,34.61752,0
            135.48531,34.61754,0
            135.48534,34.61765,0
            135.48535,34.61766,0
            135.48549,34.61857,0
            135.48552,34.61869,0
            135.48553,34.61875,0
            135.48557,34.6189,0
            135.48574,34.61929,0
            135.48589,34.61954,0
            135.48592,34.6196,0
            135.48597,34.61966,0
            135.48628,34.62019,0
            135.48631,34.62026,0
            135.48635,34.62033,0
            135.48645,34.62055,0
            135.48659,34.62102,0
            135.48663,34.62122,0
            135.48667,34.62151,0
            135.48667,34.62157,0
            135.48673,34.62211,0
            135.48676,34.6225,0
            135.4868,34.62283,0
            135.48684,34.6234,0
            135.48684,34.62371,0
            135.48683,34.62395,0
            135.48681,34.62412,0
            135.48675,34.62449,0
            135.48675,34.62453,0
            135.48663,34.62528,0
            135.48662,34.62532,0
            135.48661,34.62546,0
            135.48658,34.62567,0
            135.48654,34.62626,0
            135.48654,34.62637,0
            135.48653,34.62646,0
            135.48653,34.62654,0
            135.48652,34.62658,0
            135.48651,34.62681,0
            135.48651,34.62704,0
            135.4865,34.62712,0
            135.4865,34.6272,0
            135.48648,34.62754,0
            135.48648,34.6277,0
            135.48634,34.63047,0
            135.48632,34.63063,0
            135.48628,34.63135,0
            135.48626,34.63153,0
            135.48623,34.63197,0
            135.48623,34.63204,0
            135.48607,34.63382,0
            135.48607,34.63391,0
            135.48581,34.63631,0
            135.4858,34.63634,0
            135.48562,34.6378,0
            135.4856,34.6381,0
            135.48558,34.63826,0
            135.48554,34.64003,0
            135.48553,34.64012,0
            135.48552,34.64041,0
            135.48551,34.64047,0
            135.48549,34.64101,0
            135.48548,34.64107,0
            135.48548,34.64114,0
            135.48547,34.64125,0
            135.48547,34.64136,0
            135.48542,34.64199,0
            135.48542,34.64219,0
            135.48544,34.64244,0
            135.48544,34.64251,0
            135.48549,34.64287,0
            135.48566,34.64367,0
            135.4857,34.64382,0
            135.48572,34.64394,0
            135.48592,34.64485,0
            135.48593,34.64492,0
            135.48601,34.64523,0
            135.48608,34.64555,0
            135.48611,34.64565,0
            135.48611,34.64569,0
            135.48612,34.6457,0
            135.48615,34.64588,0
            135.48622,34.64617,0
            135.48627,34.64666,0
            135.48627,34.64679,0
            135.48625,34.64699,0
            135.4862,34.64724,0
            135.48609,34.64759,0
            135.48605,34.64769,0
            135.48604,34.6477,0
            135.48592,34.64801,0
            135.48587,34.64811,0
            135.4856,34.64879,0
            135.48556,34.64891,0
            135.48554,34.649,0
            135.48551,34.6491,0
            135.48547,34.64939,0
            135.48547,34.64948,0
            135.48546,34.64957,0
            135.48546,34.64968,0
            135.48548,34.64997,0
            135.48553,34.65034,0
            135.48556,34.65047,0
            135.48556,34.65051,0
            135.48558,34.6506,0
            135.48561,34.65087,0
            135.48562,34.65092,0
            135.48562,34.65097,0
            135.48564,34.65117,0
            135.48564,34.65143,0
            135.48563,34.65149,0
            135.48563,34.65157,0
            135.48562,34.65165,0
            135.48562,34.65175,0
            135.48559,34.65206,0
            135.48559,34.65211,0
            135.48557,34.65237,0
            135.48554,34.65255,0
            135.4855,34.65306,0
            135.48549,34.65307,0
            135.48544,34.65379,0
            135.48537,34.65452,0
            135.48537,34.65463,0
            135.48528,34.65564,0
            135.48528,34.65574,0
            135.48526,34.65587,0
            135.48526,34.65616,0
            135.48527,34.65639,0
            135.48528,34.65648,0
            135.48534,34.65674,0
            135.48539,34.65689,0
            135.48544,34.65701,0
            135.48548,34.65709,0
            135.4855,34.65711,0
            135.48551,34.65714,0
            135.48553,34.65718,0
            135.48574,34.65752,0
            135.48591,34.65775,0
            135.48593,34.65777,0
            135.48596,34.65782,0
            135.48597,34.65783,0
            135.48607,34.65797,0
            135.48608,34.65798,0
            135.48623,34.65821,0
            135.48634,34.65842,0
            135.48644,34.65868,0
            135.48646,34.65876,0
            135.48648,34.6588,0
            135.48649,34.65887,0
            135.48656,34.6592,0
            135.48657,34.65929,0
            135.48657,34.65938,0
            135.48662,34.65983,0
            135.48662,34.6599,0
            135.48664,34.66013,0
            135.48666,34.66026,0
            135.48669,34.66064,0
            135.48672,34.66085,0
            135.48672,34.66092,0
            135.48674,34.66108,0
            135.48674,34.66117,0
            135.48676,34.66132,0
            135.48677,34.66153,0
            135.48679,34.66163,0
            135.48679,34.66174,0
            135.48682,34.66215,0
            135.48682,34.66249,0
            135.48683,34.66268,0
            135.48683,34.6638,0
            135.48682,34.66389,0
            135.48681,34.66445,0
            135.48678,34.66482,0
            135.48678,34.6649,0
            135.48677,34.66505,0
            135.48676,34.66511,0
            135.48676,34.66521,0
            135.48674,34.6654,0
            135.48673,34.66559,0
            135.48672,34.66561,0
            135.48671,34.66581,0
            135.4867,34.66585,0
            135.4867,34.6659,0
            135.48667,34.66613,0
            135.48667,34.66617,0
            135.48666,34.66621,0
            135.48663,34.66653,0
            135.4866,34.66671,0
            135.48656,34.66707,0
            135.48653,34.66725,0
            135.48651,34.66748,0
            135.4865,34.6675,0
            135.48649,34.66762,0
            135.48648,34.66767,0
            135.48648,34.66788,0
            135.4865,34.66799,0
            135.48651,34.66801,0
            135.48652,34.66806,0
            135.48658,34.66819,0
            135.48661,34.66824,0
            135.48666,34.6683,0
            135.48679,34.66843,0
            135.48692,34.66852,0
            135.48701,34.66857,0
            135.48715,34.66862,0
            135.48734,34.66866,0
            135.48739,34.66866,0
            135.48744,34.66867,0
            135.48771,34.66866,0
            135.48786,34.66864,0
            135.48791,34.66864,0
            135.48834,34.66858,0
            135.48843,34.66856,0
            135.48853,34.66855,0
            135.48856,34.66855,0
            135.48899,34.6685,0
            135.48911,34.66848,0
            135.48999,34.6684,0
            135.49002,34.66839,0
            135.49036,34.66837,0
            135.49064,34.66834,0
            135.49086,34.66833,0
            135.49194,34.66823,0
            135.49198,34.66823,0
            135.49438,34.66796,0
            135.4944,34.668,0
            135.49441,34.66801,0
            135.49442,34.66801,0
            135.49443,34.66802,0
            135.49447,34.66802,0
            135.49477,34.66798,0
            135.49483,34.66798,0
            135.49489,34.66797,0
            135.49507,34.66796,0
            135.4953,34.66796,0
            135.49535,34.66795,0
            135.49538,34.66795,0
            135.49545,34.66796,0
            135.49559,34.66797,0
            135.49573,34.66799,0
            135.49591,34.66803,0
            135.49603,34.66808,0
            135.49606,34.6681,0
            135.4961,34.66812,0
            135.49616,34.66816,0
            135.49622,34.66824,0
            135.49625,34.66827,0
            135.49625,34.66829,0
            135.49627,34.66834,0
            135.49627,34.6684,0
            135.49626,34.66843,0
            135.49626,34.66845,0
            135.49625,34.66847,0
            135.49624,34.6685,0
            135.49622,34.66852,0
            135.4962,34.66855,0
            135.4961,34.66862,0
            135.496,34.66865,0
            135.49594,34.66866,0
            135.49535,34.66872,0
            135.49526,34.66872,0
            135.4952,34.66873,0
            135.49517,34.66873,0
            135.49515,34.66872,0
            135.49511,34.66872,0
            135.49498,34.66868,0
            135.49496,34.66866,0
            135.49489,34.66861,0
            135.49486,34.66858,0
            135.49485,34.66856,0
            135.49483,34.66854,0
            135.49481,34.6685,0
            135.49477,34.66834,0
            135.49476,34.66826,0
            135.49472,34.66808,0
            135.49469,34.66801,0
            135.49505,34.66795,0
            135.49522,34.66793,0
            135.49635,34.66771,0
            135.49705,34.66755,0
            135.49671,34.66832,0
            135.49666,34.66841,0
            135.49661,34.66856,0
            135.49659,34.66868,0
            135.49657,34.66873,0
            135.4965,34.66901,0
            135.49643,34.66944,0
            135.49695,34.66938,0
            135.49698,34.66938,0
            135.49759,34.66932,0
            135.49783,34.66932,0
            135.49801,34.66931,0
            135.49932,34.66937,0
            135.49938,34.66938,0
            135.50034,34.66941,0
            135.50034,34.66871,0
            135.49969,34.6687,0
          </coordinates>
        </LineString>
      </Placemark>
      <Placemark>
        <name>关西国际机场</name>
        <styleUrl>#icon-1899-DB4436-nodesc</styleUrl>
        <Point>
          <coordinates>
            135.2365705,34.4325116,0
          </coordinates>
        </Point>
      </Placemark>
      <Placemark>
        <name>Acro Capsule Hotel Namba Dotonbori</name>
        <styleUrl>#icon-1899-DB4436-nodesc</styleUrl>
        <Point>
          <coordinates>
            135.4996874,34.6687003,0
          </coordinates>
        </Point>
      </Placemark>
    </Folder>
    <Folder>
      <name>从Acro Capsule Hotel Namba Dotonbori难波道顿堀 Acro 胶囊酒店到Don Quijote Dotonbori Midosuji的路线</name>
      <Placemark>
        <name>从Acro Capsule Hotel Namba Dotonbori难波道顿堀 Acro 胶囊酒店到Don Quijote Dotonbori Midosuji的路线</name>
        <styleUrl>#line-1267FF-5000-nodesc</styleUrl>
        <LineString>
          <tessellate>1</tessellate>
          <coordinates>
            135.49969,34.6687,0
            135.49938,34.66869,0
            135.49938,34.66887,0
            135.49938,34.6689,0
            135.49938,34.66895,0
            135.49938,34.66902,0
            135.49938,34.66909,0
            135.49938,34.66919,0
            135.49938,34.66938,0
            135.49989,34.6694,0
          </coordinates>
        </LineString>
      </Placemark>
      <Placemark>
        <name>Acro Capsule Hotel Namba Dotonbori难波道顿堀 Acro 胶囊酒店</name>
        <styleUrl>#icon-1899-DB4436-nodesc</styleUrl>
        <Point>
          <coordinates>
            135.4996874,34.6687003,0
          </coordinates>
        </Point>
      </Placemark>
      <Placemark>
        <name>Don Quijote Dotonbori Midosuji</name>
        <styleUrl>#icon-1899-DB4436-nodesc</styleUrl>
        <Point>
          <coordinates>
            135.4998949,34.6693977,0
          </coordinates>
        </Point>
      </Placemark>
    </Folder>
    <Folder>
      <name>从Acro Capsule Hotel Namba Dotonbori到大阪城公园的路线</name>
      <Placemark>
        <name>从Acro Capsule Hotel Namba Dotonbori到大阪城公园的路线</name>
        <styleUrl>#line-1267FF-5000-nodesc</styleUrl>
        <LineString>
          <tessellate>1</tessellate>
          <coordinates>
            135.49969,34.6687,0
            135.49938,34.66869,0
            135.49938,34.66887,0
            135.49938,34.6689,0
            135.49938,34.66895,0
            135.49938,34.66902,0
            135.49938,34.66909,0
            135.49938,34.66919,0
            135.49938,34.66938,0
            135.49938,34.66978,0
            135.49939,34.66992,0
            135.49939,34.67032,0
            135.49939,34.67036,0
            135.49932,34.67035,0
            135.49888,34.67035,0
            135.49869,34.67034,0
            135.49852,34.67034,0
            135.49824,34.67034,0
            135.49806,34.67034,0
            135.49758,34.67034,0
            135.49729,34.67036,0
            135.49726,34.67036,0
            135.49724,34.67036,0
            135.49719,34.67035,0
            135.49695,34.6703,0
            135.4969,34.6703,0
            135.49699,34.67091,0
            135.49702,34.67107,0
            135.49702,34.67112,0
            135.49706,34.67145,0
            135.49709,34.67173,0
            135.49713,34.67209,0
            135.49718,34.67247,0
            135.4972,34.67271,0
            135.49727,34.67341,0
            135.49726,34.67347,0
            135.49727,34.6735,0
            135.49735,34.6735,0
            135.49736,34.67362,0
            135.49737,34.67373,0
            135.4974,34.67401,0
            135.49741,34.67412,0
            135.49742,34.67422,0
            135.49744,34.67447,0
            135.49746,34.67457,0
            135.49747,34.67472,0
            135.49748,34.67482,0
            135.49748,34.67485,0
            135.49749,34.67493,0
            135.4975,34.67501,0
            135.49751,34.67513,0
            135.49751,34.67514,0
            135.49751,34.67521,0
            135.49752,34.67528,0
            135.49752,34.67535,0
            135.49753,34.6754,0
            135.49754,34.67544,0
            135.49754,34.67548,0
            135.49756,34.67556,0
            135.49757,34.67559,0
            135.49759,34.67561,0
            135.49761,34.67562,0
            135.49764,34.67563,0
            135.49767,34.67564,0
            135.49769,34.67582,0
            135.49772,34.67601,0
            135.49772,34.6761,0
            135.49772,34.67619,0
            135.49774,34.67663,0
            135.49776,34.67707,0
            135.49777,34.6773,0
            135.49778,34.67752,0
            135.49779,34.67768,0
            135.4978,34.67782,0
            135.49781,34.67809,0
            135.49783,34.67835,0
            135.49784,34.67866,0
            135.49786,34.67897,0
            135.49786,34.67907,0
            135.49787,34.67917,0
            135.49788,34.67929,0
            135.49788,34.67939,0
            135.49789,34.67945,0
            135.49789,34.67952,0
            135.49793,34.67952,0
            135.49796,34.67953,0
            135.49797,34.67953,0
            135.49798,34.67954,0
            135.498,34.67956,0
            135.49801,34.67958,0
            135.49801,34.67961,0
            135.49804,34.6798,0
            135.49805,34.67996,0
            135.49806,34.68008,0
            135.49806,34.68026,0
            135.49808,34.68057,0
            135.49808,34.68069,0
            135.49808,34.68081,0
            135.4981,34.68102,0
            135.49812,34.68117,0
            135.49813,34.68123,0
            135.49814,34.6813,0
            135.49815,34.68135,0
            135.49817,34.68139,0
            135.49818,34.68143,0
            135.49822,34.68152,0
            135.49826,34.68157,0
            135.49829,34.68162,0
            135.49832,34.68166,0
            135.49839,34.68171,0
            135.49843,34.68175,0
            135.49846,34.68177,0
            135.4985,34.6818,0
            135.49853,34.68182,0
            135.49855,34.68183,0
            135.49858,34.68185,0
            135.4986,34.68186,0
            135.49863,34.68187,0
            135.49865,34.68188,0
            135.4987,34.6819,0
            135.49876,34.68191,0
            135.49877,34.68192,0
            135.49888,34.68194,0
            135.49897,34.68195,0
            135.49903,34.68196,0
            135.49914,34.68197,0
            135.49918,34.68197,0
            135.49931,34.68197,0
            135.49943,34.68197,0
            135.49944,34.68197,0
            135.49965,34.68197,0
            135.49966,34.68197,0
            135.49984,34.68197,0
            135.50007,34.68196,0
            135.50019,34.68196,0
            135.50029,34.68196,0
            135.50033,34.68196,0
            135.50041,34.68195,0
            135.50045,34.68195,0
            135.50047,34.68196,0
            135.50053,34.68199,0
            135.50063,34.68198,0
            135.50077,34.68197,0
            135.50098,34.68197,0
            135.50122,34.68197,0
            135.50147,34.68196,0
            135.50154,34.68196,0
            135.5016,34.68196,0
            135.50203,34.68195,0
            135.50246,34.68195,0
            135.50252,34.68195,0
            135.50258,34.68195,0
            135.50322,34.68194,0
            135.50349,34.68194,0
            135.50354,34.68194,0
            135.50358,34.68194,0
            135.5038,34.68194,0
            135.50397,34.68193,0
            135.50419,34.68193,0
            135.50445,34.68193,0
            135.50449,34.68193,0
            135.50454,34.68193,0
            135.50476,34.68193,0
            135.50496,34.68193,0
            135.50498,34.68193,0
            135.50511,34.68192,0
            135.50517,34.68192,0
            135.50519,34.68192,0
            135.50543,34.68192,0
            135.50548,34.68192,0
            135.50552,34.68192,0
            135.50574,34.68192,0
            135.50635,34.68191,0
            135.50646,34.68191,0
            135.50656,34.68191,0
            135.50697,34.68191,0
            135.50742,34.68191,0
            135.50747,34.68191,0
            135.50752,34.68191,0
            135.50781,34.68192,0
            135.50811,34.68192,0
            135.50819,34.68195,0
            135.5082,34.68195,0
            135.50821,34.68195,0
            135.50838,34.68196,0
            135.50844,34.68196,0
            135.50848,34.68196,0
            135.50859,34.68197,0
            135.50871,34.68197,0
            135.50885,34.68198,0
            135.50886,34.68198,0
            135.509,34.68199,0
            135.50912,34.68199,0
            135.5092,34.68199,0
            135.5093,34.68199,0
            135.50939,34.68198,0
            135.50953,34.68198,0
            135.50963,34.68197,0
            135.50968,34.68196,0
            135.50974,34.68195,0
            135.50976,34.68195,0
            135.50979,34.68195,0
            135.51004,34.68191,0
            135.51032,34.68186,0
            135.51045,34.68184,0
            135.51058,34.68182,0
            135.51063,34.68182,0
            135.51081,34.6818,0
            135.51109,34.68178,0
            135.51139,34.68176,0
            135.51156,34.68175,0
            135.5116,34.68175,0
            135.51164,34.68175,0
            135.51172,34.68174,0
            135.51181,34.68174,0
            135.51188,34.68174,0
            135.51192,34.68174,0
            135.51198,34.68173,0
            135.51204,34.68173,0
            135.51207,34.68173,0
            135.51213,34.68172,0
            135.51233,34.68172,0
            135.51274,34.6817,0
            135.51279,34.68169,0
            135.51285,34.68169,0
            135.51307,34.68168,0
            135.51329,34.68167,0
            135.51342,34.68166,0
            135.51355,34.68166,0
            135.51373,34.68165,0
            135.51385,34.68164,0
            135.51399,34.68164,0
            135.5142,34.68162,0
            135.5144,34.68161,0
            135.51446,34.68161,0
            135.5145,34.68161,0
            135.51499,34.68159,0
            135.51502,34.68159,0
            135.51536,34.68157,0
            135.51558,34.68156,0
            135.5156,34.68155,0
            135.51569,34.68155,0
            135.51582,34.68154,0
            135.5161,34.68152,0
            135.51618,34.68156,0
            135.5162,34.68157,0
            135.51621,34.68157,0
            135.51639,34.68157,0
            135.5166,34.68156,0
            135.51671,34.68156,0
            135.51712,34.68154,0
            135.51714,34.68153,0
            135.51716,34.68153,0
            135.51727,34.68153,0
            135.51739,34.68152,0
            135.51756,34.68151,0
            135.51761,34.68151,0
            135.51783,34.6815,0
            135.51797,34.68149,0
            135.51827,34.68147,0
            135.51829,34.68147,0
            135.51831,34.68147,0
            135.51896,34.68141,0
            135.51907,34.68141,0
            135.51909,34.68141,0
            135.51911,34.68141,0
            135.5192,34.68145,0
            135.51945,34.68142,0
            135.51971,34.6814,0
            135.51988,34.68138,0
            135.51994,34.68138,0
            135.51998,34.68138,0
            135.52004,34.68138,0
            135.52006,34.68138,0
            135.52011,34.68137,0
            135.52031,34.68137,0
            135.52045,34.68137,0
            135.5206,34.68136,0
            135.52127,34.68135,0
            135.52127,34.68145,0
            135.52128,34.68159,0
            135.52129,34.68168,0
            135.5213,34.68178,0
            135.52131,34.68188,0
            135.52131,34.68191,0
            135.52131,34.68192,0
            135.52132,34.682,0
            135.52133,34.6821,0
            135.52135,34.68235,0
            135.52137,34.6825,0
            135.52138,34.6826,0
            135.52144,34.68297,0
            135.5215,34.68318,0
            135.52164,34.68317,0
            135.52165,34.68317,0
            135.5217,34.68316,0
            135.52174,34.68316,0
            135.52177,34.68315,0
            135.52182,34.68313,0
            135.52198,34.68305,0
            135.52201,34.68302,0
            135.52213,34.68296,0
            135.52236,34.68283,0
            135.5224,34.68281,0
            135.52281,34.68258,0
            135.5229,34.68252,0
            135.52305,34.68242,0
            135.52314,34.68238,0
            135.52318,34.68236,0
            135.52321,34.68235,0
            135.52328,34.68233,0
            135.52336,34.68231,0
            135.52347,34.68229,0
            135.52367,34.68227,0
            135.52385,34.68225,0
            135.52429,34.68221,0
            135.52516,34.68213,0
            135.52521,34.68213,0
            135.52574,34.68208,0
            135.52601,34.68206,0
            135.5265,34.68202,0
            135.52652,34.68202,0
            135.52668,34.68201,0
            135.5267,34.68201,0
            135.527,34.68198,0
            135.52721,34.68197,0
            135.5274,34.68195,0
            135.52752,34.68193,0
            135.52771,34.68191,0
            135.52785,34.68189,0
            135.52807,34.68185,0
            135.52809,34.68193,0
            135.5281,34.68194,0
            135.52811,34.68195,0
            135.52811,34.68196,0
            135.52812,34.68196,0
            135.52813,34.68197,0
            135.52814,34.68197,0
            135.52816,34.68197,0
            135.52818,34.68197,0
            135.52821,34.68197,0
            135.52842,34.68196,0
            135.52847,34.68196,0
            135.52851,34.68196,0
            135.52852,34.68196,0
            135.52855,34.68196,0
            135.52858,34.68197,0
            135.52861,34.68198,0
            135.52871,34.68203,0
            135.52877,34.68205,0
            135.529,34.68214,0
            135.52905,34.68217,0
            135.5291,34.68219,0
            135.52911,34.68239,0
            135.52911,34.68243,0
            135.52913,34.68264,0
            135.52854,34.68266,0
            135.52816,34.68267,0
            135.52773,34.68269,0
            135.52764,34.68269,0
            135.5276,34.68268,0
            135.52756,34.68267,0
            135.52752,34.68265,0
            135.52748,34.68263,0
            135.52742,34.68258,0
            135.52738,34.68254,0
            135.52733,34.68243,0
            135.52721,34.68245,0
            135.52716,34.68253,0
            135.52713,34.68257,0
            135.52707,34.68261,0
            135.52702,34.68265,0
            135.527,34.68266,0
            135.52699,34.68266,0
            135.52698,34.68267,0
            135.52691,34.68267,0
            135.52686,34.68267,0
            135.52657,34.68269,0
            135.52653,34.68269,0
            135.52635,34.6827,0
          </coordinates>
        </LineString>
      </Placemark>
      <Placemark>
        <name>Acro Capsule Hotel Namba Dotonbori</name>
        <styleUrl>#icon-1899-DB4436-nodesc</styleUrl>
        <Point>
          <coordinates>
            135.4996874,34.6687003,0
          </coordinates>
        </Point>
      </Placemark>
      <Placemark>
        <name>大阪城公园</name>
        <styleUrl>#icon-1899-DB4436-nodesc</styleUrl>
        <Point>
          <coordinates>
            135.5263538,34.6826969,0
          </coordinates>
        </Point>
      </Placemark>
    </Folder>
    <Folder>
      <name>从Acro Capsule Hotel Namba Dotonbori到京都河原町的路线</name>
      <Placemark>
        <name>从Acro Capsule Hotel Namba Dotonbori到京都河原町的路线</name>
        <styleUrl>#line-1267FF-5000-nodesc</styleUrl>
        <LineString>
          <tessellate>1</tessellate>
          <coordinates>
            135.49969,34.6687,0
            135.49938,34.66869,0
            135.49938,34.66978,0
            135.49939,34.66992,0
            135.49939,34.67036,0
            135.49932,34.67035,0
            135.49888,34.67035,0
            135.49869,34.67034,0
            135.49758,34.67034,0
            135.49729,34.67036,0
            135.49724,34.67036,0
            135.49695,34.6703,0
            135.4969,34.6703,0
            135.49699,34.67091,0
            135.49702,34.67107,0
            135.49702,34.67112,0
            135.49718,34.67247,0
            135.49727,34.67341,0
            135.49726,34.67347,0
            135.49727,34.6735,0
            135.49735,34.6735,0
            135.49744,34.67447,0
            135.49746,34.67457,0
            135.49748,34.67482,0
            135.49748,34.67485,0
            135.49751,34.67513,0
            135.49751,34.67521,0
            135.49752,34.67528,0
            135.49752,34.67535,0
            135.49754,34.67544,0
            135.49754,34.67548,0
            135.49757,34.67559,0
            135.49759,34.67561,0
            135.49761,34.67562,0
            135.49767,34.67564,0
            135.49769,34.67582,0
            135.49772,34.67601,0
            135.49772,34.67619,0
            135.49781,34.67809,0
            135.49783,34.67835,0
            135.49784,34.67866,0
            135.49786,34.67897,0
            135.49786,34.67907,0
            135.49788,34.67929,0
            135.49788,34.67939,0
            135.49789,34.67945,0
            135.49789,34.67952,0
            135.49793,34.67952,0
            135.49796,34.67953,0
            135.49797,34.67953,0
            135.498,34.67956,0
            135.49801,34.67958,0
            135.49801,34.67961,0
            135.49804,34.6798,0
            135.49806,34.68008,0
            135.49806,34.68026,0
            135.49808,34.68057,0
            135.49808,34.68081,0
            135.4981,34.68102,0
            135.49815,34.68135,0
            135.49817,34.68139,0
            135.49818,34.68143,0
            135.49822,34.68152,0
            135.49826,34.68157,0
            135.49829,34.68162,0
            135.49832,34.68166,0
            135.49839,34.68171,0
            135.49843,34.68175,0
            135.49853,34.68182,0
            135.49855,34.68183,0
            135.49858,34.68185,0
            135.4987,34.6819,0
            135.49876,34.68191,0
            135.49877,34.68192,0
            135.49888,34.68194,0
            135.49914,34.68197,0
            135.49984,34.68197,0
            135.50007,34.68196,0
            135.50033,34.68196,0
            135.50041,34.68195,0
            135.50045,34.68195,0
            135.50053,34.68199,0
            135.50077,34.68197,0
            135.50122,34.68197,0
            135.50147,34.68196,0
            135.5038,34.68194,0
            135.50397,34.68193,0
            135.50498,34.68193,0
            135.50511,34.68192,0
            135.50752,34.68191,0
            135.50781,34.68192,0
            135.50811,34.68192,0
            135.50819,34.68195,0
            135.50838,34.68196,0
            135.50848,34.68196,0
            135.50859,34.68197,0
            135.50871,34.68197,0
            135.509,34.68199,0
            135.5093,34.68199,0
            135.50939,34.68198,0
            135.50953,34.68198,0
            135.50963,34.68197,0
            135.50974,34.68195,0
            135.50979,34.68195,0
            135.51058,34.68182,0
            135.51063,34.68182,0
            135.51081,34.6818,0
            135.51156,34.68175,0
            135.51164,34.68175,0
            135.51172,34.68174,0
            135.51192,34.68174,0
            135.51198,34.68173,0
            135.51207,34.68173,0
            135.51213,34.68172,0
            135.51233,34.68172,0
            135.51274,34.6817,0
            135.51279,34.68169,0
            135.51342,34.68166,0
            135.51355,34.68166,0
            135.51385,34.68164,0
            135.51399,34.68164,0
            135.5142,34.68162,0
            135.5144,34.68161,0
            135.5145,34.68161,0
            135.51558,34.68156,0
            135.5156,34.68155,0
            135.51569,34.68155,0
            135.5161,34.68152,0
            135.51681,34.68149,0
            135.51755,34.68144,0
            135.51842,34.6814,0
            135.51848,34.68139,0
            135.51861,34.68139,0
            135.5187,34.68138,0
            135.51884,34.68138,0
            135.51892,34.68137,0
            135.51907,34.68136,0
            135.51917,34.68136,0
            135.52018,34.6813,0
            135.52033,34.6813,0
            135.52047,34.68129,0
            135.5212,34.68129,0
            135.522,34.68132,0
            135.5223,34.68132,0
            135.52314,34.68135,0
            135.52321,34.68136,0
            135.52343,34.68136,0
            135.52442,34.68139,0
            135.52472,34.68141,0
            135.52702,34.68148,0
            135.52709,34.68149,0
            135.52725,34.6815,0
            135.52752,34.6815,0
            135.52762,34.68151,0
            135.52797,34.68151,0
            135.52817,34.68152,0
            135.52983,34.68152,0
            135.52992,34.68153,0
            135.53134,34.68152,0
            135.53151,34.68151,0
            135.5321,34.68151,0
            135.53221,34.6815,0
            135.53398,34.68149,0
            135.53424,34.68148,0
            135.53449,34.68148,0
            135.53475,34.68147,0
            135.53493,34.68147,0
            135.53504,34.68146,0
            135.53514,34.68147,0
            135.53592,34.68145,0
            135.53655,34.68145,0
            135.53659,34.68144,0
            135.53698,34.68144,0
            135.53721,34.68143,0
            135.53898,34.68141,0
            135.53987,34.68137,0
            135.53991,34.68136,0
            135.53997,34.68136,0
            135.54068,34.68127,0
            135.5409,34.68125,0
            135.54268,34.68102,0
            135.54269,34.68101,0
            135.54276,34.68101,0
            135.54457,34.68078,0
            135.54474,34.68075,0
            135.54504,34.68071,0
            135.54517,34.6807,0
            135.54815,34.68032,0
            135.54839,34.68028,0
            135.5486,34.68026,0
            135.54871,34.68024,0
            135.54933,34.68016,0
            135.54955,34.68014,0
            135.55055,34.68001,0
            135.55066,34.67999,0
            135.5511,34.67994,0
            135.5512,34.67992,0
            135.55174,34.67986,0
            135.55213,34.6798,0
            135.5526,34.67975,0
            135.55279,34.67972,0
            135.5529,34.67971,0
            135.5531,34.67968,0
            135.55338,34.67965,0
            135.55343,34.67964,0
            135.55346,34.67963,0
            135.55424,34.67954,0
            135.55451,34.6795,0
            135.55455,34.6795,0
            135.55458,34.67949,0
            135.55483,34.67946,0
            135.55488,34.67945,0
            135.55492,34.67945,0
            135.55536,34.67939,0
            135.55557,34.67937,0
            135.55824,34.67902,0
            135.5591,34.67893,0
            135.5591,34.67892,0
            135.56124,34.67868,0
            135.56126,34.67868,0
            135.56282,34.6785,0
            135.5629,34.6785,0
            135.56328,34.67847,0
            135.5634,34.67847,0
            135.56368,34.67845,0
            135.56382,34.67845,0
            135.56396,34.67844,0
            135.56475,34.67843,0
            135.56481,34.67842,0
            135.56689,34.67839,0
            135.56701,34.67838,0
            135.56773,34.67837,0
            135.56821,34.67835,0
            135.56844,34.67835,0
            135.56859,34.67834,0
            135.56875,34.67834,0
            135.56896,34.67833,0
            135.56921,34.67833,0
            135.56973,34.67831,0
            135.5699,34.67831,0
            135.57001,34.6783,0
            135.57028,34.6783,0
            135.57044,34.67831,0
            135.57079,34.67831,0
            135.57135,34.67835,0
            135.57152,34.67837,0
            135.57155,34.67837,0
            135.57158,34.67838,0
            135.5722,34.67846,0
            135.57418,34.67881,0
            135.57425,34.67883,0
            135.57436,34.67884,0
            135.57445,34.67886,0
            135.57513,34.67896,0
            135.5759,34.67903,0
            135.57615,34.67904,0
            135.57722,34.67904,0
            135.57812,34.67901,0
            135.57853,34.67901,0
            135.57866,34.679,0
            135.57897,34.679,0
            135.57916,34.67899,0
            135.57937,34.67899,0
            135.57949,34.67898,0
            135.58112,34.67895,0
            135.58117,34.67894,0
            135.58154,34.67894,0
            135.58166,34.67893,0
            135.58205,34.67893,0
            135.58271,34.67891,0
            135.58295,34.67891,0
            135.58347,34.67889,0
            135.5842,34.67888,0
            135.58434,34.67887,0
            135.5847,34.67887,0
            135.58493,34.67886,0
            135.58529,34.67886,0
            135.58791,34.6788,0
            135.58952,34.67879,0
            135.58966,34.67878,0
            135.59113,34.67878,0
            135.59128,34.67882,0
            135.59135,34.67882,0
            135.59145,34.67883,0
            135.59179,34.67883,0
            135.59205,34.67884,0
            135.59379,34.6788,0
            135.5939,34.67883,0
            135.59403,34.67883,0
            135.59433,34.67888,0
            135.59455,34.67893,0
            135.59481,34.67902,0
            135.59491,34.67906,0
            135.59492,34.67907,0
            135.59503,34.67912,0
            135.59504,34.67913,0
            135.59509,34.67916,0
            135.59513,34.67919,0
            135.59524,34.67925,0
            135.59535,34.67933,0
            135.59542,34.67939,0
            135.59545,34.67942,0
            135.59547,34.67943,0
            135.5955,34.67947,0
            135.59554,34.67951,0
            135.59559,34.67957,0
            135.59564,34.67962,0
            135.59572,34.67972,0
            135.59577,34.67981,0
            135.5958,34.67988,0
            135.59583,34.67993,0
            135.59586,34.68001,0
            135.59587,34.68006,0
            135.59589,34.68009,0
            135.59595,34.68026,0
            135.59595,34.68027,0
            135.59599,34.68044,0
            135.596,34.68052,0
            135.59601,34.68057,0
            135.59601,34.6807,0
            135.596,34.68076,0
            135.59599,34.68087,0
            135.59599,34.68095,0
            135.59597,34.68104,0
            135.59596,34.68112,0
            135.59575,34.68181,0
            135.59572,34.68188,0
            135.59563,34.68222,0
            135.59563,34.68228,0
            135.59567,34.68238,0
            135.59562,34.68257,0
            135.59556,34.68274,0
            135.59547,34.68307,0
            135.59537,34.68354,0
            135.59529,34.68385,0
            135.59528,34.68387,0
            135.59526,34.68395,0
            135.59507,34.68458,0
            135.59501,34.68485,0
            135.59501,34.68487,0
            135.59504,34.68494,0
            135.59498,34.68517,0
            135.59489,34.68546,0
            135.59488,34.68547,0
            135.59487,34.68554,0
            135.59445,34.68694,0
            135.59437,34.68724,0
            135.5938,34.68916,0
            135.59377,34.68923,0
            135.59229,34.69424,0
            135.59218,34.69465,0
            135.59207,34.69515,0
            135.59204,34.69532,0
            135.59197,34.69602,0
            135.59196,34.69627,0
            135.59197,34.6982,0
            135.59198,34.69854,0
            135.59198,34.69941,0
            135.59199,34.69952,0
            135.59202,34.70444,0
            135.59204,34.70516,0
            135.59204,34.70608,0
            135.59205,34.70641,0
            135.59205,34.7073,0
            135.59206,34.70748,0
            135.59206,34.70776,0
            135.59207,34.70785,0
            135.59207,34.70868,0
            135.59206,34.70884,0
            135.59206,34.7092,0
            135.59203,34.70984,0
            135.59195,34.71042,0
            135.5919,34.71067,0
            135.59189,34.71069,0
            135.59189,34.71072,0
            135.5918,34.71105,0
            135.59174,34.71121,0
            135.59167,34.7113,0
            135.59161,34.71145,0
            135.59135,34.71197,0
            135.59126,34.71211,0
            135.59125,34.71214,0
            135.59123,34.71216,0
            135.59107,34.7124,0
            135.59095,34.71256,0
            135.59094,34.71259,0
            135.59076,34.71283,0
            135.59069,34.71291,0
            135.59064,34.71299,0
            135.59043,34.71326,0
            135.5904,34.71329,0
            135.59033,34.71339,0
            135.59014,34.71361,0
            135.59007,34.71371,0
            135.59002,34.71375,0
            135.58977,34.71401,0
            135.58974,34.71403,0
            135.58972,34.71405,0
            135.58953,34.71418,0
            135.58945,34.71422,0
            135.58942,34.71424,0
            135.58939,34.71425,0
            135.58911,34.71438,0
            135.58898,34.71443,0
            135.58893,34.71446,0
            135.58877,34.71454,0
            135.58861,34.71463,0
            135.58847,34.71474,0
            135.58841,34.7148,0
            135.58837,34.71483,0
            135.5883,34.71493,0
            135.58827,34.71496,0
            135.58824,34.71501,0
            135.58821,34.71505,0
            135.58815,34.71517,0
            135.58814,34.7152,0
            135.5881,34.71528,0
            135.58809,34.71532,0
            135.58807,34.71537,0
            135.58806,34.71543,0
            135.58806,34.71549,0
            135.58805,34.71554,0
            135.58805,34.71558,0
            135.58806,34.71563,0
            135.58806,34.71564,0
            135.58808,34.71573,0
            135.58812,34.71584,0
            135.58815,34.71588,0
            135.58817,34.71592,0
            135.5882,34.71596,0
            135.58823,34.71599,0
            135.58828,34.71606,0
            135.58838,34.71616,0
            135.58847,34.71623,0
            135.58851,34.71625,0
            135.58855,34.71628,0
            135.58856,34.71628,0
            135.58861,34.71631,0
            135.5887,34.71635,0
            135.58878,34.71637,0
            135.58882,34.71639,0
            135.58892,34.71641,0
            135.58894,34.71641,0
            135.58903,34.71643,0
            135.58912,34.71644,0
            135.58964,34.71644,0
            135.58973,34.71643,0
            135.59015,34.71643,0
            135.59034,34.71645,0
            135.5906,34.7165,0
            135.59067,34.71652,0
            135.59077,34.71654,0
            135.5909,34.7166,0
            135.59116,34.71675,0
            135.59122,34.71677,0
            135.59123,34.71678,0
            135.59139,34.71686,0
            135.59146,34.71689,0
            135.59309,34.7177,0
            135.59318,34.71775,0
            135.59323,34.71777,0
            135.59325,34.71779,0
            135.59331,34.71781,0
            135.59343,34.71787,0
            135.59355,34.71792,0
            135.59386,34.71808,0
            135.59497,34.71859,0
            135.59514,34.71868,0
            135.59573,34.71894,0
            135.5967,34.71946,0
            135.59688,34.71957,0
            135.59696,34.71961,0
            135.59715,34.71974,0
            135.59725,34.71979,0
            135.59761,34.72004,0
            135.59767,34.72009,0
            135.59774,34.72013,0
            135.5979,34.72025,0
            135.59792,34.72027,0
            135.59808,34.7204,0
            135.59811,34.72043,0
            135.5982,34.7205,0
            135.59831,34.7206,0
            135.59839,34.7207,0
            135.59907,34.72141,0
            135.59943,34.72182,0
            135.59951,34.72192,0
            135.59961,34.72206,0
            135.59965,34.72213,0
            135.60043,34.72332,0
            135.60052,34.72344,0
            135.6007,34.72373,0
            135.60082,34.72388,0
            135.60087,34.72393,0
            135.60112,34.72429,0
            135.60116,34.72434,0
            135.60153,34.72492,0
            135.60161,34.72506,0
            135.60202,34.7257,0
            135.60205,34.72574,0
            135.6027,34.72672,0
            135.60278,34.72688,0
            135.6028,34.7269,0
            135.60288,34.727,0
            135.6036,34.72802,0
            135.60376,34.72823,0
            135.6038,34.72829,0
            135.60384,34.72834,0
            135.60387,34.72839,0
            135.60399,34.72855,0
            135.6042,34.72881,0
            135.60432,34.72897,0
            135.60457,34.72927,0
            135.60521,34.73,0
            135.60526,34.73005,0
            135.60578,34.73063,0
            135.60584,34.73068,0
            135.60696,34.7319,0
            135.60707,34.732,0
            135.60713,34.73207,0
            135.60814,34.73314,0
            135.60823,34.73325,0
            135.60831,34.73333,0
            135.6084,34.73341,0
            135.60854,34.73357,0
            135.60935,34.73442,0
            135.6094,34.73448,0
            135.61092,34.73606,0
            135.61107,34.7362,0
            135.61129,34.73643,0
            135.61167,34.73679,0
            135.6117,34.73683,0
            135.61178,34.7369,0
            135.61185,34.73697,0
            135.61244,34.7375,0
            135.6126,34.73766,0
            135.6128,34.73783,0
            135.6136,34.73855,0
            135.61372,34.73865,0
            135.61469,34.73953,0
            135.61471,34.73954,0
            135.61593,34.74062,0
            135.61599,34.74068,0
            135.61644,34.74108,0
            135.6165,34.74114,0
            135.61662,34.74123,0
            135.61668,34.74129,0
            135.61705,34.7416,0
            135.61706,34.74162,0
            135.61709,34.74164,0
            135.61739,34.74189,0
            135.61768,34.74211,0
            135.61776,34.74218,0
            135.61799,34.74235,0
            135.61802,34.74238,0
            135.61865,34.74282,0
            135.61881,34.74294,0
            135.61906,34.74311,0
            135.61948,34.74337,0
            135.61956,34.74344,0
            135.61999,34.7437,0
            135.62044,34.74395,0
            135.62047,34.74397,0
            135.62118,34.74435,0
            135.62148,34.7445,0
            135.62154,34.74452,0
            135.62161,34.74456,0
            135.62198,34.74474,0
            135.62284,34.74513,0
            135.62306,34.74524,0
            135.62378,34.74557,0
            135.62384,34.74559,0
            135.624,34.74567,0
            135.62403,34.74568,0
            135.62417,34.74575,0
            135.62461,34.74595,0
            135.62464,34.74597,0
            135.62472,34.746,0
            135.62498,34.74613,0
            135.62517,34.74621,0
            135.6252,34.74623,0
            135.62607,34.74664,0
            135.62627,34.74675,0
            135.62661,34.74692,0
            135.6268,34.74703,0
            135.62692,34.74709,0
            135.6275,34.74743,0
            135.62763,34.7475,0
            135.62857,34.74808,0
            135.62892,34.74831,0
            135.62984,34.74886,0
            135.63087,34.74951,0
            135.63093,34.74954,0
            135.63105,34.74962,0
            135.63159,34.74995,0
            135.632,34.75022,0
            135.63206,34.75025,0
            135.63218,34.75032,0
            135.63224,34.75036,0
            135.6323,34.75042,0
            135.63263,34.75062,0
            135.63264,34.75064,0
            135.6327,34.75067,0
            135.63274,34.7507,0
            135.63278,34.75072,0
            135.63281,34.75074,0
            135.63282,34.75075,0
            135.63284,34.75076,0
            135.63287,34.75077,0
            135.6329,34.7508,0
            135.63294,34.75082,0
            135.63295,34.75083,0
            135.63331,34.75105,0
            135.63335,34.75108,0
            135.63339,34.7511,0
            135.63357,34.75122,0
            135.63376,34.75133,0
            135.63383,34.75138,0
            135.6348,34.75198,0
            135.63493,34.75207,0
            135.6357,34.75255,0
            135.63576,34.75258,0
            135.63582,34.75262,0
            135.63727,34.75347,0
            135.63754,34.75361,0
            135.63755,34.75361,0
            135.63827,34.75399,0
            135.63828,34.754,0
            135.63986,34.75477,0
            135.64005,34.75487,0
            135.64289,34.75623,0
            135.64438,34.75697,0
            135.64493,34.75727,0
            135.6451,34.75737,0
            135.64511,34.75738,0
            135.64528,34.75749,0
            135.64606,34.75803,0
            135.64611,34.75807,0
            135.64638,34.75832,0
            135.64645,34.75837,0
            135.64669,34.75859,0
            135.6467,34.75861,0
            135.64704,34.75894,0
            135.64738,34.7593,0
            135.64741,34.75932,0
            135.64998,34.76232,0
            135.65024,34.76261,0
            135.65043,34.76284,0
            135.65049,34.7629,0
            135.65099,34.76349,0
            135.65099,34.7635,0
            135.65121,34.76375,0
            135.65124,34.76379,0
            135.65214,34.7648,0
            135.65225,34.76491,0
            135.65236,34.76504,0
            135.65293,34.76562,0
            135.65352,34.76618,0
            135.6538,34.76643,0
            135.65391,34.76652,0
            135.65405,34.76665,0
            135.65433,34.76689,0
            135.65447,34.767,0
            135.65454,34.76707,0
            135.65524,34.76766,0
            135.65535,34.76776,0
            135.65561,34.76797,0
            135.65576,34.76811,0
            135.657,34.76915,0
            135.65709,34.76924,0
            135.65731,34.76942,0
            135.65743,34.76953,0
            135.65759,34.76965,0
            135.6578,34.76985,0
            135.65905,34.7709,0
            135.65919,34.77101,0
            135.65924,34.77106,0
            135.65945,34.77123,0
            135.65968,34.77144,0
            135.66064,34.77224,0
            135.6608,34.7724,0
            135.66094,34.77251,0
            135.66228,34.77365,0
            135.66233,34.7737,0
            135.6625,34.77384,0
            135.66269,34.77398,0
            135.66313,34.77436,0
            135.66354,34.77469,0
            135.66379,34.77492,0
            135.66437,34.77541,0
            135.66445,34.77547,0
            135.66457,34.77557,0
            135.66467,34.77567,0
            135.66481,34.77577,0
            135.66635,34.77708,0
            135.66639,34.77712,0
            135.66752,34.77804,0
            135.66808,34.77846,0
            135.66886,34.779,0
            135.66998,34.77968,0
            135.67063,34.78004,0
            135.6709,34.78018,0
            135.67095,34.7802,0
            135.67099,34.78023,0
            135.67125,34.78036,0
            135.67242,34.7809,0
            135.67249,34.78092,0
            135.67277,34.78104,0
            135.67303,34.78114,0
            135.67308,34.78117,0
            135.67357,34.78135,0
            135.67361,34.78136,0
            135.67365,34.78138,0
            135.67378,34.78142,0
            135.6742,34.78157,0
            135.67428,34.78159,0
            135.67445,34.78165,0
            135.67462,34.7817,0
            135.67469,34.78173,0
            135.67558,34.782,0
            135.67609,34.78217,0
            135.67852,34.78292,0
            135.67862,34.78296,0
            135.68088,34.78365,0
            135.68111,34.78373,0
            135.68159,34.78387,0
            135.68189,34.78397,0
            135.68207,34.78402,0
            135.68274,34.78423,0
            135.68279,34.78424,0
            135.68391,34.78459,0
            135.68408,34.78465,0
            135.68469,34.78483,0
            135.68565,34.78514,0
            135.68572,34.78517,0
            135.68582,34.7852,0
            135.68621,34.78535,0
            135.68622,34.78535,0
            135.68648,34.78545,0
            135.68707,34.78571,0
            135.68729,34.78582,0
            135.68736,34.78585,0
            135.68764,34.78599,0
            135.68799,34.78619,0
            135.68804,34.78621,0
            135.68853,34.78652,0
            135.68901,34.78685,0
            135.68902,34.78685,0
            135.68978,34.78742,0
            135.69038,34.7879,0
            135.69056,34.78803,0
            135.69073,34.78817,0
            135.69165,34.78888,0
            135.69166,34.78889,0
            135.69326,34.79014,0
            135.69334,34.79021,0
            135.69343,34.79027,0
            135.6939,34.79065,0
            135.69399,34.79071,0
            135.69405,34.79077,0
            135.69411,34.79082,0
            135.69414,34.79084,0
            135.6946,34.79121,0
            135.69473,34.7913,0
            135.69485,34.7914,0
            135.69512,34.7916,0
            135.696,34.7923,0
            135.6963,34.79252,0
            135.69642,34.79262,0
            135.69668,34.79282,0
            135.69676,34.79289,0
            135.6968,34.79291,0
            135.69689,34.79299,0
            135.6973,34.79331,0
            135.69739,34.79337,0
            135.69766,34.79359,0
            135.69823,34.79403,0
            135.69836,34.79414,0
            135.6985,34.79424,0
            135.69995,34.79538,0
            135.70004,34.79546,0
            135.70041,34.79575,0
            135.7005,34.79583,0
            135.70118,34.79637,0
            135.70206,34.7971,0
            135.70217,34.7972,0
            135.70218,34.7972,0
            135.7032,34.7982,0
            135.7037,34.79875,0
            135.70441,34.79961,0
            135.70448,34.79968,0
            135.70453,34.79975,0
            135.70472,34.79998,0
            135.70478,34.80004,0
            135.70483,34.80011,0
            135.70521,34.80056,0
            135.70536,34.80075,0
            135.70544,34.80084,0
            135.70668,34.80235,0
            135.70674,34.80244,0
            135.70733,34.80314,0
            135.70743,34.80327,0
            135.7075,34.80335,0
            135.70754,34.80341,0
            135.70758,34.80344,0
            135.70762,34.8035,0
            135.70798,34.80393,0
            135.70799,34.80395,0
            135.70817,34.80417,0
            135.70819,34.8042,0
            135.70824,34.80425,0
            135.70956,34.80586,0
            135.70973,34.80608,0
            135.71203,34.80887,0
            135.71217,34.80903,0
            135.71226,34.80915,0
            135.71312,34.81021,0
            135.71324,34.81034,0
            135.71325,34.81036,0
            135.7136,34.81079,0
            135.71374,34.81095,0
            135.71419,34.81151,0
            135.71426,34.81159,0
            135.71529,34.81287,0
            135.71565,34.81328,0
            135.71574,34.8134,0
            135.71585,34.81353,0
            135.71588,34.81356,0
            135.71629,34.81407,0
            135.71631,34.8141,0
            135.71638,34.81417,0
            135.71644,34.81424,0
            135.71646,34.81427,0
            135.71684,34.81474,0
            135.71704,34.81497,0
            135.71712,34.81508,0
            135.71721,34.81518,0
            135.71741,34.81544,0
            135.71744,34.81547,0
            135.71756,34.81561,0
            135.71767,34.81576,0
            135.72071,34.81951,0
            135.72106,34.81997,0
            135.72154,34.8207,0
            135.72164,34.82088,0
            135.72166,34.8209,0
            135.72173,34.82102,0
            135.72179,34.82111,0
            135.72215,34.82175,0
            135.72229,34.82204,0
            135.72237,34.82219,0
            135.72255,34.82259,0
            135.72272,34.8231,0
            135.7228,34.8233,0
            135.72302,34.82402,0
            135.72315,34.82439,0
            135.72333,34.82535,0
            135.72336,34.82561,0
            135.72337,34.82563,0
            135.72342,34.82603,0
            135.72342,34.82627,0
            135.72344,34.82639,0
            135.72348,34.82717,0
            135.72347,34.82733,0
            135.72348,34.82799,0
            135.72347,34.82838,0
            135.72348,34.8302,0
            135.72349,34.83033,0
            135.72344,34.83171,0
            135.72344,34.8343,0
            135.72343,34.83448,0
            135.72343,34.83471,0
            135.72346,34.83522,0
            135.72346,34.83598,0
            135.72347,34.83628,0
            135.72347,34.83833,0
            135.72346,34.83858,0
            135.72346,34.83971,0
            135.72345,34.83992,0
            135.7234,34.84032,0
            135.72341,34.84044,0
            135.72341,34.8407,0
            135.72343,34.84109,0
            135.72343,34.84118,0
            135.72345,34.84132,0
            135.72349,34.84179,0
            135.72353,34.84188,0
            135.72366,34.84228,0
            135.72379,34.8428,0
            135.72388,34.84308,0
            135.72394,34.84323,0
            135.724,34.84341,0
            135.72405,34.84354,0
            135.7241,34.84364,0
            135.72414,34.84375,0
            135.72443,34.84434,0
            135.72449,34.84443,0
            135.72454,34.84454,0
            135.72468,34.84478,0
            135.72493,34.84516,0
            135.72508,34.84535,0
            135.72526,34.8456,0
            135.72527,34.8456,0
            135.72551,34.8459,0
            135.72558,34.84597,0
            135.72571,34.84612,0
            135.72591,34.84632,0
            135.72597,34.84639,0
            135.72608,34.84649,0
            135.72637,34.84678,0
            135.72678,34.84715,0
            135.72685,34.84722,0
            135.72695,34.8473,0
            135.72716,34.84749,0
            135.72718,34.8475,0
            135.72845,34.84858,0
            135.72877,34.84884,0
            135.72915,34.84917,0
            135.72924,34.84924,0
            135.7293,34.8493,0
            135.72939,34.84937,0
            135.73015,34.85002,0
            135.73035,34.85018,0
            135.73042,34.85025,0
            135.73117,34.85088,0
            135.73122,34.85093,0
            135.73168,34.85132,0
            135.73177,34.85139,0
            135.73229,34.85183,0
            135.73272,34.85223,0
            135.73281,34.85233,0
            135.73299,34.85251,0
            135.73318,34.85274,0
            135.73322,34.85278,0
            135.73347,34.85313,0
            135.73366,34.85344,0
            135.73366,34.85345,0
            135.73389,34.8539,0
            135.73391,34.85396,0
            135.73394,34.85402,0
            135.73399,34.85415,0
            135.7341,34.85449,0
            135.73414,34.85465,0
            135.73416,34.85471,0
            135.73417,34.85479,0
            135.73419,34.85487,0
            135.73423,34.85514,0
            135.73423,34.85515,0
            135.73425,34.85524,0
            135.73426,34.85531,0
            135.73426,34.85536,0
            135.7343,34.85571,0
            135.7343,34.85577,0
            135.73431,34.85589,0
            135.73431,34.85596,0
            135.73434,34.85625,0
            135.73434,34.85631,0
            135.73436,34.85663,0
            135.73438,34.85675,0
            135.7344,34.857,0
            135.7344,34.85704,0
            135.73444,34.85749,0
            135.73444,34.85763,0
            135.73445,34.8577,0
            135.73461,34.85976,0
            135.73463,34.86013,0
            135.73467,34.8605,0
            135.73467,34.86058,0
            135.73468,34.86065,0
            135.7347,34.86094,0
            135.73476,34.86145,0
            135.73481,34.86171,0
            135.73493,34.86217,0
            135.73504,34.86248,0
            135.73507,34.86255,0
            135.73509,34.86261,0
            135.73523,34.8629,0
            135.73528,34.86298,0
            135.7353,34.86303,0
            135.73539,34.8632,0
            135.73546,34.8633,0
            135.7355,34.86337,0
            135.73565,34.86359,0
            135.73585,34.86384,0
            135.73626,34.86431,0
            135.73672,34.86478,0
            135.73681,34.86486,0
            135.73702,34.86509,0
            135.73721,34.86527,0
            135.73721,34.86528,0
            135.7379,34.86598,0
            135.73805,34.86612,0
            135.73805,34.86613,0
            135.73867,34.86675,0
            135.73883,34.86692,0
            135.73888,34.86698,0
            135.73914,34.86723,0
            135.73924,34.86734,0
            135.74132,34.86941,0
            135.74141,34.86949,0
            135.74148,34.86957,0
            135.74493,34.87306,0
            135.74519,34.87331,0
            135.74537,34.87351,0
            135.74545,34.87358,0
            135.7456,34.87375,0
            135.74685,34.87502,0
            135.74688,34.87504,0
            135.74743,34.87561,0
            135.74767,34.87588,0
            135.7478,34.87604,0
            135.74806,34.87639,0
            135.74814,34.87653,0
            135.74823,34.87667,0
            135.74832,34.87685,0
            135.7484,34.87699,0
            135.74854,34.87731,0
            135.74871,34.87784,0
            135.74875,34.87801,0
            135.74884,34.8785,0
            135.74884,34.87854,0
            135.74886,34.87875,0
            135.74888,34.87911,0
            135.74888,34.87937,0
            135.74889,34.87947,0
            135.74889,34.87976,0
            135.7489,34.87994,0
            135.7489,34.88015,0
            135.74891,34.88036,0
            135.74891,34.88063,0
            135.74892,34.88076,0
            135.74892,34.88098,0
            135.74893,34.8812,0
            135.74893,34.88153,0
            135.74894,34.88159,0
            135.74894,34.88198,0
            135.74895,34.88213,0
            135.74895,34.8825,0
            135.74898,34.88342,0
            135.74898,34.88372,0
            135.749,34.88422,0
            135.749,34.88449,0
            135.74903,34.8852,0
            135.74904,34.88531,0
            135.74904,34.88559,0
            135.74905,34.88571,0
            135.74905,34.8859,0
            135.74906,34.88602,0
            135.74905,34.88609,0
            135.74906,34.88625,0
            135.74906,34.88644,0
            135.74907,34.88659,0
            135.74907,34.88681,0
            135.74908,34.88692,0
            135.74908,34.88725,0
            135.74909,34.8873,0
            135.74909,34.88766,0
            135.7491,34.88776,0
            135.7491,34.88809,0
            135.74911,34.88827,0
            135.74911,34.88874,0
            135.74912,34.88881,0
            135.74912,34.88915,0
            135.74914,34.88969,0
            135.74914,34.89095,0
            135.74915,34.89106,0
            135.74915,34.89127,0
            135.74916,34.89149,0
            135.74916,34.89171,0
            135.74917,34.8918,0
            135.74917,34.89213,0
            135.74919,34.89273,0
            135.74921,34.893,0
            135.74921,34.89326,0
            135.74922,34.89352,0
            135.74922,34.89374,0
            135.74923,34.89377,0
            135.74923,34.89407,0
            135.74924,34.89424,0
            135.74924,34.89442,0
            135.74925,34.89464,0
            135.74927,34.89586,0
            135.74928,34.89598,0
            135.74928,34.89628,0
            135.74929,34.89641,0
            135.74929,34.89675,0
            135.7493,34.89682,0
            135.7493,34.89721,0
            135.74931,34.89739,0
            135.74931,34.89765,0
            135.74936,34.89906,0
            135.74937,34.8997,0
            135.74939,34.9002,0
            135.74939,34.90067,0
            135.7494,34.90077,0
            135.7494,34.90131,0
            135.74941,34.90142,0
            135.74941,34.90162,0
            135.74942,34.90181,0
            135.74942,34.90218,0
            135.74943,34.90232,0
            135.74943,34.90295,0
            135.74944,34.90314,0
            135.74944,34.9034,0
            135.74945,34.90368,0
            135.74945,34.90393,0
            135.74946,34.90409,0
            135.74947,34.90483,0
            135.74948,34.90499,0
            135.74949,34.90601,0
            135.7495,34.90614,0
            135.7495,34.90639,0
            135.74951,34.90649,0
            135.74955,34.90835,0
            135.74954,34.90863,0
            135.74954,34.90891,0
            135.74953,34.90904,0
            135.74953,34.90931,0
            135.74956,34.90982,0
            135.74956,34.90997,0
            135.74957,34.91018,0
            135.74962,34.9107,0
            135.74963,34.9114,0
            135.74964,34.91146,0
            135.74964,34.91197,0
            135.74966,34.91243,0
            135.74967,34.91332,0
            135.74969,34.91368,0
            135.74968,34.91404,0
            135.74969,34.91414,0
            135.74969,34.91459,0
            135.74973,34.91634,0
            135.74974,34.91648,0
            135.74974,34.91682,0
            135.74975,34.91688,0
            135.74975,34.91721,0
            135.74976,34.91745,0
            135.74976,34.91778,0
            135.74977,34.91796,0
            135.74977,34.91817,0
            135.7498,34.91885,0
            135.7498,34.919,0
            135.74993,34.92116,0
            135.74995,34.92134,0
            135.74996,34.92153,0
            135.75009,34.92288,0
            135.75011,34.92299,0
            135.75017,34.92353,0
            135.75018,34.9237,0
            135.75038,34.92534,0
            135.75048,34.92634,0
            135.75049,34.9264,0
            135.75054,34.92701,0
            135.75055,34.92706,0
            135.75056,34.92724,0
            135.75059,34.92756,0
            135.75059,34.9276,0
            135.7506,34.92762,0
            135.75061,34.92777,0
            135.75072,34.92877,0
            135.7509,34.92988,0
            135.75094,34.93027,0
            135.75095,34.93031,0
            135.75097,34.93054,0
            135.751,34.93077,0
            135.75101,34.93098,0
            135.75102,34.93106,0
            135.75102,34.93115,0
            135.75103,34.93133,0
            135.75105,34.9315,0
            135.75105,34.93167,0
            135.75106,34.93185,0
            135.75106,34.93221,0
            135.75108,34.93255,0
            135.75108,34.93278,0
            135.75109,34.93291,0
            135.75109,34.93313,0
            135.7511,34.93334,0
            135.7511,34.93345,0
            135.75111,34.93351,0
            135.75111,34.93376,0
            135.75112,34.93387,0
            135.75112,34.93396,0
            135.75113,34.93409,0
            135.75114,34.93473,0
            135.75116,34.9351,0
            135.75117,34.93578,0
            135.75118,34.93584,0
            135.75118,34.93611,0
            135.7512,34.93654,0
            135.7512,34.93678,0
            135.75121,34.93685,0
            135.75121,34.93694,0
            135.75122,34.93703,0
            135.75122,34.93721,0
            135.7512,34.93736,0
            135.75123,34.93776,0
            135.75123,34.9379,0
            135.7513,34.9387,0
            135.7513,34.93876,0
            135.75131,34.93885,0
            135.75131,34.93906,0
            135.75135,34.93968,0
            135.75135,34.93973,0
            135.75136,34.93976,0
            135.75136,34.93977,0
            135.75135,34.9398,0
            135.75135,34.93984,0
            135.75136,34.93986,0
            135.75136,34.94001,0
            135.75137,34.94004,0
            135.75138,34.94031,0
            135.75139,34.94041,0
            135.75139,34.94054,0
            135.75143,34.94113,0
            135.75143,34.94121,0
            135.75148,34.94199,0
            135.75148,34.94207,0
            135.7515,34.94232,0
            135.75153,34.94292,0
            135.75155,34.94314,0
            135.75156,34.94344,0
            135.75157,34.94346,0
            135.75158,34.94388,0
            135.75159,34.94394,0
            135.7516,34.94421,0
            135.75162,34.94449,0
            135.75162,34.9446,0
            135.75164,34.94496,0
            135.75165,34.94502,0
            135.75165,34.94512,0
            135.75166,34.9452,0
            135.7517,34.94578,0
            135.7517,34.94586,0
            135.75171,34.94595,0
            135.75171,34.94612,0
            135.75175,34.94664,0
            135.75175,34.94683,0
            135.75178,34.9472,0
            135.75178,34.94738,0
            135.7518,34.94766,0
            135.75181,34.94796,0
            135.75189,34.9493,0
            135.75189,34.94935,0
            135.7519,34.94947,0
            135.7519,34.94969,0
            135.75193,34.95009,0
            135.75193,34.95022,0
            135.75195,34.95042,0
            135.75195,34.95046,0
            135.75196,34.95054,0
            135.75197,34.95072,0
            135.75197,34.9509,0
            135.75198,34.95096,0
            135.752,34.95137,0
            135.752,34.95161,0
            135.75202,34.95212,0
            135.75202,34.95225,0
            135.75203,34.95244,0
            135.75203,34.95297,0
            135.75204,34.95315,0
            135.75206,34.9544,0
            135.75207,34.95458,0
            135.75208,34.9552,0
            135.7521,34.95556,0
            135.7521,34.95592,0
            135.75211,34.95604,0
            135.75211,34.9566,0
            135.75212,34.95678,0
            135.75212,34.95695,0
            135.75213,34.95715,0
            135.75214,34.9572,0
            135.75214,34.95726,0
            135.7522,34.95833,0
            135.75222,34.95846,0
            135.75222,34.95856,0
            135.75223,34.95859,0
            135.75223,34.95873,0
            135.75225,34.95896,0
            135.75228,34.95917,0
            135.75239,34.96044,0
            135.75239,34.96047,0
            135.75245,34.96102,0
            135.75246,34.96105,0
            135.75246,34.96115,0
            135.75249,34.96136,0
            135.75251,34.96161,0
            135.75256,34.96196,0
            135.75258,34.96218,0
            135.75274,34.96341,0
            135.75274,34.96344,0
            135.75276,34.96359,0
            135.75277,34.96363,0
            135.75278,34.96379,0
            135.75281,34.96402,0
            135.75282,34.96415,0
            135.75282,34.96421,0
            135.75284,34.96432,0
            135.75284,34.96441,0
            135.75285,34.96444,0
            135.75285,34.96447,0
            135.75286,34.96455,0
            135.75286,34.96462,0
            135.75289,34.96491,0
            135.75289,34.96496,0
            135.7529,34.96509,0
            135.75297,34.96568,0
            135.75299,34.96573,0
            135.753,34.96579,0
            135.75306,34.96596,0
            135.75309,34.96602,0
            135.7532,34.96618,0
            135.75324,34.96623,0
            135.75327,34.96628,0
            135.75331,34.96633,0
            135.75335,34.96637,0
            135.75343,34.96647,0
            135.75348,34.96651,0
            135.75352,34.96656,0
            135.75356,34.9666,0
            135.75357,34.96662,0
            135.75361,34.96665,0
            135.75365,34.9667,0
            135.75369,34.96674,0
            135.75371,34.96675,0
            135.75383,34.96687,0
            135.75398,34.96699,0
            135.75401,34.96702,0
            135.7541,34.96708,0
            135.75416,34.96713,0
            135.75439,34.96725,0
            135.75445,34.96727,0
            135.75448,34.96729,0
            135.75476,34.96739,0
            135.75486,34.96742,0
            135.75498,34.96744,0
            135.75502,34.96745,0
            135.75516,34.96747,0
            135.75526,34.96749,0
            135.75539,34.96749,0
            135.75542,34.9675,0
            135.75552,34.96749,0
            135.75569,34.96749,0
            135.75583,34.96748,0
            135.75592,34.96748,0
            135.75601,34.96747,0
            135.75606,34.96747,0
            135.75739,34.96735,0
            135.75788,34.96735,0
            135.75835,34.96742,0
            135.75864,34.96752,0
            135.75865,34.96753,0
            135.75877,34.96758,0
            135.75882,34.96761,0
            135.75883,34.96761,0
            135.75897,34.96769,0
            135.75915,34.96781,0
            135.7592,34.96785,0
            135.75925,34.9679,0
            135.75932,34.96796,0
            135.75946,34.9681,0
            135.75947,34.96812,0
            135.75951,34.96816,0
            135.76003,34.96875,0
            135.76003,34.96876,0
            135.76025,34.96903,0
            135.76027,34.96905,0
            135.76029,34.96908,0
            135.76052,34.96936,0
            135.76054,34.96939,0
            135.7607,34.96959,0
            135.76072,34.96962,0
            135.76073,34.96962,0
            135.76074,34.96964,0
            135.76084,34.96978,0
            135.76102,34.97,0
            135.76113,34.97016,0
            135.76117,34.97021,0
            135.76122,34.97026,0
            135.76123,34.97028,0
            135.76124,34.97029,0
            135.76129,34.97036,0
            135.7613,34.97038,0
            135.76131,34.97039,0
            135.7614,34.97053,0
            135.76151,34.97068,0
            135.76157,34.97075,0
            135.76162,34.97082,0
            135.76163,34.97083,0
            135.76175,34.97098,0
            135.76175,34.97104,0
            135.76177,34.97108,0
            135.76225,34.97186,0
            135.76227,34.97187,0
            135.76228,34.97189,0
            135.76229,34.9719,0
            135.7623,34.97192,0
            135.76232,34.97193,0
            135.76233,34.97194,0
            135.7624,34.97204,0
            135.76246,34.9721,0
            135.76251,34.97216,0
            135.76256,34.9722,0
            135.76284,34.97247,0
            135.76287,34.97251,0
            135.7629,34.97254,0
            135.76293,34.97259,0
            135.76294,34.97262,0
            135.76295,34.97262,0
            135.76297,34.97269,0
            135.76297,34.97271,0
            135.76298,34.97273,0
            135.76298,34.97279,0
            135.76297,34.97284,0
            135.76296,34.97287,0
            135.76294,34.97291,0
            135.76292,34.97294,0
            135.76284,34.97302,0
            135.76278,34.97305,0
            135.76277,34.97306,0
            135.76268,34.97309,0
            135.7626,34.97311,0
            135.7625,34.97311,0
            135.76245,34.9731,0
            135.76242,34.97309,0
            135.7624,34.97309,0
            135.76233,34.97306,0
            135.76231,34.97304,0
            135.76228,34.97303,0
            135.76225,34.97301,0
            135.76219,34.97295,0
            135.76215,34.97289,0
            135.76213,34.97285,0
            135.76213,34.97284,0
            135.76211,34.97278,0
            135.76209,34.97268,0
            135.76209,34.97257,0
            135.76212,34.97242,0
            135.76214,34.97239,0
            135.76215,34.97236,0
            135.76217,34.97232,0
            135.76219,34.97229,0
            135.76222,34.97226,0
            135.76224,34.97223,0
            135.76227,34.9722,0
            135.76229,34.97219,0
            135.76235,34.97215,0
            135.76238,34.97214,0
            135.7624,34.97213,0
            135.76243,34.97212,0
            135.76246,34.97212,0
            135.76246,34.97211,0
            135.7625,34.97211,0
            135.76255,34.9721,0
            135.76261,34.9721,0
            135.76264,34.97211,0
            135.76267,34.97211,0
            135.76271,34.97212,0
            135.76276,34.97214,0
            135.76282,34.97217,0
            135.76288,34.97221,0
            135.76294,34.97226,0
            135.76295,34.97226,0
            135.76304,34.9723,0
            135.76309,34.97237,0
            135.76315,34.97244,0
            135.76321,34.97252,0
            135.76332,34.97269,0
            135.76334,34.97273,0
            135.76342,34.97286,0
            135.76359,34.97319,0
            135.76362,34.97328,0
            135.76372,34.97346,0
            135.76375,34.97383,0
            135.76376,34.97389,0
            135.76384,34.97515,0
            135.76385,34.97519,0
            135.76386,34.97551,0
            135.7639,34.97607,0
            135.7639,34.97613,0
            135.76395,34.97694,0
            135.76395,34.97705,0
            135.76406,34.97884,0
            135.76406,34.97904,0
            135.76407,34.9791,0
            135.7641,34.97951,0
            135.7641,34.97958,0
            135.76411,34.97967,0
            135.76412,34.97992,0
            135.76412,34.98014,0
            135.76413,34.98023,0
            135.76413,34.98031,0
            135.76418,34.98134,0
            135.76419,34.98143,0
            135.76423,34.98232,0
            135.76423,34.98252,0
            135.76424,34.98257,0
            135.76424,34.98274,0
            135.76427,34.98326,0
            135.76427,34.98338,0
            135.76428,34.98349,0
            135.76429,34.98393,0
            135.76431,34.98425,0
            135.76425,34.98442,0
            135.76427,34.98459,0
            135.76427,34.98472,0
            135.76426,34.98477,0
            135.76426,34.98492,0
            135.76423,34.98544,0
            135.76423,34.98562,0
            135.76422,34.98567,0
            135.76422,34.98591,0
            135.76421,34.98599,0
            135.76421,34.98627,0
            135.7642,34.98647,0
            135.7642,34.98658,0
            135.76419,34.98666,0
            135.7642,34.98674,0
            135.76419,34.98688,0
            135.76419,34.98711,0
            135.76418,34.98713,0
            135.76418,34.98715,0
            135.76415,34.98724,0
            135.76421,34.98729,0
            135.7642,34.98737,0
            135.7642,34.98799,0
            135.76421,34.98815,0
            135.76421,34.9884,0
            135.76422,34.98863,0
            135.76421,34.98988,0
            135.76422,34.99039,0
            135.76421,34.99199,0
            135.7642,34.99207,0
            135.76421,34.9922,0
            135.76423,34.99229,0
            135.76433,34.99256,0
            135.76503,34.99396,0
            135.76508,34.99404,0
            135.76516,34.99419,0
            135.76538,34.99456,0
            135.76545,34.99466,0
            135.76553,34.9948,0
            135.76565,34.99496,0
            135.76621,34.99578,0
            135.76643,34.99619,0
            135.76645,34.99621,0
            135.76676,34.99689,0
            135.76679,34.99698,0
            135.76687,34.99716,0
            135.76699,34.99747,0
            135.76703,34.99756,0
            135.76711,34.99777,0
            135.76725,34.99808,0
            135.76741,34.99848,0
            135.76767,34.99908,0
            135.768,34.99975,0
            135.76806,34.99989,0
            135.76817,35.00012,0
            135.76821,35.00019,0
            135.76896,35.0017,0
            135.76907,35.00189,0
            135.76919,35.00215,0
            135.76923,35.00222,0
            135.76933,35.00247,0
            135.76933,35.00258,0
            135.76934,35.00262,0
            135.76934,35.00265,0
            135.76933,35.00275,0
            135.76933,35.00326,0
            135.76932,35.00341,0
            135.76932,35.00355,0
            135.76931,35.00358,0
            135.76931,35.00377,0
            135.76875,35.00377,0
          </coordinates>
        </LineString>
      </Placemark>
      <Placemark>
        <name>Acro Capsule Hotel Namba Dotonbori</name>
        <styleUrl>#icon-1899-DB4436-nodesc</styleUrl>
        <Point>
          <coordinates>
            135.4996874,34.6687003,0
          </coordinates>
        </Point>
      </Placemark>
      <Placemark>
        <name>京都河原町</name>
        <styleUrl>#icon-1899-DB4436-nodesc</styleUrl>
        <Point>
          <coordinates>
            135.7687483,35.0037659,0
          </coordinates>
        </Point>
      </Placemark>
    </Folder>
    <Folder>
      <name>从日本京都府京都市下京区 Otabichō, 京都河原町駅到日本环球影城的路线</name>
      <Placemark>
        <name>从日本京都府京都市下京区 Otabichō, 京都河原町駅到日本环球影城的路线</name>
        <styleUrl>#line-1267FF-5000-nodesc</styleUrl>
        <LineString>
          <tessellate>1</tessellate>
          <coordinates>
            135.76875,35.00377,0
            135.76976,35.00378,0
            135.76995,35.00379,0
            135.7702,35.00379,0
            135.77036,35.0038,0
            135.77061,35.0038,0
            135.771,35.00382,0
            135.77129,35.00382,0
            135.77153,35.00383,0
            135.77207,35.00383,0
            135.77204,35.00361,0
            135.77202,35.00354,0
            135.77202,35.00353,0
            135.77201,35.00348,0
            135.77195,35.00329,0
            135.77195,35.00328,0
            135.77187,35.00304,0
            135.77184,35.00299,0
            135.77171,35.00266,0
            135.77168,35.00261,0
            135.77159,35.00241,0
            135.77159,35.0024,0
            135.77119,35.00163,0
            135.77113,35.00154,0
            135.77096,35.00124,0
            135.77054,35.00041,0
            135.77052,35.00038,0
            135.77011,34.99954,0
            135.7701,34.9995,0
            135.76994,34.99916,0
            135.76988,34.99905,0
            135.76983,34.99893,0
            135.76982,34.99889,0
            135.7698,34.99887,0
            135.76977,34.99878,0
            135.76977,34.99877,0
            135.76976,34.99874,0
            135.76968,34.99858,0
            135.76964,34.99847,0
            135.76924,34.99754,0
            135.76915,34.99731,0
            135.76894,34.99683,0
            135.76884,34.99663,0
            135.76846,34.99569,0
            135.76842,34.99553,0
            135.76834,34.99529,0
            135.76813,34.99454,0
            135.76813,34.99453,0
            135.7681,34.99441,0
            135.76799,34.99363,0
            135.76795,34.99327,0
            135.76789,34.99289,0
            135.76788,34.99278,0
            135.76777,34.99202,0
            135.76777,34.99195,0
            135.76775,34.99175,0
            135.76774,34.99151,0
            135.76773,34.99142,0
            135.76774,34.99107,0
            135.76779,34.99058,0
            135.76779,34.9905,0
            135.7678,34.99043,0
            135.7678,34.9903,0
            135.76788,34.98946,0
            135.76788,34.98942,0
            135.76799,34.9893,0
            135.768,34.98918,0
            135.76801,34.98916,0
            135.76806,34.9888,0
            135.76808,34.98853,0
            135.76808,34.98846,0
            135.76816,34.98774,0
            135.76816,34.98759,0
            135.76815,34.98749,0
            135.76815,34.98723,0
            135.76814,34.98705,0
            135.76814,34.98695,0
            135.76812,34.98686,0
            135.76811,34.98684,0
            135.7681,34.98679,0
            135.7681,34.98678,0
            135.76809,34.98675,0
            135.76815,34.98641,0
            135.76816,34.98638,0
            135.76823,34.98588,0
            135.76827,34.98566,0
            135.76827,34.98565,0
            135.7683,34.98547,0
            135.76831,34.98543,0
            135.76833,34.98529,0
            135.76849,34.98441,0
            135.76862,34.98319,0
            135.76862,34.98299,0
            135.76861,34.98292,0
            135.76856,34.98275,0
            135.76846,34.98235,0
            135.76848,34.98229,0
            135.76847,34.98217,0
            135.76847,34.98206,0
            135.76845,34.98187,0
            135.7684,34.98168,0
            135.76838,34.98164,0
            135.7683,34.98141,0
            135.76824,34.98121,0
            135.76818,34.98096,0
            135.76818,34.9809,0
            135.76815,34.98073,0
            135.76815,34.98041,0
            135.76816,34.98036,0
            135.76817,34.98034,0
            135.76817,34.98029,0
            135.76818,34.98026,0
            135.76829,34.97958,0
            135.76829,34.97955,0
            135.76838,34.97887,0
            135.76838,34.97884,0
            135.76839,34.97883,0
            135.76841,34.97851,0
            135.76841,34.97827,0
            135.7684,34.97823,0
            135.76841,34.97822,0
            135.76841,34.97814,0
            135.76839,34.97786,0
            135.76838,34.97758,0
            135.76835,34.97737,0
            135.76834,34.97724,0
            135.76832,34.97714,0
            135.76831,34.97706,0
            135.76827,34.97688,0
            135.76799,34.97604,0
            135.76789,34.97571,0
            135.76789,34.9757,0
            135.76783,34.97551,0
            135.76777,34.97517,0
            135.76775,34.975,0
            135.76775,34.97462,0
            135.76776,34.97456,0
            135.76776,34.97451,0
            135.7678,34.9743,0
            135.76786,34.9741,0
            135.76802,34.97377,0
            135.7681,34.97363,0
            135.76815,34.97353,0
            135.76821,34.97343,0
            135.76828,34.97328,0
            135.76829,34.97324,0
            135.76832,34.97317,0
            135.76833,34.97309,0
            135.768,34.9731,0
            135.7679,34.97311,0
            135.76738,34.97311,0
            135.7672,34.97312,0
            135.76641,34.97313,0
            135.76558,34.97317,0
            135.76441,34.97318,0
            135.76433,34.97319,0
            135.76377,34.97319,0
            135.76372,34.97301,0
            135.76367,34.9729,0
            135.76355,34.97269,0
            135.76347,34.97267,0
            135.76331,34.9725,0
            135.76321,34.97237,0
            135.76317,34.97233,0
            135.7625,34.97157,0
            135.76238,34.97142,0
            135.76216,34.97107,0
            135.76211,34.97101,0
            135.76207,34.97094,0
            135.76192,34.97076,0
            135.7619,34.97072,0
            135.76187,34.97069,0
            135.76181,34.97061,0
            135.76147,34.97027,0
            135.76134,34.9701,0
            135.76118,34.96994,0
            135.76085,34.96964,0
            135.76085,34.96963,0
            135.76079,34.96957,0
            135.76075,34.96952,0
            135.76072,34.96949,0
            135.76069,34.96945,0
            135.76056,34.96936,0
            135.76051,34.96928,0
            135.76046,34.96922,0
            135.7604,34.96916,0
            135.76034,34.96908,0
            135.76029,34.96903,0
            135.76013,34.96884,0
            135.75995,34.96854,0
            135.75989,34.96846,0
            135.75975,34.96831,0
            135.7597,34.96827,0
            135.75958,34.96813,0
            135.75935,34.9679,0
            135.75927,34.96783,0
            135.75909,34.9677,0
            135.75898,34.96763,0
            135.75896,34.96763,0
            135.75886,34.96757,0
            135.75854,34.96744,0
            135.75841,34.9674,0
            135.75821,34.96735,0
            135.75801,34.96732,0
            135.75784,34.96731,0
            135.75777,34.9673,0
            135.75761,34.9673,0
            135.75666,34.96737,0
            135.7564,34.9674,0
            135.75603,34.96743,0
            135.75599,34.96743,0
            135.7559,34.96744,0
            135.75563,34.96744,0
            135.75552,34.96745,0
            135.75542,34.96745,0
            135.75517,34.96743,0
            135.7551,34.96741,0
            135.75486,34.96737,0
            135.75468,34.96731,0
            135.75462,34.9673,0
            135.75456,34.96727,0
            135.75449,34.96725,0
            135.75448,34.96724,0
            135.75435,34.96718,0
            135.75407,34.967,0
            135.754,34.96694,0
            135.75395,34.96691,0
            135.75387,34.96683,0
            135.75379,34.96676,0
            135.75343,34.96639,0
            135.75326,34.96618,0
            135.75318,34.96606,0
            135.75314,34.96601,0
            135.75311,34.96595,0
            135.75305,34.96579,0
            135.75305,34.96578,0
            135.75301,34.96563,0
            135.753,34.96554,0
            135.75298,34.96544,0
            135.75296,34.96524,0
            135.75296,34.96518,0
            135.75295,34.96514,0
            135.75292,34.9647,0
            135.7529,34.96456,0
            135.7529,34.96451,0
            135.75289,34.9644,0
            135.75288,34.96434,0
            135.75288,34.9643,0
            135.75287,34.96426,0
            135.75287,34.9642,0
            135.75286,34.96415,0
            135.75283,34.96379,0
            135.75281,34.96366,0
            135.75281,34.96361,0
            135.75275,34.96302,0
            135.75273,34.96264,0
            135.75273,34.96254,0
            135.75272,34.96236,0
            135.75272,34.96218,0
            135.75269,34.96166,0
            135.75269,34.96157,0
            135.7527,34.96148,0
            135.75264,34.96094,0
            135.75255,34.9599,0
            135.75254,34.95985,0
            135.75251,34.95958,0
            135.7525,34.95953,0
            135.75248,34.95934,0
            135.75248,34.95927,0
            135.75247,34.95922,0
            135.75245,34.95904,0
            135.75245,34.95901,0
            135.75243,34.95887,0
            135.75243,34.95882,0
            135.75239,34.95845,0
            135.75238,34.9584,0
            135.75238,34.95835,0
            135.75237,34.9583,0
            135.75236,34.95819,0
            135.75236,34.95813,0
            135.75233,34.95785,0
            135.75233,34.95776,0
            135.75226,34.957,0
            135.75226,34.95695,0
            135.75225,34.95685,0
            135.75224,34.95662,0
            135.75222,34.95645,0
            135.75222,34.95637,0
            135.75221,34.95627,0
            135.75221,34.95595,0
            135.7522,34.9559,0
            135.7522,34.95553,0
            135.75218,34.95526,0
            135.75218,34.95514,0
            135.75216,34.95475,0
            135.75216,34.95436,0
            135.75215,34.95426,0
            135.75212,34.95252,0
            135.75211,34.95238,0
            135.75211,34.95208,0
            135.75209,34.95159,0
            135.75208,34.95148,0
            135.75205,34.95056,0
            135.75203,34.95032,0
            135.75201,34.94979,0
            135.75199,34.94956,0
            135.75199,34.94946,0
            135.75198,34.94936,0
            135.75198,34.94923,0
            135.75193,34.94844,0
            135.75193,34.9483,0
            135.75192,34.94817,0
            135.75192,34.94811,0
            135.75187,34.94734,0
            135.75187,34.94717,0
            135.75185,34.94697,0
            135.75185,34.94683,0
            135.75183,34.94661,0
            135.7518,34.94593,0
            135.75179,34.94585,0
            135.75179,34.9457,0
            135.75175,34.94515,0
            135.75175,34.94509,0
            135.75172,34.94473,0
            135.75172,34.94457,0
            135.75168,34.94399,0
            135.75168,34.94391,0
            135.75167,34.94384,0
            135.75165,34.94336,0
            135.75164,34.94332,0
            135.7516,34.94244,0
            135.75158,34.94222,0
            135.75156,34.94186,0
            135.75156,34.94176,0
            135.75155,34.94172,0
            135.75154,34.94143,0
            135.75152,34.94121,0
            135.75152,34.94112,0
            135.75149,34.94071,0
            135.75149,34.94061,0
            135.75148,34.94054,0
            135.75148,34.94041,0
            135.75146,34.94004,0
            135.75145,34.93996,0
            135.75145,34.93988,0
            135.75144,34.93981,0
            135.75144,34.93976,0
            135.75145,34.93974,0
            135.75145,34.93973,0
            135.75144,34.93972,0
            135.75141,34.93908,0
            135.7514,34.93902,0
            135.7514,34.93886,0
            135.75139,34.93869,0
            135.75138,34.93864,0
            135.75138,34.93857,0
            135.75128,34.93732,0
            135.75131,34.93716,0
            135.75131,34.93694,0
            135.7513,34.93675,0
            135.7513,34.93665,0
            135.75129,34.93654,0
            135.75127,34.93524,0
            135.75125,34.935,0
            135.75125,34.93481,0
            135.75121,34.93398,0
            135.75121,34.93383,0
            135.7512,34.93374,0
            135.7512,34.93346,0
            135.75119,34.93329,0
            135.75118,34.93278,0
            135.75117,34.93272,0
            135.75116,34.93215,0
            135.75115,34.93206,0
            135.75115,34.9317,0
            135.75114,34.93155,0
            135.75114,34.93148,0
            135.75111,34.93116,0
            135.75111,34.93106,0
            135.75108,34.93068,0
            135.75103,34.93026,0
            135.75103,34.93015,0
            135.75102,34.93005,0
            135.75097,34.92977,0
            135.75096,34.92969,0
            135.75095,34.92967,0
            135.75095,34.92959,0
            135.75094,34.92952,0
            135.75092,34.92943,0
            135.7508,34.92863,0
            135.75079,34.9285,0
            135.75068,34.92755,0
            135.75066,34.92725,0
            135.75065,34.9272,0
            135.75061,34.9267,0
            135.7506,34.92666,0
            135.75058,34.92639,0
            135.75037,34.92451,0
            135.75035,34.92427,0
            135.75031,34.92401,0
            135.75011,34.92213,0
            135.75001,34.92098,0
            135.75001,34.92087,0
            135.74999,34.92071,0
            135.74993,34.91971,0
            135.74992,34.9194,0
            135.7499,34.9191,0
            135.74981,34.91535,0
            135.7498,34.91523,0
            135.74977,34.91359,0
            135.74978,34.91352,0
            135.74976,34.91324,0
            135.74976,34.9125,0
            135.74975,34.91241,0
            135.74975,34.91211,0
            135.74974,34.91197,0
            135.74974,34.91175,0
            135.74973,34.91152,0
            135.74972,34.91065,0
            135.74971,34.91043,0
            135.74973,34.90997,0
            135.74972,34.9098,0
            135.74972,34.90968,0
            135.7497,34.90926,0
            135.7497,34.90896,0
            135.74966,34.90871,0
            135.74962,34.90657,0
            135.74961,34.90649,0
            135.74961,34.90599,0
            135.74959,34.90518,0
            135.74958,34.90506,0
            135.74953,34.90217,0
            135.74949,34.9014,0
            135.74949,34.90126,0
            135.74948,34.90113,0
            135.74948,34.90078,0
            135.74947,34.90063,0
            135.74946,34.89992,0
            135.74945,34.89979,0
            135.74945,34.89964,0
            135.74944,34.89944,0
            135.74944,34.89927,0
            135.74943,34.89915,0
            135.74943,34.89817,0
            135.74942,34.89799,0
            135.74942,34.8976,0
            135.74941,34.89756,0
            135.74941,34.8974,0
            135.7494,34.8973,0
            135.7494,34.89673,0
            135.74939,34.89668,0
            135.74939,34.89643,0
            135.74938,34.89628,0
            135.74937,34.89567,0
            135.74936,34.89547,0
            135.74936,34.89523,0
            135.74935,34.89501,0
            135.74935,34.89463,0
            135.74934,34.8944,0
            135.74934,34.89423,0
            135.74933,34.89407,0
            135.74932,34.89333,0
            135.74931,34.89314,0
            135.74929,34.89207,0
            135.74928,34.89188,0
            135.74928,34.8915,0
            135.74927,34.89133,0
            135.74927,34.89103,0
            135.74926,34.8909,0
            135.74926,34.89062,0
            135.74927,34.89034,0
            135.74924,34.88974,0
            135.74922,34.88826,0
            135.74921,34.88806,0
            135.74921,34.88771,0
            135.7492,34.88753,0
            135.7492,34.8869,0
            135.74919,34.88684,0
            135.74918,34.88593,0
            135.74917,34.88577,0
            135.74917,34.88553,0
            135.74916,34.88538,0
            135.74911,34.883,0
            135.74909,34.88253,0
            135.74909,34.88202,0
            135.74907,34.88148,0
            135.74907,34.88109,0
            135.74905,34.88062,0
            135.74905,34.88036,0
            135.74904,34.88016,0
            135.74904,34.87995,0
            135.74903,34.87975,0
            135.74903,34.87955,0
            135.74902,34.87944,0
            135.74902,34.87926,0
            135.74898,34.87864,0
            135.74894,34.87827,0
            135.7489,34.87807,0
            135.74882,34.87775,0
            135.7487,34.87735,0
            135.74866,34.87726,0
            135.74865,34.87722,0
            135.7485,34.87689,0
            135.74832,34.87656,0
            135.74821,34.87639,0
            135.748,34.87609,0
            135.74773,34.87576,0
            135.74727,34.87526,0
            135.7471,34.87509,0
            135.74701,34.87499,0
            135.74677,34.87476,0
            135.74561,34.87358,0
            135.74558,34.87356,0
            135.74551,34.87348,0
            135.74447,34.87243,0
            135.74439,34.87234,0
            135.74414,34.8721,0
            135.74334,34.87129,0
            135.74304,34.87097,0
            135.74059,34.8685,0
            135.74054,34.86846,0
            135.7405,34.86841,0
            135.74042,34.86833,0
            135.74034,34.86826,0
            135.73844,34.86634,0
            135.73831,34.8662,0
            135.7383,34.8662,0
            135.7382,34.86609,0
            135.73749,34.86537,0
            135.73727,34.86516,0
            135.73682,34.8647,0
            135.73681,34.86468,0
            135.73674,34.86462,0
            135.73628,34.86414,0
            135.73605,34.86388,0
            135.7358,34.86356,0
            135.73553,34.86315,0
            135.73547,34.86303,0
            135.73541,34.86293,0
            135.73522,34.86254,0
            135.73512,34.86227,0
            135.73502,34.86196,0
            135.73497,34.86177,0
            135.73493,34.86158,0
            135.73484,34.86096,0
            135.73482,34.86065,0
            135.73481,34.86059,0
            135.73481,34.86052,0
            135.73469,34.859,0
            135.73468,34.85896,0
            135.73468,34.85892,0
            135.73453,34.85698,0
            135.73453,34.85687,0
            135.73449,34.85654,0
            135.73448,34.85639,0
            135.73448,34.85631,0
            135.73445,34.856,0
            135.73443,34.85563,0
            135.73438,34.85522,0
            135.73438,34.85516,0
            135.73434,34.85488,0
            135.73427,34.85458,0
            135.73416,34.85421,0
            135.73405,34.85392,0
            135.73401,34.85384,0
            135.73399,34.85379,0
            135.73396,34.85374,0
            135.73394,34.85368,0
            135.73379,34.8534,0
            135.73364,34.85316,0
            135.73358,34.85305,0
            135.73338,34.85277,0
            135.73332,34.85271,0
            135.73322,34.85258,0
            135.73318,34.85254,0
            135.73296,34.85229,0
            135.73284,34.85217,0
            135.73242,34.85178,0
            135.73225,34.85164,0
            135.73189,34.85132,0
            135.73182,34.85127,0
            135.73162,34.85111,0
            135.73073,34.85035,0
            135.73052,34.85016,0
            135.73044,34.8501,0
            135.72998,34.84972,0
            135.7296,34.84938,0
            135.72957,34.84936,0
            135.72955,34.84934,0
            135.72946,34.84927,0
            135.72944,34.84925,0
            135.72874,34.84866,0
            135.7287,34.84862,0
            135.72842,34.84839,0
            135.72828,34.84826,0
            135.72827,34.84826,0
            135.72781,34.84787,0
            135.72767,34.84774,0
            135.72724,34.84739,0
            135.72716,34.84731,0
            135.72709,34.84725,0
            135.72702,34.8472,0
            135.72677,34.84698,0
            135.72668,34.84689,0
            135.72647,34.8467,0
            135.72606,34.8463,0
            135.72578,34.84601,0
            135.72572,34.84593,0
            135.72556,34.84575,0
            135.72532,34.84545,0
            135.72507,34.84511,0
            135.72498,34.84497,0
            135.72491,34.84488,0
            135.72486,34.84479,0
            135.72485,34.84478,0
            135.72468,34.8445,0
            135.72467,34.84447,0
            135.72464,34.84442,0
            135.72458,34.8443,0
            135.72455,34.84426,0
            135.72443,34.84403,0
            135.72429,34.84373,0
            135.72425,34.84363,0
            135.72418,34.84348,0
            135.72412,34.84333,0
            135.72393,34.84276,0
            135.72385,34.84245,0
            135.72382,34.8423,0
            135.72372,34.84107,0
            135.72372,34.84104,0
            135.72371,34.84097,0
            135.72369,34.84037,0
            135.72367,34.8401,0
            135.72359,34.83972,0
            135.7236,34.83959,0
            135.72361,34.83751,0
            135.72362,34.83736,0
            135.72362,34.83661,0
            135.72363,34.83652,0
            135.72363,34.8347,0
            135.72364,34.83441,0
            135.72364,34.83101,0
            135.72363,34.83078,0
            135.72364,34.8286,0
            135.72365,34.82841,0
            135.72365,34.82736,0
            135.72361,34.8264,0
            135.72354,34.82569,0
            135.72353,34.82552,0
            135.72352,34.82551,0
            135.72341,34.82485,0
            135.7233,34.82435,0
            135.72323,34.82418,0
            135.7231,34.82382,0
            135.72301,34.82351,0
            135.72288,34.82312,0
            135.72287,34.8231,0
            135.7227,34.82255,0
            135.72245,34.822,0
            135.72235,34.82181,0
            135.72227,34.82164,0
            135.72205,34.82125,0
            135.72201,34.82117,0
            135.72197,34.82111,0
            135.72193,34.82104,0
            135.72187,34.82096,0
            135.72163,34.82056,0
            135.72111,34.81978,0
            135.72047,34.819,0
            135.71834,34.81631,0
            135.71819,34.81614,0
            135.71757,34.81538,0
            135.71755,34.81536,0
            135.71685,34.81449,0
            135.71643,34.814,0
            135.71589,34.81334,0
            135.71575,34.81318,0
            135.71575,34.81317,0
            135.71517,34.81248,0
            135.71515,34.81246,0
            135.71489,34.81213,0
            135.71468,34.81189,0
            135.71468,34.81188,0
            135.71424,34.81136,0
            135.71388,34.81091,0
            135.71386,34.8109,0
            135.71339,34.81032,0
            135.71338,34.8103,0
            135.7133,34.81021,0
            135.7129,34.80972,0
            135.71289,34.8097,0
            135.71027,34.80651,0
            135.7101,34.80629,0
            135.70987,34.80602,0
            135.70983,34.80596,0
            135.70845,34.8043,0
            135.7083,34.80413,0
            135.70783,34.80355,0
            135.7077,34.8034,0
            135.70759,34.80325,0
            135.70757,34.80324,0
            135.7071,34.80267,0
            135.70708,34.80264,0
            135.70568,34.80094,0
            135.70555,34.80077,0
            135.70549,34.8007,0
            135.70546,34.80067,0
            135.7054,34.8006,0
            135.70536,34.80054,0
            135.70532,34.8005,0
            135.70528,34.80044,0
            135.70475,34.79981,0
            135.70466,34.79969,0
            135.70459,34.79961,0
            135.70453,34.79953,0
            135.70319,34.79803,0
            135.70216,34.79704,0
            135.70167,34.79662,0
            135.70164,34.79659,0
            135.70117,34.7962,0
            135.69912,34.7946,0
            135.6989,34.79441,0
            135.69636,34.79242,0
            135.69624,34.79234,0
            135.69616,34.79227,0
            135.69586,34.79205,0
            135.69438,34.79089,0
            135.69436,34.79087,0
            135.69422,34.79076,0
            135.6942,34.79074,0
            135.69364,34.79029,0
            135.69357,34.79024,0
            135.69317,34.78991,0
            135.69301,34.7898,0
            135.693,34.78979,0
            135.69286,34.78968,0
            135.69284,34.78966,0
            135.69242,34.78933,0
            135.6924,34.78932,0
            135.69174,34.78881,0
            135.69159,34.78868,0
            135.69148,34.7886,0
            135.68976,34.78725,0
            135.68949,34.78707,0
            135.68914,34.78681,0
            135.68835,34.78628,0
            135.68828,34.78624,0
            135.68822,34.7862,0
            135.68726,34.78568,0
            135.68723,34.78567,0
            135.687,34.78555,0
            135.6865,34.78533,0
            135.68549,34.78496,0
            135.68518,34.78488,0
            135.68397,34.78449,0
            135.68387,34.78445,0
            135.68172,34.78379,0
            135.68158,34.78374,0
            135.68113,34.78361,0
            135.67802,34.78264,0
            135.6779,34.78261,0
            135.67783,34.78258,0
            135.67775,34.78256,0
            135.67692,34.78229,0
            135.67684,34.78227,0
            135.67659,34.78219,0
            135.67633,34.78212,0
            135.67625,34.78209,0
            135.67617,34.78207,0
            135.67542,34.78182,0
            135.67482,34.78164,0
            135.67471,34.7816,0
            135.6747,34.7816,0
            135.67453,34.78154,0
            135.67435,34.78149,0
            135.67387,34.78132,0
            135.67374,34.78128,0
            135.67372,34.78127,0
            135.67341,34.78115,0
            135.67313,34.78106,0
            135.67246,34.78079,0
            135.67171,34.78045,0
            135.67157,34.78038,0
            135.67153,34.78037,0
            135.67128,34.78024,0
            135.67115,34.78018,0
            135.66992,34.77951,0
            135.66913,34.77903,0
            135.66833,34.77849,0
            135.66752,34.77789,0
            135.66639,34.77696,0
            135.66447,34.77532,0
            135.66441,34.77528,0
            135.66435,34.77522,0
            135.66426,34.77515,0
            135.66274,34.77386,0
            135.66262,34.77375,0
            135.66251,34.77367,0
            135.66204,34.77328,0
            135.66197,34.77321,0
            135.66194,34.77319,0
            135.66134,34.77268,0
            135.66133,34.77268,0
            135.66082,34.77224,0
            135.66076,34.77218,0
            135.66074,34.77217,0
            135.65969,34.77128,0
            135.65965,34.77125,0
            135.65948,34.7711,0
            135.65938,34.77103,0
            135.65933,34.77099,0
            135.65929,34.77095,0
            135.65913,34.77081,0
            135.65896,34.77068,0
            135.65836,34.77016,0
            135.65818,34.77002,0
            135.65811,34.76995,0
            135.6568,34.76883,0
            135.65673,34.76878,0
            135.65603,34.76818,0
            135.656,34.76815,0
            135.65441,34.76681,0
            135.65428,34.76669,0
            135.65395,34.76641,0
            135.65389,34.76635,0
            135.6538,34.76628,0
            135.65331,34.76582,0
            135.65267,34.76518,0
            135.65214,34.76462,0
            135.65063,34.76286,0
            135.65062,34.76286,0
            135.65055,34.76277,0
            135.65051,34.76273,0
            135.6505,34.76271,0
            135.64921,34.7612,0
            135.6491,34.76108,0
            135.64763,34.75936,0
            135.64758,34.75928,0
            135.64753,34.75923,0
            135.64741,34.75909,0
            135.6468,34.75847,0
            135.64657,34.75827,0
            135.64648,34.7582,0
            135.64614,34.75791,0
            135.64519,34.75723,0
            135.64458,34.75689,0
            135.64326,34.75623,0
            135.63807,34.75374,0
            135.63802,34.75372,0
            135.63789,34.75365,0
            135.63788,34.75365,0
            135.63776,34.75358,0
            135.63767,34.75354,0
            135.6365,34.75288,0
            135.63554,34.75231,0
            135.63503,34.75199,0
            135.63496,34.75194,0
            135.63347,34.75101,0
            135.63343,34.75098,0
            135.63339,34.75096,0
            135.63319,34.75083,0
            135.63295,34.75069,0
            135.63294,34.75068,0
            135.63291,34.75066,0
            135.63289,34.75065,0
            135.63285,34.75062,0
            135.63283,34.75061,0
            135.6328,34.75059,0
            135.63279,34.75058,0
            135.63271,34.75054,0
            135.63268,34.75051,0
            135.63264,34.75049,0
            135.63262,34.75047,0
            135.63259,34.75046,0
            135.63237,34.75032,0
            135.63233,34.7503,0
            135.6323,34.75027,0
            135.63225,34.75025,0
            135.63221,34.75022,0
            135.6321,34.75015,0
            135.63206,34.75013,0
            135.63152,34.74978,0
            135.63098,34.74945,0
            135.63094,34.74942,0
            135.63081,34.74934,0
            135.63073,34.7493,0
            135.62946,34.74849,0
            135.629,34.74821,0
            135.62895,34.74817,0
            135.62889,34.74814,0
            135.62784,34.74749,0
            135.62777,34.74744,0
            135.62749,34.74727,0
            135.62669,34.74682,0
            135.6266,34.74678,0
            135.62652,34.74673,0
            135.62579,34.74637,0
            135.62576,34.74636,0
            135.62523,34.74611,0
            135.6252,34.74609,0
            135.62505,34.74603,0
            135.62489,34.74595,0
            135.62481,34.74592,0
            135.62459,34.74581,0
            135.62233,34.74478,0
            135.62219,34.74471,0
            135.62205,34.74465,0
            135.62168,34.74447,0
            135.62163,34.74444,0
            135.62157,34.74442,0
            135.6211,34.74418,0
            135.62044,34.74382,0
            135.62041,34.7438,0
            135.62038,34.74379,0
            135.62034,34.74376,0
            135.62024,34.74371,0
            135.62016,34.74366,0
            135.62006,34.74361,0
            135.61996,34.74354,0
            135.61987,34.74349,0
            135.61981,34.74345,0
            135.61965,34.74336,0
            135.6196,34.74332,0
            135.61924,34.74311,0
            135.6189,34.74289,0
            135.61876,34.74279,0
            135.61859,34.74268,0
            135.61835,34.7425,0
            135.61828,34.74246,0
            135.6181,34.74233,0
            135.61793,34.74219,0
            135.61752,34.74188,0
            135.61719,34.74161,0
            135.61654,34.74104,0
            135.6165,34.741,0
            135.61552,34.74014,0
            135.61526,34.7399,0
            135.61522,34.73987,0
            135.6134,34.73825,0
            135.61311,34.73798,0
            135.61235,34.73731,0
            135.61181,34.73681,0
            135.61167,34.73667,0
            135.6114,34.73642,0
            135.61125,34.73626,0
            135.61097,34.73599,0
            135.61093,34.73594,0
            135.61045,34.73545,0
            135.61041,34.7354,0
            135.61032,34.73532,0
            135.61031,34.7353,0
            135.60961,34.73452,0
            135.60947,34.73438,0
            135.60894,34.73381,0
            135.60885,34.73373,0
            135.60877,34.73365,0
            135.60866,34.73351,0
            135.60852,34.73335,0
            135.60835,34.73318,0
            135.60804,34.73284,0
            135.60784,34.73264,0
            135.60781,34.7326,0
            135.60595,34.73062,0
            135.6059,34.73056,0
            135.6054,34.73002,0
            135.60468,34.72919,0
            135.60438,34.72882,0
            135.6043,34.72873,0
            135.60391,34.72822,0
            135.60387,34.72816,0
            135.60356,34.72775,0
            135.60268,34.72649,0
            135.60219,34.72572,0
            135.60197,34.7254,0
            135.60177,34.72508,0
            135.60171,34.725,0
            135.60097,34.72386,0
            135.60087,34.72372,0
            135.60073,34.7235,0
            135.60069,34.72345,0
            135.60064,34.72336,0
            135.60046,34.72314,0
            135.60044,34.7231,0
            135.60034,34.72297,0
            135.59999,34.72246,0
            135.59977,34.72208,0
            135.59962,34.72187,0
            135.59961,34.72185,0
            135.59939,34.72156,0
            135.5993,34.72143,0
            135.5988,34.72083,0
            135.59876,34.72079,0
            135.59861,34.72062,0
            135.59855,34.72057,0
            135.5983,34.72032,0
            135.59812,34.72009,0
            135.59791,34.71991,0
            135.59762,34.71969,0
            135.59753,34.71963,0
            135.5974,34.71953,0
            135.59728,34.71946,0
            135.59705,34.71931,0
            135.59663,34.71908,0
            135.59587,34.71871,0
            135.59586,34.7187,0
            135.59521,34.71835,0
            135.59509,34.71827,0
            135.59468,34.71802,0
            135.59459,34.71795,0
            135.59421,34.71777,0
            135.59415,34.71773,0
            135.59404,34.71768,0
            135.59387,34.71759,0
            135.59386,34.71759,0
            135.59363,34.7175,0
            135.59344,34.71744,0
            135.59305,34.71728,0
            135.59287,34.71719,0
            135.59282,34.71716,0
            135.59263,34.71707,0
            135.59259,34.71706,0
            135.59226,34.71688,0
            135.59218,34.71682,0
            135.59213,34.71675,0
            135.59206,34.7167,0
            135.59197,34.71665,0
            135.59177,34.7165,0
            135.59163,34.71641,0
            135.59141,34.71622,0
            135.5913,34.7161,0
            135.59122,34.716,0
            135.59096,34.71561,0
            135.59076,34.7152,0
            135.59068,34.71495,0
            135.59065,34.71479,0
            135.59064,34.71468,0
            135.59064,34.71462,0
            135.59063,34.71458,0
            135.59063,34.71452,0
            135.59065,34.71427,0
            135.5907,34.71403,0
            135.59074,34.71391,0
            135.59081,34.71375,0
            135.59094,34.71352,0
            135.59115,34.71318,0
            135.59123,34.71301,0
            135.59143,34.71268,0
            135.59168,34.71219,0
            135.5919,34.71167,0
            135.59205,34.71123,0
            135.59217,34.71074,0
            135.59217,34.71072,0
            135.59223,34.71028,0
            135.59228,34.70972,0
            135.59229,34.70915,0
            135.59228,34.70898,0
            135.59228,34.70882,0
            135.59227,34.70867,0
            135.59226,34.70796,0
            135.5922,34.70785,0
            135.5922,34.70775,0
            135.59221,34.70773,0
            135.5922,34.70769,0
            135.5922,34.70681,0
            135.59219,34.70652,0
            135.59219,34.70614,0
            135.59218,34.70605,0
            135.59217,34.70421,0
            135.59218,34.70418,0
            135.59217,34.70415,0
            135.59218,34.70412,0
            135.59217,34.70383,0
            135.59217,34.70327,0
            135.59216,34.70301,0
            135.59213,34.69935,0
            135.59212,34.69905,0
            135.5921,34.69639,0
            135.59211,34.69629,0
            135.59211,34.69619,0
            135.59214,34.6957,0
            135.59215,34.69565,0
            135.59221,34.69516,0
            135.59232,34.69465,0
            135.59268,34.69342,0
            135.5927,34.69337,0
            135.59271,34.69332,0
            135.59291,34.69269,0
            135.59293,34.69259,0
            135.59295,34.69255,0
            135.59297,34.69245,0
            135.59307,34.69214,0
            135.59308,34.69208,0
            135.5931,34.69203,0
            135.59316,34.6918,0
            135.59346,34.69082,0
            135.59346,34.6908,0
            135.59347,34.69078,0
            135.59349,34.69068,0
            135.59355,34.69051,0
            135.59371,34.68996,0
            135.59374,34.68988,0
            135.59392,34.68924,0
            135.59396,34.68912,0
            135.59397,34.68908,0
            135.59398,34.68901,0
            135.59447,34.68737,0
            135.59461,34.68694,0
            135.59473,34.6865,0
            135.59479,34.68632,0
            135.59497,34.68567,0
            135.59501,34.68558,0
            135.59501,34.68557,0
            135.59503,34.68552,0
            135.59504,34.68546,0
            135.59506,34.68541,0
            135.59509,34.68528,0
            135.59524,34.68481,0
            135.59528,34.68465,0
            135.59564,34.68346,0
            135.59565,34.6834,0
            135.59575,34.6833,0
            135.59592,34.68282,0
            135.59598,34.68262,0
            135.59627,34.68186,0
            135.59627,34.68185,0
            135.59628,34.68181,0
            135.59648,34.6812,0
            135.59649,34.68111,0
            135.59658,34.68073,0
            135.59668,34.68038,0
            135.59678,34.67998,0
            135.59706,34.67909,0
            135.5971,34.67892,0
            135.59729,34.67829,0
            135.59732,34.67817,0
            135.59739,34.67795,0
            135.59741,34.67791,0
            135.59742,34.6779,0
            135.59745,34.67784,0
            135.59747,34.67779,0
            135.59753,34.67769,0
            135.59755,34.67767,0
            135.59759,34.67761,0
            135.5977,34.6775,0
            135.59775,34.67747,0
            135.59778,34.67744,0
            135.59786,34.6774,0
            135.59791,34.67738,0
            135.59794,34.67736,0
            135.598,34.67735,0
            135.59806,34.67733,0
            135.5981,34.67733,0
            135.59815,34.67732,0
            135.59822,34.67732,0
            135.59826,34.67733,0
            135.59831,34.67733,0
            135.59835,34.67734,0
            135.5984,34.67736,0
            135.59841,34.67736,0
            135.59847,34.67738,0
            135.59851,34.6774,0
            135.59853,34.67742,0
            135.59855,34.67743,0
            135.59863,34.67751,0
            135.59869,34.67759,0
            135.5987,34.67763,0
            135.59872,34.67768,0
            135.59872,34.67773,0
            135.59873,34.67776,0
            135.59873,34.6778,0
            135.59872,34.67783,0
            135.59871,34.67788,0
            135.5987,34.67791,0
            135.59869,34.67793,0
            135.59868,34.67796,0
            135.59867,34.67798,0
            135.59863,34.67804,0
            135.59861,34.67806,0
            135.5986,34.67808,0
            135.59858,34.6781,0
            135.59848,34.67817,0
            135.59844,34.67819,0
            135.59841,34.67821,0
            135.59837,34.67823,0
            135.59834,34.67824,0
            135.5983,34.67826,0
            135.59825,34.67827,0
            135.59813,34.67831,0
            135.59795,34.67834,0
            135.5979,34.67834,0
            135.59784,34.67835,0
            135.59632,34.67834,0
            135.59605,34.67835,0
            135.59578,34.67835,0
            135.59547,34.67837,0
            135.59531,34.67839,0
            135.59517,34.6784,0
            135.59506,34.67842,0
            135.59464,34.67846,0
            135.5945,34.67846,0
            135.59356,34.67857,0
            135.59206,34.67863,0
            135.59164,34.67863,0
            135.59147,34.67865,0
            135.59139,34.67865,0
            135.59133,34.67866,0
            135.5913,34.67866,0
            135.59117,34.6787,0
            135.59093,34.67871,0
            135.58937,34.67871,0
            135.5891,34.67872,0
            135.58858,34.67872,0
            135.58826,34.67873,0
            135.58804,34.67871,0
            135.58779,34.6787,0
            135.58754,34.67867,0
            135.58748,34.67867,0
            135.58741,34.67866,0
            135.58706,34.67864,0
            135.58694,34.67864,0
            135.58691,34.67863,0
            135.58671,34.67863,0
            135.58649,34.67865,0
            135.58645,34.67865,0
            135.58632,34.67866,0
            135.58593,34.67872,0
            135.58587,34.67872,0
            135.58584,34.67873,0
            135.5858,34.67873,0
            135.58575,34.67874,0
            135.58571,34.67874,0
            135.58519,34.67878,0
            135.58509,34.67878,0
            135.58499,34.67879,0
            135.58242,34.67884,0
            135.58231,34.67885,0
            135.57917,34.67891,0
            135.57898,34.67892,0
            135.57878,34.67892,0
            135.57862,34.67893,0
            135.57636,34.67897,0
            135.57568,34.67894,0
            135.57509,34.67888,0
            135.57449,34.67879,0
            135.5744,34.67877,0
            135.57418,34.67874,0
            135.57339,34.6786,0
            135.57331,34.67858,0
            135.57267,34.67847,0
            135.57254,34.67844,0
            135.57199,34.67836,0
            135.57177,34.67832,0
            135.57154,34.6783,0
            135.57139,34.67828,0
            135.57134,34.67828,0
            135.57113,34.67826,0
            135.57108,34.67826,0
            135.5709,34.67824,0
            135.57068,34.67824,0
            135.57048,34.67823,0
            135.5698,34.67823,0
            135.56958,34.67824,0
            135.56936,34.67824,0
            135.56899,34.67826,0
            135.56873,34.67826,0
            135.56864,34.67827,0
            135.5684,34.67827,0
            135.56829,34.67828,0
            135.56714,34.6783,0
            135.56701,34.67831,0
            135.56687,34.67831,0
            135.56678,34.67832,0
            135.566,34.67833,0
            135.56578,34.67834,0
            135.56469,34.67835,0
            135.56447,34.67836,0
            135.56425,34.67836,0
            135.56403,34.67837,0
            135.56378,34.67837,0
            135.56368,34.67838,0
            135.56352,34.67838,0
            135.56333,34.67839,0
            135.56331,34.6784,0
            135.56327,34.6784,0
            135.5632,34.67841,0
            135.56313,34.67841,0
            135.56293,34.67843,0
            135.56285,34.67843,0
            135.5621,34.67851,0
            135.56195,34.67852,0
            135.56183,34.67854,0
            135.56124,34.67861,0
            135.561,34.67863,0
            135.56062,34.67868,0
            135.56046,34.67869,0
            135.56025,34.67872,0
            135.55881,34.67888,0
            135.55879,34.67889,0
            135.55779,34.679,0
            135.55491,34.67937,0
            135.55482,34.67939,0
            135.55469,34.6794,0
            135.55457,34.67942,0
            135.55453,34.67942,0
            135.5545,34.67943,0
            135.55373,34.67952,0
            135.55363,34.67954,0
            135.55342,34.67956,0
            135.55212,34.67973,0
            135.55201,34.67975,0
            135.55031,34.67996,0
            135.5502,34.67998,0
            135.54967,34.68004,0
            135.54942,34.68008,0
            135.5493,34.68009,0
            135.54869,34.68017,0
            135.54866,34.68017,0
            135.54826,34.68023,0
            135.54813,34.68024,0
            135.54559,34.68057,0
            135.54555,34.68057,0
            135.54515,34.68063,0
            135.54277,34.68093,0
            135.54274,34.68094,0
            135.54212,34.68101,0
            135.54141,34.68111,0
            135.54081,34.68118,0
            135.54032,34.68125,0
            135.54003,34.68127,0
            135.53988,34.68129,0
            135.53966,34.6813,0
            135.53959,34.68131,0
            135.53951,34.68131,0
            135.53944,34.68132,0
            135.53929,34.68132,0
            135.53918,34.68133,0
            135.5376,34.68135,0
            135.53743,34.68136,0
            135.53687,34.68136,0
            135.53673,34.68137,0
            135.53618,34.68137,0
            135.53611,34.68138,0
            135.53481,34.68139,0
            135.5346,34.6814,0
            135.53351,34.68141,0
            135.53336,34.68142,0
            135.53273,34.68142,0
            135.53263,34.68143,0
            135.52835,34.68144,0
            135.52805,34.68143,0
            135.52754,34.68143,0
            135.5271,34.68141,0
            135.52694,34.68141,0
            135.52344,34.68129,0
            135.52322,34.68129,0
            135.52292,34.68127,0
            135.52212,34.68125,0
            135.52176,34.68123,0
            135.52153,34.68123,0
            135.52146,34.68122,0
            135.5212,34.68122,0
            135.52102,34.68121,0
            135.52078,34.68121,0
            135.52055,34.68122,0
            135.5204,34.68122,0
            135.51955,34.68126,0
            135.51946,34.68127,0
            135.51911,34.68129,0
            135.51901,34.68129,0
            135.51891,34.6813,0
            135.5188,34.6813,0
            135.5187,34.68131,0
            135.51859,34.68131,0
            135.51738,34.68138,0
            135.51728,34.68138,0
            135.51696,34.6814,0
            135.51677,34.6814,0
            135.51634,34.68143,0
            135.51617,34.68143,0
            135.51569,34.68146,0
            135.51564,34.68147,0
            135.51544,34.68148,0
            135.51537,34.68149,0
            135.51457,34.68153,0
            135.51445,34.68153,0
            135.5144,34.68154,0
            135.51427,34.68154,0
            135.51291,34.68161,0
            135.51215,34.68163,0
            135.51207,34.68164,0
            135.51183,34.68164,0
            135.51171,34.68165,0
            135.5104,34.68166,0
            135.51038,34.68167,0
            135.50969,34.68167,0
            135.50944,34.68168,0
            135.50876,34.68168,0
            135.50847,34.68169,0
            135.50809,34.68169,0
            135.508,34.6817,0
            135.50794,34.6817,0
            135.50786,34.68171,0
            135.50782,34.68171,0
            135.50763,34.68173,0
            135.50751,34.68179,0
            135.50706,34.68179,0
            135.50682,34.6818,0
            135.50543,34.68181,0
            135.50521,34.68182,0
            135.50424,34.68182,0
            135.50402,34.68183,0
            135.50167,34.68185,0
            135.50157,34.68184,0
            135.50148,34.68184,0
            135.50143,34.68185,0
            135.50068,34.68185,0
            135.50061,34.68184,0
            135.5005,34.68184,0
            135.49997,34.68179,0
            135.49986,34.68179,0
            135.49966,34.68178,0
            135.49825,34.68178,0
            135.49803,34.68177,0
            135.49781,34.68177,0
            135.49773,34.68176,0
            135.49686,34.68175,0
            135.49614,34.68172,0
            135.49587,34.68169,0
            135.49541,34.68167,0
            135.49429,34.68159,0
            135.49381,34.68154,0
            135.49329,34.6815,0
            135.49272,34.68144,0
            135.49257,34.68143,0
            135.49251,34.68142,0
            135.49057,34.68129,0
            135.49049,34.68129,0
            135.49042,34.68128,0
            135.49033,34.68128,0
            135.48984,34.68124,0
            135.48955,34.68123,0
            135.48893,34.68119,0
            135.48884,34.68119,0
            135.48841,34.68116,0
            135.48832,34.68116,0
            135.48814,34.68115,0
            135.48808,34.68114,0
            135.48797,34.68114,0
            135.48782,34.68113,0
            135.48694,34.68111,0
            135.48685,34.6811,0
            135.48657,34.68109,0
            135.48649,34.68108,0
            135.48643,34.68108,0
            135.48636,34.68107,0
            135.4863,34.68107,0
            135.4862,34.68105,0
            135.48618,34.68105,0
            135.486,34.68103,0
            135.48595,34.68102,0
            135.48578,34.681,0
            135.4848,34.68082,0
            135.48473,34.6808,0
            135.48392,34.68064,0
            135.48368,34.68058,0
            135.48363,34.68056,0
            135.48358,34.68055,0
            135.48351,34.68053,0
            135.48347,34.68053,0
            135.48332,34.68049,0
            135.48304,34.68043,0
            135.48295,34.6804,0
            135.48024,34.67975,0
            135.4801,34.67971,0
            135.47997,34.67968,0
            135.47953,34.67955,0
            135.47929,34.67945,0
            135.47918,34.67941,0
            135.479,34.67932,0
            135.47874,34.67917,0
            135.47872,34.67915,0
            135.47854,34.67903,0
            135.47783,34.67848,0
            135.47767,34.67834,0
            135.47672,34.6776,0
            135.4767,34.67759,0
            135.47656,34.67747,0
            135.47574,34.67683,0
            135.47552,34.67667,0
            135.47483,34.67613,0
            135.47483,34.67612,0
            135.47458,34.67593,0
            135.47442,34.67579,0
            135.47437,34.67576,0
            135.47433,34.67572,0
            135.47406,34.67551,0
            135.47358,34.67516,0
            135.47311,34.67485,0
            135.47306,34.67481,0
            135.47289,34.67471,0
            135.47249,34.67445,0
            135.47186,34.6741,0
            135.47163,34.67396,0
            135.47153,34.67389,0
            135.47042,34.67319,0
            135.47033,34.67314,0
            135.46952,34.67261,0
            135.46935,34.67251,0
            135.46921,34.6724,0
            135.46907,34.6723,0
            135.46855,34.67185,0
            135.46848,34.67178,0
            135.46762,34.67103,0
            135.46757,34.67098,0
            135.46699,34.67047,0
            135.46678,34.67031,0
            135.46671,34.67025,0
            135.46648,34.67009,0
            135.4664,34.67005,0
            135.46625,34.66995,0
            135.46595,34.66979,0
            135.46543,34.66957,0
            135.46489,34.66937,0
            135.46472,34.6693,0
            135.46464,34.66926,0
            135.46455,34.66923,0
            135.46377,34.66887,0
            135.46355,34.66879,0
            135.46346,34.66875,0
            135.46238,34.66837,0
            135.4623,34.66835,0
            135.46158,34.6681,0
            135.46147,34.66807,0
            135.46105,34.66792,0
            135.4601,34.66762,0
            135.45994,34.66759,0
            135.45984,34.66756,0
            135.45974,34.66754,0
            135.45954,34.66748,0
            135.45926,34.66738,0
            135.45855,34.66716,0
            135.45836,34.66711,0
            135.45813,34.66701,0
            135.45719,34.66669,0
            135.45695,34.6666,0
            135.45506,34.66597,0
            135.45493,34.66594,0
            135.45288,34.66523,0
            135.45242,34.66509,0
            135.45241,34.66508,0
            135.45202,34.66495,0
            135.45175,34.66484,0
            135.4516,34.66476,0
            135.45141,34.66463,0
            135.45135,34.66458,0
            135.45119,34.66442,0
            135.45082,34.66388,0
            135.45017,34.66286,0
            135.4501,34.66274,0
            135.44975,34.66222,0
            135.44967,34.66212,0
            135.44954,34.66198,0
            135.44946,34.66191,0
            135.44938,34.66183,0
            135.44936,34.66182,0
            135.44926,34.66175,0
            135.44905,34.66164,0
            135.44888,34.66157,0
            135.44859,34.6615,0
            135.44841,34.66148,0
            135.44806,34.66148,0
            135.44804,34.66149,0
            135.44788,34.66151,0
            135.44755,34.6616,0
            135.4472,34.66173,0
            135.44706,34.66179,0
            135.44699,34.66183,0
            135.44649,34.66205,0
            135.44648,34.66205,0
            135.446,34.66226,0
            135.4459,34.66229,0
            135.44581,34.66233,0
            135.4457,34.66236,0
            135.44554,34.66239,0
            135.44548,34.66241,0
            135.44518,34.66244,0
            135.44503,34.66244,0
            135.44482,34.66242,0
            135.44471,34.6624,0
            135.44454,34.66235,0
            135.44428,34.66224,0
            135.44409,34.66213,0
            135.44399,34.66206,0
            135.44389,34.66198,0
            135.44374,34.66182,0
            135.44357,34.66162,0
            135.44338,34.66138,0
            135.44318,34.66115,0
            135.44313,34.66108,0
            135.44303,34.66097,0
            135.44299,34.66094,0
            135.44291,34.66086,0
            135.44276,34.66076,0
            135.44259,34.66066,0
            135.4424,34.66057,0
            135.44221,34.6605,0
            135.44212,34.66048,0
            135.44199,34.66044,0
            135.44178,34.6604,0
            135.4417,34.66038,0
            135.44146,34.66034,0
            135.44139,34.66032,0
            135.44131,34.66031,0
            135.44118,34.66027,0
            135.44089,34.6602,0
            135.44049,34.66003,0
            135.44038,34.65997,0
            135.44026,34.65989,0
            135.44004,34.65971,0
            135.43995,34.65962,0
            135.43992,34.65958,0
            135.43989,34.65955,0
            135.43988,34.65953,0
            135.43982,34.65947,0
            135.43979,34.65942,0
            135.43958,34.65914,0
            135.43949,34.65899,0
            135.4393,34.6587,0
            135.43929,34.65867,0
            135.43924,34.65859,0
            135.43908,34.65829,0
            135.43893,34.65797,0
            135.43888,34.65782,0
            135.43883,34.65763,0
            135.43879,34.65739,0
            135.43879,34.65729,0
            135.4388,34.65718,0
            135.43879,34.65716,0
            135.43878,34.65713,0
            135.43878,34.65705,0
            135.43879,34.65701,0
            135.43879,34.657,0
            135.43882,34.65684,0
            135.43883,34.65682,0
            135.43884,34.65671,0
            135.43885,34.6567,0
            135.43885,34.65664,0
            135.43887,34.65652,0
            135.43887,34.6564,0
            135.43885,34.65628,0
            135.43882,34.65619,0
            135.43881,34.65617,0
            135.43879,34.65614,0
            135.43878,34.65611,0
            135.43866,34.65595,0
            135.43862,34.65591,0
            135.43858,34.65588,0
            135.43854,34.65584,0
            135.4385,34.65582,0
            135.43842,34.65577,0
            135.43828,34.6557,0
            135.43816,34.65565,0
            135.43802,34.65562,0
            135.43794,34.65561,0
            135.43787,34.65561,0
            135.43782,34.6556,0
            135.43759,34.6556,0
            135.43745,34.65561,0
            135.43732,34.65563,0
            135.43727,34.65563,0
            135.43716,34.65565,0
            135.43707,34.65568,0
            135.43695,34.65573,0
            135.43677,34.65583,0
            135.43659,34.65594,0
            135.43631,34.65613,0
            135.4361,34.65626,0
            135.4356,34.65664,0
            135.43462,34.65749,0
            135.43455,34.65756,0
            135.43438,34.6577,0
            135.43394,34.6581,0
            135.43388,34.65817,0
            135.43384,34.6582,0
            135.43364,34.6584,0
            135.43344,34.65858,0
            135.43344,34.65859,0
            135.43343,34.6586,0
            135.4334,34.6587,0
            135.4332,34.65886,0
            135.43313,34.65893,0
            135.43298,34.65905,0
            135.43279,34.65922,0
            135.4327,34.65929,0
            135.4321,34.6598,0
            135.42962,34.66199,0
            135.42941,34.66216,0
            135.42937,34.6622,0
            135.4292,34.66232,0
            135.42917,34.66235,0
            135.42892,34.66253,0
            135.42878,34.66261,0
            135.4287,34.66267,0
            135.42852,34.66278,0
            135.42834,34.66288,0
            135.42831,34.66289,0
            135.42813,34.66299,0
            135.4277,34.66319,0
            135.42673,34.66355,0
            135.42607,34.66377,0
            135.42593,34.66381,0
            135.42504,34.66414,0
            135.42486,34.66422,0
            135.42445,34.66442,0
            135.4243,34.66451,0
            135.42411,34.66461,0
            135.42397,34.66462,0
            135.42358,34.66484,0
            135.42348,34.66492,0
            135.42333,34.66501,0
            135.42324,34.66508,0
            135.42323,34.66508,0
            135.42312,34.66517,0
            135.42277,34.66551,0
            135.42266,34.66563,0
            135.42263,34.66565,0
            135.42257,34.66571,0
            135.42249,34.66581,0
            135.42233,34.66599,0
            135.42229,34.66605,0
            135.42218,34.66619,0
            135.42212,34.66628,0
            135.42205,34.66637,0
            135.42201,34.66645,0
            135.42198,34.66649,0
            135.42196,34.66654,0
            135.42181,34.66682,0
            135.42179,34.66685,0
            135.42176,34.66693,0
            135.42174,34.66701,0
            135.42173,34.66709,0
            135.42175,34.66722,0
            135.42177,34.66727,0
            135.42181,34.66735,0
            135.42187,34.66743,0
            135.4219,34.66746,0
            135.42205,34.66757,0
            135.42224,34.66767,0
            135.42228,34.66768,0
            135.42233,34.6677,0
            135.42239,34.66773,0
            135.42256,34.66779,0
            135.42271,34.66787,0
            135.42288,34.66793,0
            135.42295,34.66795,0
            135.4231,34.66801,0
            135.42317,34.66803,0
            135.42324,34.66806,0
            135.42423,34.66838,0
            135.42424,34.66838,0
            135.42426,34.66839,0
            135.42467,34.66852,0
            135.42548,34.66886,0
            135.42577,34.66902,0
            135.42608,34.66916,0
            135.42676,34.66951,0
            135.427,34.66961,0
            135.42723,34.66972,0
            135.42728,34.66975,0
            135.42797,34.67011,0
            135.42892,34.67057,0
            135.42897,34.67059,0
            135.42956,34.67088,0
            135.42958,34.67092,0
            135.42961,34.67095,0
            135.42992,34.67111,0
            135.42997,34.67113,0
            135.43056,34.67145,0
            135.43096,34.67165,0
            135.43102,34.67169,0
            135.43105,34.6717,0
            135.43108,34.67172,0
            135.4311,34.67174,0
            135.43121,34.67182,0
            135.43121,34.67183,0
            135.43123,34.67184,0
            135.43124,34.67186,0
            135.43125,34.67187,0
            135.43127,34.67191,0
            135.43128,34.67192,0
            135.4313,34.67196,0
            135.43131,34.67199,0
            135.43133,34.67202,0
            135.43134,34.67205,0
            135.43134,34.6721,0
            135.43135,34.67213,0
            135.43135,34.67217,0
            135.43134,34.6722,0
            135.43134,34.67224,0
            135.43133,34.67227,0
            135.43132,34.67229,0
            135.43131,34.67232,0
            135.43129,34.67235,0
            135.43127,34.67239,0
            135.43125,34.67241,0
            135.43124,34.67243,0
            135.43122,34.67245,0
            135.43118,34.67248,0
            135.43115,34.67251,0
            135.43111,34.67253,0
            135.43107,34.67256,0
            135.43103,34.67258,0
            135.43093,34.67261,0
            135.43088,34.67262,0
            135.43085,34.67263,0
            135.43068,34.67263,0
            135.43058,34.67261,0
            135.43047,34.67257,0
            135.43038,34.67252,0
            135.43028,34.67248,0
            135.43015,34.67241,0
            135.42973,34.67221,0
            135.42913,34.6719,0
            135.42906,34.67187,0
            135.42813,34.67141,0
            135.42812,34.67141,0
            135.42779,34.67125,0
            135.42779,34.67124,0
            135.42749,34.67109,0
            135.42741,34.67104,0
            135.42726,34.67097,0
            135.4271,34.67088,0
            135.42707,34.67087,0
            135.42705,34.67086,0
            135.42698,34.67081,0
            135.42696,34.6708,0
            135.42695,34.67078,0
            135.4269,34.67076,0
            135.42664,34.67063,0
            135.42654,34.67057,0
            135.42632,34.67046,0
            135.4262,34.67038,0
            135.42608,34.67026,0
            135.42605,34.67021,0
            135.42599,34.67007,0
            135.42597,34.67001,0
            135.42597,34.66992,0
            135.42601,34.66974,0
            135.42603,34.66969,0
            135.42631,34.66922,0
            135.42636,34.66917,0
            135.42644,34.6691,0
            135.4265,34.66847,0
            135.42652,34.66834,0
            135.42654,34.66828,0
            135.42657,34.66822,0
            135.42751,34.6666,0
            135.42772,34.66668,0
            135.42778,34.66671,0
            135.42781,34.66672,0
            135.42784,34.66675,0
            135.42785,34.66677,0
            135.42785,34.66679,0
            135.42786,34.66681,0
            135.42785,34.66682,0
            135.42784,34.66685,0
            135.42783,34.66687,0
            135.42779,34.66691,0
            135.42777,34.66692,0
            135.42766,34.66699,0
            135.42758,34.66707,0
            135.42704,34.66797,0
            135.42693,34.66821,0
            135.42692,34.66825,0
            135.42692,34.66828,0
            135.42694,34.66834,0
            135.42696,34.66836,0
            135.42698,34.66839,0
            135.42701,34.66841,0
            135.42705,34.66843,0
            135.42708,34.66845,0
            135.42747,34.66856,0
            135.42878,34.66897,0
            135.42881,34.66897,0
            135.42886,34.66894,0
            135.42887,34.66894,0
            135.42887,34.66893,0
            135.42888,34.66893,0
            135.42888,34.66892,0
            135.42889,34.66892,0
            135.42889,34.66888,0
            135.42888,34.66887,0
            135.42888,34.66886,0
            135.42886,34.66886,0
            135.42886,34.66885,0
            135.42883,34.66885,0
            135.42883,34.66884,0
            135.42882,34.66884,0
            135.42881,34.66885,0
            135.42879,34.66885,0
            135.42879,34.66886,0
            135.42878,34.66886,0
            135.42843,34.66875,0
            135.42838,34.66874,0
            135.42827,34.66867,0
            135.42824,34.66864,0
            135.42811,34.66848,0
            135.42801,34.66841,0
            135.42734,34.6682,0
            135.42732,34.6682,0
            135.42729,34.66817,0
            135.42729,34.66816,0
            135.42728,34.66814,0
            135.42728,34.66811,0
            135.42756,34.66748,0
            135.42775,34.66708,0
            135.42777,34.66706,0
            135.42786,34.66701,0
            135.42791,34.66699,0
            135.42794,34.66696,0
            135.42797,34.66694,0
            135.428,34.6669,0
            135.42812,34.66666,0
            135.42816,34.66668,0
            135.42819,34.6667,0
            135.42822,34.66671,0
            135.42963,34.66778,0
            135.42967,34.6678,0
            135.4297,34.66782,0
          </coordinates>
        </LineString>
      </Placemark>
      <Placemark>
        <name>日本京都府京都市下京区 Otabichō, 京都河原町駅</name>
        <styleUrl>#icon-1899-DB4436-nodesc</styleUrl>
        <Point>
          <coordinates>
            135.7687483,35.0037659,0
          </coordinates>
        </Point>
      </Placemark>
      <Placemark>
        <name>日本环球影城</name>
        <styleUrl>#icon-1899-DB4436-nodesc</styleUrl>
        <Point>
          <coordinates>
            135.4297004,34.667823,0
          </coordinates>
        </Point>
      </Placemark>
    </Folder>
    <Folder>
      <name>从GLANSIT KYOTO KAWARAMACHI到日本京都府京都市下京区 Higashishiokōji Kamadonochō, 京都站的路线</name>
      <Placemark>
        <name>从GLANSIT KYOTO KAWARAMACHI到日本京都府京都市下京区 Higashishiokōji Kamadonochō, 京都站的路线</name>
        <styleUrl>#line-1267FF-5000-nodesc</styleUrl>
        <LineString>
          <tessellate>1</tessellate>
          <coordinates>
            135.76961,35.00465,0
            135.76959,35.00465,0
            135.76958,35.00465,0
            135.76957,35.00465,0
            135.76953,35.00464,0
            135.76936,35.00463,0
            135.76928,35.00462,0
            135.76929,35.00452,0
            135.76929,35.00445,0
            135.76929,35.00435,0
            135.76929,35.00427,0
            135.7693,35.00413,0
            135.7693,35.00395,0
            135.76931,35.00377,0
            135.76931,35.00376,0
            135.76931,35.00371,0
            135.76931,35.00358,0
            135.76932,35.00355,0
            135.76932,35.00341,0
            135.76933,35.00326,0
            135.76933,35.00324,0
            135.76933,35.00313,0
            135.76933,35.00308,0
            135.76933,35.00296,0
            135.76933,35.00275,0
            135.76934,35.00265,0
            135.76934,35.00262,0
            135.76933,35.00258,0
            135.76933,35.00255,0
            135.76933,35.00252,0
            135.76933,35.00247,0
            135.7693,35.00239,0
            135.76923,35.00222,0
            135.76919,35.00215,0
            135.76911,35.00198,0
            135.76907,35.00189,0
            135.76896,35.0017,0
            135.7688,35.00137,0
            135.76868,35.00114,0
            135.76851,35.00079,0
            135.76838,35.00054,0
            135.76821,35.00019,0
            135.76817,35.00012,0
            135.76806,34.99989,0
            135.76802,34.9998,0
            135.768,34.99975,0
            135.76767,34.99908,0
            135.76762,34.99897,0
            135.7676,34.99892,0
            135.76758,34.99887,0
            135.7675,34.99869,0
            135.76742,34.9985,0
            135.76741,34.99848,0
            135.76725,34.99808,0
            135.76711,34.99777,0
            135.76708,34.99769,0
            135.76703,34.99756,0
            135.76699,34.99747,0
            135.76691,34.99726,0
            135.76687,34.99716,0
            135.76684,34.99709,0
            135.76679,34.99698,0
            135.76676,34.99689,0
            135.76665,34.99664,0
            135.76662,34.99657,0
            135.76659,34.99651,0
            135.76653,34.99638,0
            135.76645,34.99621,0
            135.76643,34.99619,0
            135.76632,34.99599,0
            135.76621,34.99578,0
            135.76601,34.99548,0
            135.76584,34.99523,0
            135.76565,34.99496,0
            135.76553,34.9948,0
            135.76545,34.99466,0
            135.76538,34.99456,0
            135.7653,34.99443,0
            135.76516,34.99419,0
            135.76508,34.99404,0
            135.76506,34.99401,0
            135.76503,34.99396,0
            135.76484,34.99358,0
            135.76469,34.99329,0
            135.7645,34.99291,0
            135.76446,34.99283,0
            135.76436,34.99262,0
            135.76433,34.99256,0
            135.7643,34.99248,0
            135.76423,34.99229,0
            135.76421,34.9922,0
            135.7642,34.99207,0
            135.76421,34.99199,0
            135.76421,34.99164,0
            135.76421,34.99154,0
            135.76422,34.99041,0
            135.76422,34.99039,0
            135.76421,34.98988,0
            135.76421,34.98945,0
            135.76421,34.98926,0
            135.76422,34.98863,0
            135.76421,34.9884,0
            135.76421,34.98819,0
            135.76421,34.98815,0
            135.7642,34.98799,0
            135.7642,34.98775,0
            135.7642,34.98771,0
            135.7642,34.98748,0
            135.7642,34.98743,0
            135.7642,34.98737,0
            135.76421,34.98729,0
            135.76426,34.98722,0
            135.76415,34.98724,0
            135.76409,34.98725,0
            135.76405,34.98725,0
            135.764,34.98726,0
            135.76395,34.98726,0
            135.76384,34.98726,0
            135.76359,34.98727,0
            135.76348,34.98727,0
            135.76342,34.98727,0
            135.76339,34.98727,0
            135.76315,34.98726,0
            135.76292,34.98726,0
            135.76265,34.98726,0
            135.76225,34.98725,0
            135.76209,34.98725,0
            135.76192,34.98725,0
            135.76167,34.98725,0
            135.7615,34.98725,0
            135.76148,34.98725,0
            135.76131,34.98724,0
            135.76111,34.98724,0
            135.76109,34.98724,0
            135.76096,34.98723,0
            135.76087,34.98722,0
            135.76082,34.98722,0
            135.76074,34.98722,0
            135.76071,34.98722,0
            135.76062,34.98722,0
            135.76058,34.98721,0
            135.76044,34.98721,0
            135.76039,34.98721,0
            135.76023,34.9872,0
            135.75999,34.9872,0
            135.75986,34.9872,0
            135.75984,34.9872,0
            135.75984,34.98708,0
            135.75985,34.98703,0
            135.75986,34.98702,0
            135.75986,34.98701,0
            135.75987,34.987,0
            135.75988,34.987,0
            135.75989,34.987,0
            135.7599,34.987,0
            135.75991,34.98699,0
            135.75992,34.98699,0
            135.75996,34.98699,0
            135.75999,34.98699,0
            135.76018,34.987,0
            135.76043,34.987,0
            135.76044,34.987,0
            135.76045,34.987,0
            135.76045,34.98699,0
            135.76046,34.98699,0
            135.76047,34.98698,0
            135.76047,34.98697,0
            135.76047,34.98696,0
            135.76048,34.98695,0
            135.76048,34.98694,0
            135.76048,34.98693,0
            135.76048,34.98674,0
            135.76048,34.98672,0
            135.76047,34.98671,0
            135.76047,34.9867,0
            135.76047,34.98669,0
            135.76046,34.98669,0
            135.76045,34.98668,0
            135.76043,34.98667,0
            135.76042,34.98667,0
            135.7604,34.98666,0
            135.76039,34.98666,0
            135.76038,34.98666,0
            135.76037,34.98667,0
            135.76036,34.98667,0
            135.76035,34.98667,0
            135.76035,34.98668,0
            135.76033,34.98669,0
            135.76033,34.9867,0
            135.76032,34.98673,0
            135.76032,34.98675,0
            135.76032,34.98681,0
            135.76032,34.98684,0
            135.76031,34.98687,0
            135.76031,34.98688,0
            135.7603,34.9869,0
            135.76029,34.98691,0
            135.76028,34.98692,0
            135.76027,34.98693,0
            135.76026,34.98693,0
            135.76025,34.98693,0
            135.76025,34.98694,0
            135.76024,34.98694,0
            135.76023,34.98694,0
            135.7602,34.98694,0
            135.76019,34.98694,0
            135.76017,34.98694,0
            135.76013,34.98694,0
            135.75991,34.98694,0
            135.75989,34.98694,0
            135.75986,34.98694,0
            135.75985,34.98693,0
            135.75984,34.98693,0
            135.75983,34.98693,0
            135.75983,34.98692,0
            135.75982,34.98691,0
            135.75982,34.9869,0
            135.75982,34.98688,0
            135.75982,34.98686,0
            135.75981,34.98685,0
            135.75982,34.98679,0
            135.75981,34.98672,0
            135.75981,34.98655,0
            135.75981,34.98652,0
            135.75981,34.98651,0
            135.7598,34.9865,0
            135.75979,34.98649,0
            135.75977,34.98649,0
            135.75975,34.98648,0
            135.75973,34.98649,0
            135.75971,34.98649,0
            135.7597,34.98649,0
            135.75969,34.98649,0
            135.75969,34.9865,0
            135.75968,34.9865,0
            135.75967,34.98651,0
          </coordinates>
        </LineString>
      </Placemark>
      <Placemark>
        <name>GLANSIT KYOTO KAWARAMACHI</name>
        <styleUrl>#icon-1899-DB4436-nodesc</styleUrl>
        <Point>
          <coordinates>
            135.7696099,35.0046537,0
          </coordinates>
        </Point>
      </Placemark>
      <Placemark>
        <name>日本京都府京都市下京区 Higashishiokōji Kamadonochō, 京都站</name>
        <styleUrl>#icon-1899-DB4436-nodesc</styleUrl>
        <Point>
          <coordinates>
            135.7596687,34.9865105,0
          </coordinates>
        </Point>
      </Placemark>
    </Folder>
    <Folder>
      <name>从日本京都府京都市下京区 Higashishiokōji Kamadonochō, 京都站到东京站的路线</name>
      <Placemark>
        <name>从日本京都府京都市下京区 Higashishiokōji Kamadonochō, 京都站到东京站的路线</name>
        <styleUrl>#line-1267FF-5000-nodesc</styleUrl>
        <LineString>
          <tessellate>1</tessellate>
          <coordinates>
            135.75967,34.98651,0
            135.75966,34.98653,0
            135.75965,34.98654,0
            135.75965,34.98668,0
            135.75966,34.98672,0
            135.75967,34.98692,0
            135.75966,34.98707,0
            135.75966,34.98719,0
            135.75977,34.98719,0
            135.75984,34.9872,0
            135.76023,34.9872,0
            135.76039,34.98721,0
            135.76058,34.98721,0
            135.76062,34.98722,0
            135.76087,34.98722,0
            135.76109,34.98724,0
            135.76131,34.98724,0
            135.76148,34.98725,0
            135.76315,34.98726,0
            135.76339,34.98727,0
            135.76359,34.98727,0
            135.76384,34.98726,0
            135.764,34.98726,0
            135.76405,34.98725,0
            135.76409,34.98725,0
            135.76415,34.98724,0
            135.76421,34.98729,0
            135.7642,34.98737,0
            135.7642,34.98799,0
            135.76421,34.98815,0
            135.76421,34.9884,0
            135.76422,34.98863,0
            135.76421,34.98988,0
            135.76422,34.99039,0
            135.76421,34.99199,0
            135.7642,34.99207,0
            135.76421,34.9922,0
            135.76423,34.99229,0
            135.76433,34.99256,0
            135.76503,34.99396,0
            135.76508,34.99404,0
            135.76516,34.99419,0
            135.76538,34.99456,0
            135.76545,34.99466,0
            135.76553,34.9948,0
            135.76565,34.99496,0
            135.76621,34.99578,0
            135.76632,34.99599,0
            135.7665,34.99598,0
            135.76665,34.99596,0
            135.7667,34.99596,0
            135.76685,34.99594,0
            135.76696,34.99592,0
            135.76707,34.99591,0
            135.76744,34.99584,0
            135.76829,34.99571,0
            135.76833,34.9957,0
            135.76846,34.99569,0
            135.76914,34.99561,0
            135.76929,34.9956,0
            135.76932,34.99559,0
            135.77003,34.99549,0
            135.77012,34.99547,0
            135.77024,34.99546,0
            135.77102,34.99535,0
            135.77113,34.99533,0
            135.77177,34.99524,0
            135.77185,34.99522,0
            135.77206,34.99518,0
            135.77213,34.99512,0
            135.77214,34.99512,0
            135.7731,34.99489,0
            135.77315,34.99487,0
            135.77317,34.99487,0
            135.77464,34.9945,0
            135.77547,34.99432,0
            135.77554,34.9943,0
            135.7756,34.99429,0
            135.77572,34.99424,0
            135.77588,34.99416,0
            135.77603,34.99407,0
            135.77635,34.99379,0
            135.77642,34.99374,0
            135.77648,34.99368,0
            135.77687,34.99335,0
            135.777,34.99325,0
            135.77709,34.99317,0
            135.77712,34.99315,0
            135.77727,34.99303,0
            135.77732,34.993,0
            135.77736,34.99297,0
            135.77747,34.99291,0
            135.77752,34.99289,0
            135.77756,34.99287,0
            135.77764,34.99285,0
            135.77766,34.99284,0
            135.77767,34.99284,0
            135.77775,34.99282,0
            135.77787,34.9928,0
            135.77793,34.9928,0
            135.77802,34.99279,0
            135.77818,34.99279,0
            135.77823,34.9928,0
            135.77828,34.9928,0
            135.77833,34.99282,0
            135.77841,34.99283,0
            135.77867,34.99283,0
            135.77874,34.99282,0
            135.7788,34.99282,0
            135.77887,34.9928,0
            135.77894,34.99279,0
            135.77952,34.99261,0
            135.78011,34.99241,0
            135.78031,34.99235,0
            135.78062,34.99224,0
            135.78355,34.99128,0
            135.78382,34.99117,0
            135.78414,34.99102,0
            135.78452,34.9908,0
            135.78516,34.99036,0
            135.78523,34.99032,0
            135.78554,34.9901,0
            135.78556,34.99008,0
            135.7859,34.98984,0
            135.78595,34.98981,0
            135.78623,34.98962,0
            135.78635,34.98953,0
            135.78636,34.98953,0
            135.78654,34.9894,0
            135.78675,34.98926,0
            135.78687,34.98919,0
            135.78706,34.9891,0
            135.78707,34.9891,0
            135.78716,34.98906,0
            135.78725,34.98903,0
            135.78733,34.98901,0
            135.78734,34.98901,0
            135.78741,34.98898,0
            135.7877,34.98893,0
            135.78774,34.98892,0
            135.78786,34.98891,0
            135.78825,34.98891,0
            135.78841,34.98893,0
            135.78847,34.98893,0
            135.78857,34.98895,0
            135.78858,34.98895,0
            135.78871,34.98897,0
            135.78878,34.98899,0
            135.78903,34.98903,0
            135.79187,34.98917,0
            135.79194,34.98917,0
            135.79219,34.98919,0
            135.7926,34.98919,0
            135.79281,34.98917,0
            135.79295,34.98914,0
            135.79317,34.98908,0
            135.79342,34.989,0
            135.79346,34.98898,0
            135.79419,34.9887,0
            135.79445,34.98858,0
            135.79454,34.98853,0
            135.79468,34.98843,0
            135.79472,34.98839,0
            135.79482,34.98831,0
            135.79486,34.98826,0
            135.79491,34.98821,0
            135.79504,34.98801,0
            135.79505,34.988,0
            135.79507,34.98796,0
            135.79515,34.98776,0
            135.79517,34.98769,0
            135.79518,34.98764,0
            135.79518,34.98762,0
            135.7952,34.98749,0
            135.7952,34.98746,0
            135.7954,34.98589,0
            135.79541,34.98584,0
            135.79544,34.98556,0
            135.7955,34.98518,0
            135.79562,34.98479,0
            135.79564,34.9847,0
            135.79569,34.98454,0
            135.7957,34.98452,0
            135.79572,34.98445,0
            135.79578,34.98431,0
            135.79583,34.98422,0
            135.79586,34.98415,0
            135.79592,34.98404,0
            135.79594,34.98401,0
            135.79601,34.98388,0
            135.79601,34.98387,0
            135.79613,34.98367,0
            135.79616,34.98359,0
            135.79637,34.98322,0
            135.79643,34.98309,0
            135.79648,34.98302,0
            135.79653,34.98293,0
            135.79655,34.9829,0
            135.79659,34.98285,0
            135.79662,34.9828,0
            135.79664,34.98278,0
            135.79689,34.98247,0
            135.7969,34.98247,0
            135.797,34.98237,0
            135.79705,34.98233,0
            135.79707,34.98231,0
            135.79729,34.98214,0
            135.79745,34.98203,0
            135.79765,34.98192,0
            135.79785,34.98182,0
            135.79786,34.98182,0
            135.79791,34.98174,0
            135.79829,34.98162,0
            135.7983,34.98161,0
            135.79868,34.98152,0
            135.79882,34.9815,0
            135.79893,34.98149,0
            135.79899,34.98148,0
            135.79905,34.98148,0
            135.79909,34.98147,0
            135.79962,34.98145,0
            135.80066,34.98145,0
            135.80089,34.98144,0
            135.80218,34.98143,0
            135.80244,34.98142,0
            135.80604,34.98138,0
            135.80615,34.98137,0
            135.80813,34.98136,0
            135.80821,34.98135,0
            135.80891,34.98135,0
            135.80916,34.98134,0
            135.80975,34.98134,0
            135.81009,34.98133,0
            135.81017,34.98134,0
            135.81036,34.98133,0
            135.81222,34.98131,0
            135.81243,34.9813,0
            135.81266,34.98131,0
            135.81292,34.9813,0
            135.81614,34.98126,0
            135.8163,34.98125,0
            135.8177,34.98125,0
            135.82079,34.98121,0
            135.821,34.9812,0
            135.82173,34.9812,0
            135.82192,34.98119,0
            135.82474,34.98117,0
            135.82507,34.98121,0
            135.82516,34.98123,0
            135.82523,34.98124,0
            135.8255,34.98132,0
            135.82554,34.98134,0
            135.82558,34.98135,0
            135.82578,34.98144,0
            135.82591,34.98151,0
            135.82607,34.98161,0
            135.82633,34.98182,0
            135.82639,34.98189,0
            135.82642,34.98192,0
            135.82654,34.98206,0
            135.82657,34.98211,0
            135.82667,34.98224,0
            135.82672,34.98233,0
            135.82679,34.98251,0
            135.82703,34.98334,0
            135.82703,34.98336,0
            135.82714,34.98372,0
            135.82771,34.98583,0
            135.82771,34.98585,0
            135.82783,34.98629,0
            135.82784,34.98631,0
            135.82786,34.9864,0
            135.8279,34.98653,0
            135.82795,34.98674,0
            135.82801,34.98692,0
            135.82798,34.98697,0
            135.82798,34.98698,0
            135.82799,34.98704,0
            135.82806,34.98734,0
            135.82816,34.98769,0
            135.82823,34.9879,0
            135.82825,34.98799,0
            135.82835,34.98835,0
            135.82831,34.98841,0
            135.82831,34.98842,0
            135.8283,34.98843,0
            135.8283,34.98848,0
            135.82831,34.9885,0
            135.82832,34.98857,0
            135.82839,34.98882,0
            135.82841,34.98892,0
            135.82843,34.98897,0
            135.82845,34.98906,0
            135.82847,34.98911,0
            135.82855,34.98943,0
            135.82857,34.98949,0
            135.82857,34.98953,0
            135.82858,34.98961,0
            135.82858,34.98966,0
            135.82857,34.98974,0
            135.82855,34.98983,0
            135.82848,34.98995,0
            135.82843,34.99,0
            135.8284,34.99002,0
            135.82838,34.99004,0
            135.82835,34.99005,0
            135.82831,34.99007,0
            135.8282,34.9901,0
            135.82807,34.9901,0
            135.82804,34.99009,0
            135.82801,34.99009,0
            135.82796,34.99007,0
            135.82788,34.99003,0
            135.82786,34.99001,0
            135.8278,34.98997,0
            135.8278,34.98996,0
            135.82778,34.98993,0
            135.82776,34.98991,0
            135.82775,34.98988,0
            135.82774,34.98986,0
            135.82773,34.98983,0
            135.82773,34.98974,0
            135.82774,34.9897,0
            135.82774,34.98968,0
            135.82775,34.98965,0
            135.82778,34.98959,0
            135.82786,34.98951,0
            135.82794,34.98945,0
            135.82804,34.9894,0
            135.82821,34.98935,0
            135.82831,34.98931,0
            135.82852,34.98928,0
            135.82896,34.98924,0
            135.82906,34.98922,0
            135.82908,34.98922,0
            135.82918,34.98921,0
            135.8292,34.98921,0
            135.83056,34.98904,0
            135.83066,34.98904,0
            135.83085,34.98901,0
            135.83143,34.98895,0
            135.83154,34.98893,0
            135.83179,34.98891,0
            135.83191,34.98889,0
            135.83198,34.98889,0
            135.83234,34.98884,0
            135.83263,34.98881,0
            135.83266,34.98881,0
            135.83273,34.9888,0
            135.83277,34.9888,0
            135.83282,34.98879,0
            135.8331,34.98877,0
            135.83401,34.98868,0
            135.83415,34.98873,0
            135.83416,34.98873,0
            135.83416,34.98874,0
            135.83454,34.98871,0
            135.83464,34.98871,0
            135.83472,34.9887,0
            135.8348,34.9887,0
            135.83487,34.98871,0
            135.83503,34.98871,0
            135.83521,34.98873,0
            135.83525,34.98873,0
            135.83571,34.98878,0
            135.83587,34.98879,0
            135.83597,34.98881,0
            135.83633,34.98885,0
            135.83701,34.98896,0
            135.83741,34.98905,0
            135.83754,34.98907,0
            135.83763,34.9891,0
            135.838,34.9892,0
            135.8381,34.98924,0
            135.83819,34.98927,0
            135.83821,34.98927,0
            135.83843,34.98935,0
            135.83844,34.98935,0
            135.8386,34.98942,0
            135.83873,34.98946,0
            135.83894,34.98955,0
            135.83895,34.98955,0
            135.83969,34.98988,0
            135.83978,34.98991,0
            135.84014,34.99006,0
            135.84045,34.99017,0
            135.8406,34.99017,0
            135.841,34.99031,0
            135.84136,34.99042,0
            135.84142,34.99043,0
            135.84148,34.99045,0
            135.84186,34.99055,0
            135.84195,34.99058,0
            135.84214,34.99062,0
            135.84691,34.99181,0
            135.84696,34.99183,0
            135.84701,34.99184,0
            135.8479,34.99207,0
            135.8484,34.99222,0
            135.84879,34.99237,0
            135.84914,34.99254,0
            135.84953,34.99276,0
            135.85002,34.99309,0
            135.85008,34.99314,0
            135.85087,34.9937,0
            135.85092,34.99374,0
            135.85097,34.99377,0
            135.85101,34.9938,0
            135.85102,34.99381,0
            135.85179,34.99435,0
            135.85184,34.99439,0
            135.85201,34.99451,0
            135.85206,34.99455,0
            135.85316,34.99533,0
            135.85354,34.99558,0
            135.85356,34.99559,0
            135.85357,34.9956,0
            135.85453,34.99616,0
            135.85521,34.9965,0
            135.8553,34.99655,0
            135.85617,34.99693,0
            135.85618,34.99694,0
            135.85637,34.99701,0
            135.85715,34.99733,0
            135.85723,34.99735,0
            135.85729,34.99738,0
            135.85734,34.99739,0
            135.85748,34.99744,0
            135.85761,34.99748,0
            135.85762,34.99748,0
            135.85796,34.99759,0
            135.85801,34.99761,0
            135.85927,34.99793,0
            135.85948,34.99799,0
            135.86179,34.99858,0
            135.862,34.99864,0
            135.86277,34.99882,0
            135.863,34.99886,0
            135.8633,34.99889,0
            135.86366,34.99891,0
            135.864,34.99891,0
            135.86407,34.9989,0
            135.86433,34.99888,0
            135.8646,34.99884,0
            135.865,34.99876,0
            135.86556,34.99859,0
            135.8658,34.9985,0
            135.86617,34.99834,0
            135.86731,34.9978,0
            135.8679,34.9975,0
            135.87118,34.99592,0
            135.87122,34.99591,0
            135.87167,34.99568,0
            135.87174,34.99565,0
            135.87178,34.99564,0
            135.87213,34.99546,0
            135.87253,34.99524,0
            135.87326,34.99479,0
            135.87386,34.99438,0
            135.87457,34.99385,0
            135.87481,34.99366,0
            135.87494,34.99354,0
            135.87509,34.99342,0
            135.8752,34.99331,0
            135.87531,34.99322,0
            135.87537,34.99316,0
            135.87547,34.99307,0
            135.87553,34.99301,0
            135.87558,34.99297,0
            135.87621,34.99234,0
            135.87653,34.99198,0
            135.87656,34.99194,0
            135.8766,34.9919,0
            135.87663,34.99186,0
            135.87666,34.99183,0
            135.87692,34.99151,0
            135.87711,34.99126,0
            135.87713,34.99124,0
            135.87722,34.99111,0
            135.87723,34.99111,0
            135.87724,34.99108,0
            135.87733,34.99096,0
            135.87734,34.99095,0
            135.8776,34.99058,0
            135.87778,34.99029,0
            135.87781,34.99023,0
            135.87785,34.99018,0
            135.8779,34.99008,0
            135.87791,34.99007,0
            135.87807,34.9898,0
            135.87832,34.98935,0
            135.87835,34.98927,0
            135.87837,34.98924,0
            135.8785,34.98898,0
            135.87882,34.98823,0
            135.87888,34.98806,0
            135.87891,34.988,0
            135.87896,34.98783,0
            135.87904,34.98762,0
            135.87937,34.9866,0
            135.87939,34.98655,0
            135.87978,34.98535,0
            135.8798,34.9853,0
            135.88034,34.98363,0
            135.88036,34.98359,0
            135.8807,34.98255,0
            135.88073,34.98247,0
            135.88074,34.98245,0
            135.88109,34.98137,0
            135.88113,34.98122,0
            135.88117,34.98112,0
            135.88139,34.98045,0
            135.8814,34.98041,0
            135.88142,34.98036,0
            135.88187,34.97898,0
            135.8819,34.97891,0
            135.882,34.9786,0
            135.88205,34.97849,0
            135.88213,34.97828,0
            135.88235,34.97778,0
            135.88253,34.97742,0
            135.88264,34.97724,0
            135.88266,34.97719,0
            135.88279,34.97696,0
            135.88296,34.9767,0
            135.88303,34.97658,0
            135.88316,34.97638,0
            135.88338,34.97608,0
            135.88339,34.97606,0
            135.8835,34.97591,0
            135.88382,34.97551,0
            135.88387,34.97544,0
            135.88398,34.97531,0
            135.88435,34.97491,0
            135.88437,34.97488,0
            135.88486,34.97439,0
            135.88491,34.97435,0
            135.88497,34.97429,0
            135.88547,34.97385,0
            135.88583,34.97356,0
            135.88589,34.97352,0
            135.88622,34.97327,0
            135.88655,34.97304,0
            135.88656,34.97303,0
            135.88724,34.9726,0
            135.88725,34.9726,0
            135.88757,34.97241,0
            135.88779,34.9723,0
            135.88814,34.97211,0
            135.88878,34.97181,0
            135.88907,34.97169,0
            135.88913,34.97166,0
            135.8898,34.9714,0
            135.89029,34.97123,0
            135.89066,34.97112,0
            135.89071,34.9711,0
            135.89076,34.97109,0
            135.89085,34.97106,0
            135.89089,34.97105,0
            135.89094,34.97103,0
            135.89099,34.97102,0
            135.89105,34.971,0
            135.8912,34.97096,0
            135.89213,34.97075,0
            135.89259,34.97066,0
            135.89274,34.97064,0
            135.89308,34.97058,0
            135.89356,34.97052,0
            135.89417,34.97046,0
            135.89422,34.97046,0
            135.89487,34.9704,0
            135.89509,34.97039,0
            135.89749,34.97018,0
            135.89771,34.97017,0
            135.89935,34.97002,0
            135.89943,34.97002,0
            135.8995,34.97001,0
            135.89952,34.97001,0
            135.89959,34.97,0
            135.89968,34.97,0
            135.90325,34.96969,0
            135.90328,34.96969,0
            135.90334,34.96968,0
            135.9034,34.96968,0
            135.90348,34.96967,0
            135.90356,34.96967,0
            135.90397,34.96963,0
            135.90402,34.96963,0
            135.90406,34.96962,0
            135.90413,34.96962,0
            135.90451,34.96958,0
            135.90459,34.96958,0
            135.9077,34.96933,0
            135.9082,34.96928,0
            135.90825,34.96928,0
            135.90849,34.96926,0
            135.90852,34.96926,0
            135.90951,34.96917,0
            135.90956,34.96916,0
            135.90961,34.96916,0
            135.91045,34.96909,0
            135.91072,34.96906,0
            135.91082,34.96906,0
            135.91087,34.96905,0
            135.91096,34.96905,0
            135.91354,34.96883,0
            135.91358,34.96883,0
            135.91378,34.96881,0
            135.91396,34.9688,0
            135.91798,34.96846,0
            135.91805,34.96846,0
            135.91815,34.96845,0
            135.91886,34.96843,0
            135.91958,34.96843,0
            135.92039,34.96847,0
            135.92124,34.96854,0
            135.92128,34.96855,0
            135.92145,34.96856,0
            135.92258,34.96873,0
            135.92291,34.96879,0
            135.92322,34.96886,0
            135.92354,34.96892,0
            135.92767,34.96983,0
            135.92773,34.96985,0
            135.92858,34.97003,0
            135.92878,34.97008,0
            135.93288,34.97097,0
            135.93308,34.97102,0
            135.93406,34.97123,0
            135.93422,34.97127,0
            135.93444,34.97134,0
            135.93486,34.97144,0
            135.93515,34.97152,0
            135.93696,34.97191,0
            135.93697,34.97192,0
            135.93809,34.97216,0
            135.9386,34.97228,0
            135.93867,34.97229,0
            135.93941,34.9725,0
            135.94046,34.97286,0
            135.94067,34.97295,0
            135.94084,34.973,0
            135.94148,34.9733,0
            135.94214,34.97364,0
            135.943,34.97415,0
            135.94388,34.97473,0
            135.9439,34.97474,0
            135.94439,34.97507,0
            135.94446,34.97511,0
            135.95215,34.98017,0
            135.95215,34.98028,0
            135.95216,34.98029,0
            135.95251,34.98055,0
            135.95265,34.98067,0
            135.95272,34.98072,0
            135.95281,34.9808,0
            135.95317,34.98109,0
            135.95362,34.98149,0
            135.95364,34.9815,0
            135.95374,34.98159,0
            135.95391,34.98172,0
            135.95398,34.98179,0
            135.95428,34.98202,0
            135.95434,34.98208,0
            135.9547,34.98234,0
            135.95475,34.98237,0
            135.95482,34.98242,0
            135.95489,34.98246,0
            135.95507,34.98254,0
            135.9551,34.98256,0
            135.95551,34.98272,0
            135.95554,34.98272,0
            135.95568,34.98277,0
            135.95593,34.98283,0
            135.95596,34.98284,0
            135.95606,34.98285,0
            135.95617,34.98287,0
            135.95624,34.98287,0
            135.9563,34.98288,0
            135.95654,34.98289,0
            135.9568,34.98289,0
            135.9571,34.98286,0
            135.95736,34.98281,0
            135.9576,34.98275,0
            135.95791,34.98265,0
            135.95807,34.98259,0
            135.9581,34.98257,0
            135.95814,34.98256,0
            135.95836,34.98244,0
            135.9584,34.98241,0
            135.95841,34.98241,0
            135.9585,34.98236,0
            135.95855,34.98232,0
            135.95867,34.98224,0
            135.95882,34.98212,0
            135.95889,34.98205,0
            135.95897,34.98198,0
            135.95911,34.98184,0
            135.95914,34.98179,0
            135.95923,34.98169,0
            135.95925,34.98165,0
            135.95926,34.98164,0
            135.95939,34.98146,0
            135.95944,34.98138,0
            135.95945,34.98136,0
            135.95994,34.98058,0
            135.95997,34.98054,0
            135.96007,34.98037,0
            135.96016,34.98024,0
            135.9602,34.98017,0
            135.96025,34.9801,0
            135.96025,34.98009,0
            135.96038,34.97989,0
            135.9604,34.97985,0
            135.96055,34.9796,0
            135.96057,34.97956,0
            135.96068,34.9794,0
            135.96076,34.97927,0
            135.9608,34.97919,0
            135.96084,34.97913,0
            135.96095,34.97893,0
            135.961,34.97885,0
            135.96123,34.97838,0
            135.96134,34.97812,0
            135.96142,34.97788,0
            135.96148,34.97772,0
            135.96157,34.97739,0
            135.96161,34.97719,0
            135.96164,34.97708,0
            135.96164,34.97704,0
            135.9617,34.97664,0
            135.96173,34.97621,0
            135.96173,34.97584,0
            135.96172,34.97578,0
            135.96172,34.97565,0
            135.96171,34.97561,0
            135.96171,34.97551,0
            135.96167,34.9752,0
            135.96164,34.97506,0
            135.96162,34.97493,0
            135.96154,34.97461,0
            135.96151,34.97452,0
            135.96146,34.97433,0
            135.96142,34.97422,0
            135.9614,34.97418,0
            135.96134,34.97401,0
            135.96128,34.97386,0
            135.96126,34.97382,0
            135.9612,34.97366,0
            135.96106,34.97336,0
            135.96079,34.97273,0
            135.96074,34.9726,0
            135.96072,34.97256,0
            135.96058,34.97219,0
            135.96052,34.97199,0
            135.9605,34.97188,0
            135.96048,34.97181,0
            135.96044,34.97158,0
            135.96042,34.97152,0
            135.96035,34.97102,0
            135.96033,34.97043,0
            135.96034,34.97013,0
            135.96038,34.96984,0
            135.96041,34.96968,0
            135.96042,34.9696,0
            135.96045,34.96945,0
            135.96053,34.96915,0
            135.96053,34.96913,0
            135.96064,34.96881,0
            135.96064,34.96879,0
            135.9607,34.96863,0
            135.96092,34.96815,0
            135.96101,34.96799,0
            135.96102,34.96796,0
            135.96112,34.9678,0
            135.96113,34.96778,0
            135.96121,34.96765,0
            135.96122,34.96764,0
            135.96151,34.96722,0
            135.96165,34.96705,0
            135.96191,34.96677,0
            135.96203,34.96663,0
            135.96219,34.96647,0
            135.9626,34.96613,0
            135.9627,34.96604,0
            135.96282,34.96595,0
            135.96284,34.96594,0
            135.96291,34.96588,0
            135.96294,34.96585,0
            135.96316,34.96568,0
            135.9634,34.96551,0
            135.96429,34.96492,0
            135.96478,34.96465,0
            135.96484,34.96461,0
            135.96535,34.96434,0
            135.96799,34.96312,0
            135.96859,34.96281,0
            135.96895,34.96261,0
            135.9693,34.9624,0
            135.96981,34.96206,0
            135.97024,34.96174,0
            135.97044,34.96157,0
            135.97055,34.96149,0
            135.97073,34.96132,0
            135.97089,34.96118,0
            135.97108,34.961,0
            135.97108,34.96099,0
            135.97136,34.96072,0
            135.97225,34.9598,0
            135.97257,34.95952,0
            135.97294,34.95925,0
            135.97312,34.95915,0
            135.9733,34.95904,0
            135.97349,34.95895,0
            135.97388,34.95879,0
            135.97408,34.95872,0
            135.97429,34.95866,0
            135.97469,34.95857,0
            135.97471,34.95857,0
            135.97514,34.95851,0
            135.97558,34.95849,0
            135.97579,34.95849,0
            135.97601,34.9585,0
            135.97642,34.95854,0
            135.97663,34.95858,0
            135.97671,34.9586,0
            135.97687,34.95863,0
            135.97727,34.95874,0
            135.97856,34.95915,0
            135.98035,34.95975,0
            135.98129,34.96004,0
            135.98323,34.96055,0
            135.98533,34.96103,0
            135.98535,34.96103,0
            135.98619,34.9612,0
            135.9874,34.96139,0
            135.9877,34.96142,0
            135.98966,34.96168,0
            135.98987,34.96169,0
            135.9911,34.96179,0
            135.99209,34.96184,0
            135.9933,34.96188,0
            135.99402,34.96188,0
            135.99534,34.96185,0
            135.99664,34.96178,0
            135.99806,34.96166,0
            135.99915,34.96153,0
            136.00027,34.96137,0
            136.00124,34.96121,0
            136.00235,34.961,0
            136.00377,34.9607,0
            136.00574,34.96022,0
            136.00576,34.96021,0
            136.00596,34.96015,0
            136.00617,34.9601,0
            136.0074,34.95974,0
            136.00864,34.95935,0
            136.00884,34.95928,0
            136.00888,34.95927,0
            136.01133,34.95836,0
            136.01279,34.95776,0
            136.01447,34.95698,0
            136.01553,34.95645,0
            136.01636,34.95601,0
            136.01727,34.9555,0
            136.01814,34.95499,0
            136.01898,34.95447,0
            136.01975,34.95397,0
            136.02109,34.95304,0
            136.02194,34.95242,0
            136.02341,34.95124,0
            136.02414,34.95063,0
            136.02528,34.94959,0
            136.02638,34.94851,0
            136.02718,34.94766,0
            136.02784,34.94693,0
            136.02907,34.94551,0
            136.031,34.94323,0
            136.03114,34.94308,0
            136.03139,34.94279,0
            136.03152,34.94265,0
            136.03164,34.9425,0
            136.03191,34.94219,0
            136.03252,34.94154,0
            136.03266,34.94141,0
            136.03303,34.94104,0
            136.0331,34.94096,0
            136.03327,34.94081,0
            136.0333,34.94077,0
            136.0338,34.94028,0
            136.03396,34.94015,0
            136.03411,34.94001,0
            136.0346,34.93958,0
            136.03469,34.93951,0
            136.0347,34.93951,0
            136.03512,34.93915,0
            136.03592,34.93851,0
            136.03627,34.93825,0
            136.03638,34.93816,0
            136.0364,34.93815,0
            136.03687,34.9378,0
            136.03812,34.93696,0
            136.03864,34.93663,0
            136.03917,34.93631,0
            136.03928,34.93625,0
            136.03968,34.93601,0
            136.04098,34.93531,0
            136.04212,34.93475,0
            136.04335,34.9342,0
            136.04508,34.93353,0
            136.04509,34.93353,0
            136.0463,34.93311,0
            136.04802,34.93258,0
            136.0481,34.93255,0
            136.04939,34.93222,0
            136.05032,34.93193,0
            136.05093,34.93178,0
            136.05239,34.93139,0
            136.05262,34.93134,0
            136.05281,34.93129,0
            136.05282,34.93128,0
            136.05302,34.93123,0
            136.05304,34.93123,0
            136.05408,34.93097,0
            136.05449,34.93088,0
            136.0545,34.93087,0
            136.05513,34.93072,0
            136.05551,34.93064,0
            136.05557,34.93062,0
            136.05608,34.93051,0
            136.05619,34.93048,0
            136.05683,34.93034,0
            136.05703,34.93028,0
            136.06131,34.9294,0
            136.06158,34.92936,0
            136.06301,34.92909,0
            136.06412,34.9289,0
            136.06437,34.92885,0
            136.06586,34.92861,0
            136.06587,34.92861,0
            136.06741,34.92836,0
            136.07102,34.92786,0
            136.0738,34.92754,0
            136.07559,34.92731,0
            136.07707,34.9271,0
            136.07927,34.92674,0
            136.08065,34.92648,0
            136.0809,34.92644,0
            136.08097,34.92642,0
            136.0811,34.9264,0
            136.08166,34.92629,0
            136.08174,34.92627,0
            136.08181,34.92626,0
            136.08363,34.92589,0
            136.08501,34.92558,0
            136.08641,34.92524,0
            136.08661,34.9252,0
            136.0869,34.92512,0
            136.08965,34.92446,0
            136.09253,34.9239,0
            136.09266,34.92387,0
            136.09427,34.92363,0
            136.09548,34.92348,0
            136.09723,34.92332,0
            136.09793,34.92327,0
            136.09871,34.92323,0
            136.10023,34.92318,0
            136.10052,34.92318,0
            136.10074,34.92317,0
            136.10215,34.92317,0
            136.10299,34.92319,0
            136.10337,34.92319,0
            136.10433,34.92323,0
            136.10446,34.92323,0
            136.10453,34.92324,0
            136.10522,34.92325,0
            136.10627,34.9233,0
            136.10645,34.9233,0
            136.10835,34.92339,0
            136.11041,34.92344,0
            136.11096,34.92344,0
            136.11118,34.92345,0
            136.11382,34.92345,0
            136.11403,34.92344,0
            136.11552,34.92342,0
            136.11821,34.92333,0
            136.12111,34.92318,0
            136.12143,34.92315,0
            136.12279,34.92306,0
            136.1259,34.92278,0
            136.12946,34.92237,0
            136.13103,34.92215,0
            136.13231,34.92194,0
            136.13414,34.92158,0
            136.13469,34.92146,0
            136.13586,34.92118,0
            136.13669,34.92096,0
            136.13671,34.92095,0
            136.13739,34.92076,0
            136.13757,34.9207,0
            136.13817,34.92053,0
            136.13889,34.92031,0
            136.13932,34.92016,0
            136.13953,34.9201,0
            136.13966,34.92005,0
            136.13984,34.91999,0
            136.14012,34.91988,0
            136.14065,34.91969,0
            136.14066,34.91968,0
            136.14116,34.91949,0
            136.14172,34.91931,0
            136.14225,34.9191,0
            136.14231,34.91908,0
            136.14306,34.91877,0
            136.1434,34.91862,0
            136.14353,34.91857,0
            136.14434,34.91821,0
            136.14447,34.91816,0
            136.14609,34.91742,0
            136.14621,34.91736,0
            136.14636,34.9173,0
            136.14684,34.91708,0
            136.1469,34.91706,0
            136.14695,34.91703,0
            136.14699,34.91702,0
            136.14716,34.91694,0
            136.14733,34.91687,0
            136.14753,34.91677,0
            136.14772,34.91669,0
            136.14778,34.91667,0
            136.14795,34.91659,0
            136.14946,34.91594,0
            136.15084,34.91537,0
            136.15121,34.91523,0
            136.15139,34.91515,0
            136.15166,34.91505,0
            136.15193,34.91494,0
            136.15213,34.91487,0
            136.1523,34.9148,0
            136.15397,34.91418,0
            136.1558,34.91354,0
            136.15597,34.91349,0
            136.15716,34.9131,0
            136.15718,34.91309,0
            136.15797,34.91284,0
            136.15805,34.91282,0
            136.15866,34.91263,0
            136.15868,34.91262,0
            136.15969,34.91232,0
            136.1599,34.91227,0
            136.16064,34.91205,0
            136.161,34.91196,0
            136.1612,34.9119,0
            136.16299,34.91144,0
            136.16483,34.911,0
            136.16525,34.91091,0
            136.16661,34.91065,0
            136.16726,34.91054,0
            136.16853,34.91036,0
            136.16983,34.91022,0
            136.16989,34.91022,0
            136.17042,34.91017,0
            136.17055,34.91017,0
            136.17087,34.91014,0
            136.17134,34.91012,0
            136.17155,34.9101,0
            136.17203,34.91008,0
            136.17392,34.91006,0
            136.17543,34.91011,0
            136.17551,34.91012,0
            136.17654,34.91018,0
            136.17759,34.91028,0
            136.17897,34.91045,0
            136.1805,34.91069,0
            136.18076,34.91074,0
            136.18084,34.91076,0
            136.18092,34.91077,0
            136.1851,34.91152,0
            136.18709,34.91183,0
            136.18756,34.91189,0
            136.18768,34.91191,0
            136.18781,34.91192,0
            136.18799,34.91195,0
            136.18878,34.91205,0
            136.18908,34.91208,0
            136.18921,34.9121,0
            136.18969,34.91215,0
            136.19009,34.91218,0
            136.19022,34.9122,0
            136.19187,34.91234,0
            136.19289,34.91241,0
            136.19293,34.91242,0
            136.19316,34.91243,0
            136.19337,34.91245,0
            136.1952,34.91257,0
            136.19532,34.91257,0
            136.19534,34.91258,0
            136.19573,34.9126,0
            136.1959,34.91262,0
            136.19641,34.91265,0
            136.19658,34.91267,0
            136.19755,34.91275,0
            136.19838,34.91284,0
            136.19889,34.91291,0
            136.19925,34.91295,0
            136.20018,34.91309,0
            136.20143,34.91332,0
            136.20246,34.91354,0
            136.20368,34.91384,0
            136.20378,34.91386,0
            136.20484,34.91416,0
            136.20497,34.91419,0
            136.20544,34.91434,0
            136.20559,34.91438,0
            136.20638,34.91464,0
            136.20736,34.91499,0
            136.20872,34.91553,0
            136.21028,34.91624,0
            136.21039,34.9163,0
            136.2105,34.91635,0
            136.21166,34.91694,0
            136.21184,34.91704,0
            136.21202,34.91715,0
            136.21267,34.91752,0
            136.21388,34.91825,0
            136.21503,34.91899,0
            136.21741,34.92059,0
            136.21834,34.92117,0
            136.2188,34.92147,0
            136.21888,34.92151,0
            136.21977,34.92204,0
            136.22014,34.92224,0
            136.2205,34.92245,0
            136.22125,34.92285,0
            136.22201,34.92323,0
            136.22217,34.9233,0
            136.22262,34.92352,0
            136.22334,34.92385,0
            136.22464,34.92441,0
            136.22548,34.92475,0
            136.22604,34.92496,0
            136.22725,34.92537,0
            136.2282,34.92566,0
            136.22838,34.9257,0
            136.22953,34.92603,0
            136.23095,34.92639,0
            136.2311,34.92642,0
            136.23126,34.92646,0
            136.23258,34.92674,0
            136.23437,34.92706,0
            136.23449,34.92707,0
            136.23501,34.92716,0
            136.23515,34.92717,0
            136.23606,34.92729,0
            136.23687,34.92736,0
            136.2369,34.92737,0
            136.23712,34.92738,0
            136.23716,34.92739,0
            136.23824,34.92747,0
            136.2386,34.92748,0
            136.23909,34.92751,0
            136.23993,34.92754,0
            136.24021,34.92754,0
            136.24051,34.92755,0
            136.2413,34.92755,0
            136.24284,34.92752,0
            136.24349,34.92749,0
            136.24355,34.92748,0
            136.24421,34.92745,0
            136.24485,34.9274,0
            136.2454,34.92737,0
            136.24575,34.92733,0
            136.24607,34.92731,0
            136.24863,34.92705,0
            136.25051,34.92681,0
            136.2531,34.9264,0
            136.25335,34.92635,0
            136.25344,34.92634,0
            136.25498,34.92604,0
            136.25511,34.92601,0
            136.25519,34.926,0
            136.25527,34.92598,0
            136.25543,34.92595,0
            136.25752,34.92549,0
            136.25761,34.92546,0
            136.25947,34.925,0
            136.25963,34.92495,0
            136.25968,34.92494,0
            136.2605,34.92472,0
            136.26197,34.92429,0
            136.26212,34.92424,0
            136.2625,34.92413,0
            136.26385,34.92369,0
            136.26403,34.92364,0
            136.26509,34.92327,0
            136.26522,34.92323,0
            136.26593,34.92297,0
            136.26598,34.92296,0
            136.26623,34.92286,0
            136.26694,34.9226,0
            136.26708,34.92254,0
            136.26749,34.92239,0
            136.269,34.9218,0
            136.27036,34.9213,0
            136.27143,34.92093,0
            136.27158,34.92087,0
            136.27278,34.92047,0
            136.27298,34.92041,0
            136.273,34.9204,0
            136.27376,34.92015,0
            136.27499,34.91977,0
            136.27746,34.91905,0
            136.27759,34.91902,0
            136.27868,34.91871,0
            136.28066,34.9182,0
            136.28259,34.91775,0
            136.28574,34.91712,0
            136.28832,34.91665,0
            136.29013,34.91637,0
            136.29374,34.91591,0
            136.29776,34.91554,0
            136.29986,34.9154,0
            136.30181,34.91532,0
            136.30191,34.91532,0
            136.302,34.91531,0
            136.30272,34.91529,0
            136.30621,34.91525,0
            136.30732,34.91526,0
            136.30775,34.91528,0
            136.30798,34.91528,0
            136.30865,34.91531,0
            136.30886,34.91531,0
            136.31062,34.91539,0
            136.31347,34.91557,0
            136.31505,34.9157,0
            136.31849,34.91603,0
            136.32039,34.91618,0
            136.32049,34.91618,0
            136.32318,34.91636,0
            136.32355,34.91637,0
            136.32479,34.91645,0
            136.32586,34.9165,0
            136.32598,34.91651,0
            136.32608,34.91651,0
            136.32748,34.91657,0
            136.32762,34.91657,0
            136.32835,34.9166,0
            136.32845,34.91661,0
            136.33118,34.91668,0
            136.33147,34.91668,0
            136.3316,34.91669,0
            136.3338,34.91671,0
            136.33411,34.91672,0
            136.33475,34.91672,0
            136.33505,34.91671,0
            136.33685,34.91671,0
            136.33733,34.9167,0
            136.33758,34.91671,0
            136.33788,34.9167,0
            136.33924,34.91669,0
            136.33946,34.91668,0
            136.34122,34.91666,0
            136.34143,34.91665,0
            136.34254,34.91664,0
            136.34472,34.91659,0
            136.34624,34.91652,0
            136.35285,34.91631,0
            136.3544,34.91623,0
            136.35615,34.91618,0
            136.35702,34.91617,0
            136.35724,34.91616,0
            136.36141,34.91609,0
            136.36193,34.91607,0
            136.36207,34.91607,0
            136.36228,34.91606,0
            136.36273,34.91606,0
            136.36294,34.91605,0
            136.36317,34.91605,0
            136.36338,34.91604,0
            136.3636,34.91604,0
            136.36382,34.91603,0
            136.36426,34.91603,0
            136.36492,34.91601,0
            136.36514,34.91601,0
            136.36535,34.916,0
            136.37053,34.9159,0
            136.37496,34.91585,0
            136.37501,34.91584,0
            136.37562,34.91584,0
            136.37583,34.91583,0
            136.37627,34.91583,0
            136.37649,34.91582,0
            136.37759,34.91581,0
            136.37781,34.9158,0
            136.38044,34.91577,0
            136.38066,34.91576,0
            136.38183,34.91575,0
            136.38207,34.91574,0
            136.38254,34.91574,0
            136.38266,34.91573,0
            136.38285,34.91574,0
            136.3839,34.91574,0
            136.38407,34.91573,0
            136.38466,34.91573,0
            136.38488,34.91572,0
            136.3856,34.91572,0
            136.38585,34.91571,0
            136.38623,34.91571,0
            136.38636,34.9157,0
            136.38846,34.91569,0
            136.38882,34.91568,0
            136.38946,34.91568,0
            136.38971,34.91567,0
            136.39318,34.91565,0
            136.39403,34.91567,0
            136.39597,34.91577,0
            136.39607,34.91577,0
            136.39652,34.91581,0
            136.39671,34.91582,0
            136.39775,34.91592,0
            136.39957,34.91619,0
            136.40085,34.91644,0
            136.40124,34.91653,0
            136.40127,34.91654,0
            136.40169,34.91664,0
            136.4019,34.91668,0
            136.40295,34.91693,0
            136.40296,34.91693,0
            136.4038,34.91713,0
            136.40394,34.91717,0
            136.40401,34.91718,0
            136.40476,34.91737,0
            136.40511,34.91747,0
            136.40532,34.91752,0
            136.40569,34.91763,0
            136.40594,34.91769,0
            136.40714,34.91804,0
            136.40718,34.91806,0
            136.40755,34.91817,0
            136.40775,34.91822,0
            136.40776,34.91823,0
            136.40796,34.9183,0
            136.40817,34.91836,0
            136.4082,34.91838,0
            136.40841,34.91844,0
            136.40857,34.9185,0
            136.40878,34.91856,0
            136.40918,34.9187,0
            136.40922,34.91872,0
            136.40979,34.91891,0
            136.40983,34.91892,0
            136.41015,34.91904,0
            136.41019,34.91905,0
            136.41039,34.91912,0
            136.41059,34.9192,0
            136.41088,34.9193,0
            136.41099,34.91935,0
            136.41122,34.91944,0
            136.41131,34.91947,0
            136.4118,34.91967,0
            136.41197,34.91973,0
            136.41247,34.91993,0
            136.41441,34.92075,0
            136.41476,34.92092,0
            136.41506,34.92105,0
            136.41687,34.92192,0
            136.41836,34.92269,0
            136.41964,34.9234,0
            136.42071,34.92402,0
            136.42244,34.92509,0
            136.42363,34.92588,0
            136.42476,34.92667,0
            136.42613,34.92768,0
            136.4282,34.9293,0
            136.42913,34.93006,0
            136.42935,34.93025,0
            136.43019,34.93093,0
            136.43137,34.93192,0
            136.43186,34.93231,0
            136.43296,34.93322,0
            136.43326,34.93348,0
            136.43493,34.93485,0
            136.43515,34.93504,0
            136.43566,34.93545,0
            136.43855,34.93785,0
            136.43938,34.93852,0
            136.44434,34.94263,0
            136.44456,34.9428,0
            136.44484,34.94304,0
            136.4456,34.94366,0
            136.44613,34.94411,0
            136.44665,34.94453,0
            136.4468,34.94466,0
            136.44697,34.94479,0
            136.44729,34.94507,0
            136.44942,34.94683,0
            136.44949,34.94688,0
            136.44957,34.94696,0
            136.45011,34.94743,0
            136.45014,34.94746,0
            136.45018,34.94748,0
            136.45029,34.94758,0
            136.45032,34.9476,0
            136.45083,34.94804,0
            136.45193,34.94891,0
            136.45198,34.94896,0
            136.45221,34.94915,0
            136.45389,34.95061,0
            136.45396,34.95068,0
            136.45453,34.9512,0
            136.45458,34.95124,0
            136.45597,34.95256,0
            136.45621,34.9528,0
            136.45634,34.95292,0
            136.45778,34.95438,0
            136.45863,34.95532,0
            136.45893,34.95567,0
            136.45902,34.95576,0
            136.4598,34.9567,0
            136.45986,34.95678,0
            136.46005,34.95701,0
            136.46057,34.95769,0
            136.46111,34.95843,0
            136.46115,34.95847,0
            136.46121,34.95856,0
            136.46133,34.95872,0
            136.46136,34.95875,0
            136.46145,34.95889,0
            136.46169,34.95922,0
            136.46203,34.95975,0
            136.46217,34.95995,0
            136.4626,34.96063,0
            136.46263,34.96069,0
            136.4635,34.96214,0
            136.46351,34.96215,0
            136.46419,34.96337,0
            136.46452,34.96401,0
            136.46462,34.96419,0
            136.46498,34.96492,0
            136.46509,34.96516,0
            136.46511,34.96519,0
            136.46554,34.96612,0
            136.46556,34.96615,0
            136.46562,34.96631,0
            136.46565,34.96636,0
            136.46604,34.96729,0
            136.46612,34.96746,0
            136.4668,34.96917,0
            136.46686,34.96934,0
            136.46688,34.96938,0
            136.46706,34.9699,0
            136.46733,34.97063,0
            136.46734,34.97068,0
            136.46736,34.97072,0
            136.46762,34.9715,0
            136.46763,34.97154,0
            136.46775,34.97188,0
            136.46808,34.97295,0
            136.4681,34.97305,0
            136.46817,34.97327,0
            136.46819,34.97336,0
            136.46822,34.97345,0
            136.46824,34.97354,0
            136.46839,34.97405,0
            136.46843,34.97422,0
            136.46846,34.97432,0
            136.46872,34.97544,0
            136.46875,34.97553,0
            136.46879,34.97571,0
            136.46881,34.97578,0
            136.46887,34.97606,0
            136.46892,34.97624,0
            136.46893,34.9763,0
            136.46899,34.97657,0
            136.469,34.97659,0
            136.46901,34.97665,0
            136.46908,34.97694,0
            136.4691,34.97699,0
            136.46912,34.97712,0
            136.46914,34.97717,0
            136.46937,34.97818,0
            136.46942,34.97836,0
            136.46942,34.97838,0
            136.46946,34.97853,0
            136.46946,34.97855,0
            136.4695,34.97871,0
            136.4695,34.97873,0
            136.46957,34.97901,0
            136.46961,34.97924,0
            136.46961,34.97925,0
            136.46965,34.97942,0
            136.46971,34.97977,0
            136.46975,34.97995,0
            136.47002,34.98143,0
            136.47013,34.9822,0
            136.47017,34.98256,0
            136.47038,34.98412,0
            136.47041,34.9843,0
            136.47043,34.98448,0
            136.47051,34.98502,0
            136.47055,34.98537,0
            136.47058,34.98555,0
            136.47062,34.98591,0
            136.47065,34.98609,0
            136.47067,34.98627,0
            136.4707,34.98645,0
            136.47072,34.98663,0
            136.47075,34.98681,0
            136.47079,34.98716,0
            136.47082,34.98734,0
            136.47084,34.98752,0
            136.47087,34.9877,0
            136.47091,34.98806,0
            136.47103,34.98895,0
            136.47104,34.98896,0
            136.47108,34.98931,0
            136.47111,34.98949,0
            136.47113,34.98967,0
            136.47116,34.98984,0
            136.47118,34.99002,0
            136.47121,34.9902,0
            136.47125,34.99056,0
            136.47128,34.99074,0
            136.4713,34.99092,0
            136.47138,34.99145,0
            136.4714,34.99163,0
            136.47143,34.99181,0
            136.47147,34.99217,0
            136.4715,34.99235,0
            136.47152,34.99253,0
            136.47155,34.9927,0
            136.47157,34.99288,0
            136.4716,34.99306,0
            136.47162,34.99324,0
            136.47165,34.99342,0
            136.47169,34.99378,0
            136.47186,34.99498,0
            136.47205,34.99592,0
            136.47208,34.9961,0
            136.47232,34.99725,0
            136.47233,34.99733,0
            136.47241,34.99771,0
            136.47241,34.99772,0
            136.47257,34.99843,0
            136.47262,34.99861,0
            136.47282,34.99949,0
            136.47288,34.99966,0
            136.47293,34.99984,0
            136.47299,35.00001,0
            136.47304,35.00019,0
            136.47316,35.00053,0
            136.47317,35.00059,0
            136.47391,35.00271,0
            136.47402,35.00295,0
            136.47406,35.00302,0
            136.47409,35.0031,0
            136.47486,35.0047,0
            136.47527,35.00536,0
            136.47528,35.00538,0
            136.47533,35.00545,0
            136.4754,35.00557,0
            136.47543,35.00561,0
            136.4764,35.00717,0
            136.4772,35.00831,0
            136.47792,35.00928,0
            136.47821,35.00964,0
            136.47841,35.00995,0
            136.47842,35.00996,0
            136.4785,35.01008,0
            136.47851,35.01009,0
            136.47867,35.01035,0
            136.47891,35.01063,0
            136.47957,35.01144,0
            136.48004,35.01196,0
            136.48013,35.01205,0
            136.48057,35.01253,0
            136.48136,35.01329,0
            136.48137,35.01331,0
            136.48138,35.01331,0
            136.48194,35.01386,0
            136.4821,35.014,0
            136.4822,35.01408,0
            136.4824,35.01427,0
            136.48267,35.01451,0
            136.4827,35.01453,0
            136.48329,35.01507,0
            136.4834,35.01516,0
            136.48344,35.0152,0
            136.48375,35.01546,0
            136.48391,35.01558,0
            136.48407,35.01571,0
            136.48423,35.01583,0
            136.48439,35.01596,0
            136.48455,35.01608,0
            136.48456,35.01609,0
            136.48466,35.01616,0
            136.48484,35.01631,0
            136.48487,35.01633,0
            136.48493,35.01638,0
            136.48503,35.01645,0
            136.48504,35.01646,0
            136.48564,35.01692,0
            136.48572,35.01697,0
            136.48598,35.01716,0
            136.486,35.01718,0
            136.48734,35.01812,0
            136.48769,35.01835,0
            136.48857,35.0189,0
            136.48859,35.01891,0
            136.48867,35.01897,0
            136.4887,35.01898,0
            136.48873,35.019,0
            136.48874,35.01901,0
            136.48885,35.01907,0
            136.48887,35.01909,0
            136.48946,35.01945,0
            136.48991,35.0197,0
            136.48993,35.01972,0
            136.48996,35.01973,0
            136.49006,35.01979,0
            136.49059,35.02008,0
            136.49102,35.02033,0
            136.49157,35.02062,0
            136.49162,35.02065,0
            136.49214,35.0209,0
            136.49235,35.02101,0
            136.49311,35.02137,0
            136.49312,35.02138,0
            136.49327,35.02145,0
            136.4933,35.02146,0
            136.49468,35.02207,0
            136.49472,35.02208,0
            136.4952,35.02228,0
            136.49536,35.02234,0
            136.49545,35.02238,0
            136.49556,35.02242,0
            136.49595,35.02259,0
            136.49609,35.02264,0
            136.49622,35.0227,0
            136.49772,35.0233,0
            136.50135,35.02468,0
            136.50139,35.02469,0
            136.5027,35.02518,0
            136.50279,35.02522,0
            136.50352,35.0255,0
            136.50359,35.02552,0
            136.50365,35.02555,0
            136.50844,35.02735,0
            136.5085,35.02738,0
            136.50969,35.02782,0
            136.50977,35.02786,0
            136.51196,35.02869,0
            136.51215,35.02875,0
            136.51469,35.0297,0
            136.5151,35.02984,0
            136.51519,35.02988,0
            136.51843,35.03098,0
            136.51861,35.03103,0
            136.51878,35.03109,0
            136.52195,35.03205,0
            136.52456,35.03278,0
            136.5247,35.03281,0
            136.52547,35.03302,0
            136.52553,35.03304,0
            136.52606,35.03318,0
            136.5264,35.03326,0
            136.52643,35.03327,0
            136.52656,35.0333,0
            136.52669,35.03334,0
            136.52733,35.03349,0
            136.52736,35.0335,0
            136.52739,35.0335,0
            136.52793,35.03364,0
            136.5291,35.03391,0
            136.5322,35.03458,0
            136.53844,35.03575,0
            136.53847,35.03575,0
            136.54055,35.03613,0
            136.54073,35.03617,0
            136.54287,35.03656,0
            136.54308,35.03659,0
            136.54308,35.0366,0
            136.54525,35.03699,0
            136.54537,35.03702,0
            136.55257,35.03833,0
            136.55271,35.03834,0
            136.55424,35.03864,0
            136.55483,35.03879,0
            136.55603,35.03904,0
            136.55741,35.03936,0
            136.55923,35.03982,0
            136.56007,35.04005,0
            136.56065,35.04023,0
            136.56071,35.04026,0
            136.56104,35.04039,0
            136.56276,35.04093,0
            136.56321,35.04109,0
            136.56329,35.04111,0
            136.56453,35.04153,0
            136.56466,35.04158,0
            136.56467,35.04158,0
            136.56491,35.04166,0
            136.56507,35.04172,0
            136.56508,35.04172,0
            136.56601,35.04205,0
            136.56706,35.04246,0
            136.56715,35.04249,0
            136.56835,35.04296,0
            136.56843,35.043,0
            136.56923,35.04332,0
            136.57065,35.04384,0
            136.57077,35.04389,0
            136.57165,35.04421,0
            136.57166,35.04422,0
            136.57366,35.04497,0
            136.57372,35.045,0
            136.57387,35.04505,0
            136.57389,35.04506,0
            136.5741,35.04513,0
            136.57431,35.04522,0
            136.57604,35.04583,0
            136.57608,35.04584,0
            136.5763,35.04592,0
            136.57634,35.04593,0
            136.5765,35.04599,0
            136.57655,35.046,0
            136.57671,35.04606,0
            136.57732,35.04625,0
            136.57742,35.04629,0
            136.57751,35.04631,0
            136.57793,35.04645,0
            136.57919,35.04683,0
            136.57964,35.04694,0
            136.57965,35.04694,0
            136.57975,35.04697,0
            136.57981,35.04698,0
            136.57991,35.04701,0
            136.58007,35.04707,0
            136.58251,35.04766,0
            136.58413,35.048,0
            136.58414,35.048,0
            136.58436,35.04804,0
            136.58448,35.04807,0
            136.58502,35.04817,0
            136.58516,35.04818,0
            136.58648,35.04841,0
            136.587,35.04848,0
            136.5871,35.0485,0
            136.5876,35.04857,0
            136.58783,35.04861,0
            136.58835,35.04868,0
            136.5894,35.0488,0
            136.5896,35.04883,0
            136.59361,35.04916,0
            136.59686,35.04934,0
            136.59686,35.04935,0
            136.59884,35.04944,0
            136.59905,35.04946,0
            136.59964,35.04948,0
            136.59971,35.04949,0
            136.60015,35.04951,0
            136.60037,35.04951,0
            136.60103,35.04954,0
            136.60186,35.04956,0
            136.60383,35.04955,0
            136.60524,35.04948,0
            136.60528,35.04947,0
            136.60558,35.04945,0
            136.60562,35.04944,0
            136.60638,35.04936,0
            136.60734,35.04922,0
            136.6078,35.04914,0
            136.60781,35.04914,0
            136.60805,35.0491,0
            136.60821,35.04906,0
            136.60824,35.04906,0
            136.60866,35.04897,0
            136.60873,35.04896,0
            136.60955,35.04877,0
            136.60972,35.04872,0
            136.60993,35.04867,0
            136.61026,35.04858,0
            136.61035,35.04855,0
            136.61041,35.04854,0
            136.61055,35.04849,0
            136.61063,35.04847,0
            136.61109,35.04833,0
            136.61218,35.04795,0
            136.61225,35.04792,0
            136.61233,35.0479,0
            136.61241,35.04786,0
            136.61348,35.04743,0
            136.61367,35.04734,0
            136.6138,35.04729,0
            136.61472,35.04685,0
            136.61499,35.0467,0
            136.615,35.0467,0
            136.61558,35.04638,0
            136.61614,35.04605,0
            136.61621,35.046,0
            136.61629,35.04596,0
            136.61639,35.04589,0
            136.6165,35.04583,0
            136.61694,35.04555,0
            136.61695,35.04554,0
            136.61701,35.0455,0
            136.6171,35.04545,0
            136.61726,35.04535,0
            136.61727,35.04533,0
            136.61743,35.04524,0
            136.61778,35.045,0
            136.61786,35.04494,0
            136.61796,35.04488,0
            136.6181,35.04478,0
            136.61812,35.04477,0
            136.61843,35.04455,0
            136.61845,35.04453,0
            136.62029,35.04324,0
            136.62036,35.04318,0
            136.62046,35.04312,0
            136.62104,35.04271,0
            136.62114,35.04265,0
            136.62127,35.04255,0
            136.62134,35.04251,0
            136.62275,35.04152,0
            136.62275,35.04151,0
            136.62305,35.04131,0
            136.62408,35.04058,0
            136.62509,35.0399,0
            136.62524,35.03979,0
            136.6256,35.03956,0
            136.62641,35.03907,0
            136.6269,35.0388,0
            136.62737,35.03856,0
            136.62742,35.03853,0
            136.62802,35.03826,0
            136.62806,35.03823,0
            136.62941,35.03768,0
            136.62979,35.03755,0
            136.62983,35.03753,0
            136.62987,35.03752,0
            136.6306,35.03727,0
            136.63123,35.03708,0
            136.63141,35.03704,0
            136.63147,35.03702,0
            136.63192,35.03691,0
            136.63247,35.03679,0
            136.63269,35.03673,0
            136.6331,35.03664,0
            136.63335,35.0366,0
            136.63363,35.03654,0
            136.63458,35.03639,0
            136.63463,35.03639,0
            136.63603,35.03623,0
            136.63611,35.03621,0
            136.6364,35.03618,0
            136.63661,35.03615,0
            136.63663,35.03614,0
            136.63725,35.03606,0
            136.6375,35.03602,0
            136.63752,35.03602,0
            136.63767,35.03599,0
            136.63785,35.03597,0
            136.638,35.03594,0
            136.63832,35.03589,0
            136.63873,35.03581,0
            136.6388,35.0358,0
            136.63891,35.03577,0
            136.63915,35.03572,0
            136.63943,35.03565,0
            136.63984,35.03553,0
            136.64042,35.03532,0
            136.64046,35.03531,0
            136.64061,35.03525,0
            136.64088,35.03512,0
            136.64107,35.03504,0
            136.64111,35.03501,0
            136.6415,35.0348,0
            136.64187,35.03457,0
            136.64234,35.03424,0
            136.64286,35.03381,0
            136.64303,35.03366,0
            136.64305,35.03363,0
            136.64314,35.03354,0
            136.64319,35.0335,0
            136.64327,35.0334,0
            136.64337,35.0333,0
            136.64361,35.03299,0
            136.64436,35.0319,0
            136.64469,35.0314,0
            136.6447,35.03138,0
            136.64488,35.03109,0
            136.64494,35.03098,0
            136.64494,35.03097,0
            136.64499,35.0309,0
            136.64502,35.03085,0
            136.64505,35.03081,0
            136.64567,35.02987,0
            136.64602,35.0294,0
            136.6464,35.02898,0
            136.64658,35.0288,0
            136.64671,35.02869,0
            136.64676,35.02864,0
            136.64693,35.02849,0
            136.64707,35.02838,0
            136.64721,35.02826,0
            136.64737,35.02815,0
            136.64749,35.02806,0
            136.64757,35.02802,0
            136.64765,35.02796,0
            136.64766,35.02795,0
            136.64819,35.02764,0
            136.64838,35.02754,0
            136.64875,35.02737,0
            136.64927,35.02716,0
            136.64935,35.02714,0
            136.64947,35.02709,0
            136.64956,35.02706,0
            136.64964,35.02704,0
            136.64979,35.02699,0
            136.65015,35.0269,0
            136.65028,35.02686,0
            136.65034,35.02685,0
            136.65056,35.0268,0
            136.65109,35.02671,0
            136.65129,35.02669,0
            136.65139,35.02667,0
            136.65147,35.02666,0
            136.65164,35.02665,0
            136.65227,35.02659,0
            136.65233,35.02659,0
            136.6527,35.02656,0
            136.65298,35.02655,0
            136.65302,35.02654,0
            136.65392,35.0265,0
            136.65478,35.02648,0
            136.65485,35.02647,0
            136.65643,35.02646,0
            136.65688,35.02647,0
            136.65692,35.02648,0
            136.65731,35.02649,0
            136.65738,35.0265,0
            136.65745,35.0265,0
            136.65765,35.02653,0
            136.65792,35.02656,0
            136.65839,35.02664,0
            136.65885,35.02674,0
            136.65931,35.02687,0
            136.65972,35.02701,0
            136.66011,35.02716,0
            136.66012,35.02716,0
            136.6604,35.02728,0
            136.66068,35.02742,0
            136.66126,35.02773,0
            136.6624,35.02844,0
            136.66247,35.02849,0
            136.66262,35.02858,0
            136.66295,35.02876,0
            136.66309,35.02883,0
            136.6637,35.02911,0
            136.6641,35.02926,0
            136.66428,35.02932,0
            136.6643,35.02932,0
            136.66491,35.0295,0
            136.66515,35.02956,0
            136.6654,35.02961,0
            136.66554,35.02963,0
            136.66575,35.02967,0
            136.66596,35.0297,0
            136.66666,35.02976,0
            136.66696,35.02976,0
            136.6671,35.02977,0
            136.66716,35.02977,0
            136.66736,35.02975,0
            136.66799,35.02973,0
            136.66841,35.02969,0
            136.66851,35.02967,0
            136.66882,35.02964,0
            136.66927,35.02958,0
            136.66935,35.02956,0
            136.66942,35.02955,0
            136.66983,35.02947,0
            136.67044,35.02932,0
            136.6706,35.02929,0
            136.67079,35.02923,0
            136.67093,35.0292,0
            136.67153,35.02903,0
            136.67164,35.02899,0
            136.67199,35.0289,0
            136.67225,35.02881,0
            136.67245,35.02875,0
            136.67282,35.02862,0
            136.67283,35.02862,0
            136.67296,35.02857,0
            136.67312,35.02852,0
            136.67318,35.02849,0
            136.67405,35.02813,0
            136.67417,35.02807,0
            136.6742,35.02806,0
            136.6743,35.02801,0
            136.67432,35.02801,0
            136.67446,35.02795,0
            136.67467,35.02785,0
            136.67471,35.02784,0
            136.67487,35.02776,0
            136.6749,35.02775,0
            136.67516,35.02763,0
            136.67547,35.02747,0
            136.67554,35.02744,0
            136.67562,35.0274,0
            136.67565,35.02739,0
            136.67583,35.02729,0
            136.67599,35.02721,0
            136.67607,35.02716,0
            136.67631,35.02704,0
            136.67639,35.02699,0
            136.67689,35.02671,0
            136.67721,35.02652,0
            136.67725,35.0265,0
            136.67744,35.02638,0
            136.67755,35.02632,0
            136.6779,35.02609,0
            136.67796,35.02606,0
            136.67825,35.02587,0
            136.67828,35.02584,0
            136.67925,35.02519,0
            136.67976,35.02482,0
            136.67991,35.02474,0
            136.68127,35.02377,0
            136.68133,35.02374,0
            136.68138,35.0237,0
            136.68226,35.02309,0
            136.68263,35.02285,0
            136.68264,35.02285,0
            136.68293,35.02265,0
            136.68306,35.02257,0
            136.68328,35.02241,0
            136.68348,35.02228,0
            136.6844,35.02176,0
            136.68536,35.0213,0
            136.68605,35.02103,0
            136.68613,35.02101,0
            136.68639,35.02091,0
            136.68679,35.02079,0
            136.68742,35.02062,0
            136.68815,35.02047,0
            136.68883,35.02037,0
            136.68918,35.02033,0
            136.68927,35.02033,0
            136.68936,35.02032,0
            136.68984,35.02029,0
            136.69047,35.02027,0
            136.69066,35.02028,0
            136.69085,35.02028,0
            136.69142,35.02031,0
            136.69155,35.02031,0
            136.69192,35.02034,0
            136.69204,35.02036,0
            136.69234,35.02039,0
            136.69268,35.02044,0
            136.69286,35.02046,0
            136.69348,35.02056,0
            136.69364,35.0206,0
            136.69419,35.02071,0
            136.69455,35.0208,0
            136.69474,35.02084,0
            136.69539,35.02101,0
            136.69625,35.02127,0
            136.69733,35.02162,0
            136.69875,35.02213,0
            136.69876,35.02213,0
            136.69877,35.02214,0
            136.69974,35.0225,0
            136.69982,35.02254,0
            136.70009,35.02264,0
            136.70023,35.0227,0
            136.70099,35.02298,0
            136.70113,35.02304,0
            136.70121,35.02306,0
            136.70212,35.02341,0
            136.70216,35.02343,0
            136.7022,35.02344,0
            136.70255,35.02358,0
            136.70316,35.0238,0
            136.70319,35.02382,0
            136.70324,35.02383,0
            136.70338,35.02389,0
            136.70464,35.02436,0
            136.70465,35.02437,0
            136.70466,35.02437,0
            136.7047,35.02439,0
            136.70493,35.02447,0
            136.70532,35.02462,0
            136.70572,35.02476,0
            136.70584,35.02481,0
            136.70739,35.02538,0
            136.70798,35.02562,0
            136.70828,35.02573,0
            136.70908,35.02605,0
            136.70941,35.02617,0
            136.70967,35.02628,0
            136.70989,35.02636,0
            136.70991,35.02637,0
            136.71003,35.02641,0
            136.71045,35.02657,0
            136.71113,35.02685,0
            136.7116,35.02703,0
            136.71185,35.02711,0
            136.71349,35.02773,0
            136.71378,35.02785,0
            136.7139,35.02789,0
            136.71397,35.02792,0
            136.71723,35.02915,0
            136.719,35.02979,0
            136.71989,35.03015,0
            136.72209,35.03098,0
            136.72242,35.03109,0
            136.72258,35.03115,0
            136.72261,35.03117,0
            136.72268,35.03119,0
            136.72274,35.03122,0
            136.72287,35.03126,0
            136.72309,35.03135,0
            136.72418,35.03175,0
            136.72427,35.03179,0
            136.72436,35.03182,0
            136.72597,35.03245,0
            136.72762,35.03303,0
            136.72827,35.03328,0
            136.72829,35.03329,0
            136.72864,35.03342,0
            136.72871,35.03345,0
            136.72908,35.03358,0
            136.72916,35.03362,0
            136.73072,35.0342,0
            136.73083,35.03425,0
            136.73095,35.03429,0
            136.73501,35.03585,0
            136.73515,35.03591,0
            136.73548,35.03603,0
            136.73555,35.03606,0
            136.73628,35.03631,0
            136.73633,35.03632,0
            136.73637,35.03634,0
            136.73648,35.03638,0
            136.73659,35.03643,0
            136.73677,35.03649,0
            136.73694,35.03656,0
            136.73709,35.03661,0
            136.73908,35.03737,0
            136.73909,35.03737,0
            136.74147,35.03828,0
            136.74149,35.03829,0
            136.74349,35.03904,0
            136.74349,35.03905,0
            136.74369,35.03912,0
            136.74386,35.03919,0
            136.74406,35.03926,0
            136.74489,35.03958,0
            136.74526,35.03971,0
            136.74589,35.03996,0
            136.74739,35.04052,0
            136.74744,35.04053,0
            136.74769,35.04064,0
            136.74793,35.04073,0
            136.748,35.04077,0
            136.74891,35.04117,0
            136.74962,35.04151,0
            136.75132,35.04247,0
            136.75269,35.04329,0
            136.75335,35.04367,0
            136.75438,35.04429,0
            136.75443,35.04431,0
            136.75477,35.04452,0
            136.75623,35.04536,0
            136.75692,35.04572,0
            136.75743,35.04597,0
            136.75744,35.04597,0
            136.7578,35.04613,0
            136.75786,35.04615,0
            136.75832,35.04633,0
            136.75834,35.04633,0
            136.75907,35.04657,0
            136.75916,35.04659,0
            136.75936,35.04665,0
            136.76014,35.04683,0
            136.76038,35.04687,0
            136.76062,35.04692,0
            136.76088,35.04695,0
            136.76169,35.04708,0
            136.76214,35.04713,0
            136.76306,35.04726,0
            136.76473,35.04747,0
            136.76481,35.04749,0
            136.767,35.04776,0
            136.76703,35.04776,0
            136.76746,35.04782,0
            136.76826,35.04791,0
            136.77057,35.04821,0
            136.77071,35.04822,0
            136.77491,35.04877,0
            136.77513,35.04879,0
            136.7768,35.04902,0
            136.77687,35.04902,0
            136.77702,35.04904,0
            136.7771,35.04906,0
            136.77721,35.04907,0
            136.77724,35.04908,0
            136.77729,35.04909,0
            136.77734,35.04909,0
            136.77737,35.0491,0
            136.77742,35.0491,0
            136.7776,35.04912,0
            136.77764,35.04913,0
            136.77777,35.04915,0
            136.77809,35.04918,0
            136.77874,35.04927,0
            136.77896,35.04929,0
            136.77962,35.04938,0
            136.78094,35.04959,0
            136.78526,35.05015,0
            136.78532,35.05015,0
            136.78625,35.05029,0
            136.78634,35.05031,0
            136.78771,35.05053,0
            136.78938,35.05086,0
            136.79029,35.05107,0
            136.79059,35.05113,0
            136.79063,35.05115,0
            136.79134,35.05131,0
            136.79136,35.05131,0
            136.79143,35.05133,0
            136.79203,35.05146,0
            136.7926,35.05156,0
            136.79269,35.05157,0
            136.79304,35.05163,0
            136.79347,35.05169,0
            136.79455,35.0518,0
            136.79525,35.05183,0
            136.7955,35.05183,0
            136.79555,35.05184,0
            136.79642,35.05185,0
            136.79681,35.05188,0
            136.801,35.05192,0
            136.80109,35.05191,0
            136.80286,35.05195,0
            136.8065,35.05198,0
            136.80813,35.05197,0
            136.80835,35.05196,0
            136.80858,35.05196,0
            136.80893,35.05194,0
            136.80994,35.05193,0
            136.81002,35.05192,0
            136.81056,35.05191,0
            136.81321,35.05193,0
            136.81337,35.05192,0
            136.8142,35.05193,0
            136.81483,35.05192,0
            136.81619,35.05193,0
            136.81629,35.05192,0
            136.81983,35.05194,0
            136.82002,35.05195,0
            136.82286,35.05196,0
            136.82302,35.05197,0
            136.82333,35.05197,0
            136.82421,35.05204,0
            136.82473,35.05202,0
            136.82481,35.05203,0
            136.82523,35.05204,0
            136.82626,35.05204,0
            136.82666,35.05206,0
            136.8278,35.05209,0
            136.83389,35.0521,0
            136.83407,35.05211,0
            136.83925,35.0521,0
            136.8394,35.05211,0
            136.84035,35.0521,0
            136.84096,35.05214,0
            136.84197,35.05213,0
            136.84213,35.05214,0
            136.8425,35.05214,0
            136.84256,35.05215,0
            136.84287,35.05215,0
            136.84307,35.05216,0
            136.8437,35.05216,0
            136.84424,35.05218,0
            136.84468,35.05218,0
            136.84606,35.05223,0
            136.8478,35.05236,0
            136.84796,35.05236,0
            136.84825,35.05238,0
            136.84854,35.05241,0
            136.84875,35.05242,0
            136.84876,35.05243,0
            136.84897,35.05244,0
            136.8495,35.05249,0
            136.84964,35.05251,0
            136.85085,35.0526,0
            136.85136,35.05265,0
            136.85146,35.05265,0
            136.85156,35.05266,0
            136.85162,35.05266,0
            136.85166,35.05267,0
            136.8523,35.05273,0
            136.85234,35.05274,0
            136.85326,35.05282,0
            136.85393,35.0529,0
            136.85423,35.05291,0
            136.85593,35.05305,0
            136.85606,35.05307,0
            136.85612,35.05307,0
            136.85634,35.0531,0
            136.85661,35.05312,0
            136.85715,35.05318,0
            136.85721,35.05319,0
            136.85737,35.0532,0
            136.85762,35.05323,0
            136.85765,35.05323,0
            136.85802,35.05326,0
            136.85809,35.05326,0
            136.85824,35.05327,0
            136.85831,35.05328,0
            136.85846,35.05329,0
            136.85853,35.0533,0
            136.85862,35.0533,0
            136.85868,35.05331,0
            136.85912,35.05335,0
            136.85918,35.05335,0
            136.85933,35.05337,0
            136.8594,35.05337,0
            136.8595,35.05338,0
            136.85955,35.05339,0
            136.85984,35.05342,0
            136.86,35.05343,0
            136.86181,35.0536,0
            136.86203,35.05361,0
            136.8625,35.05366,0
            136.86269,35.05367,0
            136.86527,35.05391,0
            136.86534,35.05392,0
            136.86629,35.05401,0
            136.86632,35.05401,0
            136.8667,35.05405,0
            136.86705,35.05407,0
            136.86711,35.05408,0
            136.86754,35.05411,0
            136.86759,35.05412,0
            136.8679,35.05414,0
            136.8681,35.05417,0
            136.8683,35.05418,0
            136.86831,35.05419,0
            136.86869,35.05422,0
            136.86885,35.05424,0
            136.86902,35.05425,0
            136.8702,35.05436,0
            136.8704,35.05437,0
            136.87092,35.05442,0
            136.87114,35.05443,0
            136.87136,35.05445,0
            136.87194,35.05448,0
            136.87323,35.05448,0
            136.87343,35.05447,0
            136.87375,35.05444,0
            136.87384,35.05444,0
            136.87391,35.05443,0
            136.87394,35.05443,0
            136.87415,35.0544,0
            136.87436,35.05438,0
            136.87438,35.05438,0
            136.87491,35.05429,0
            136.87513,35.05426,0
            136.87572,35.05415,0
            136.87608,35.05407,0
            136.87639,35.05399,0
            136.87658,35.05396,0
            136.87753,35.05376,0
            136.87772,35.05373,0
            136.87788,35.05369,0
            136.87791,35.05369,0
            136.87793,35.05368,0
            136.8781,35.05365,0
            136.87813,35.05364,0
            136.87848,35.05357,0
            136.87867,35.05354,0
            136.87871,35.05353,0
            136.87872,35.05353,0
            136.87893,35.05348,0
            136.88042,35.05317,0
            136.88044,35.05317,0
            136.88086,35.05307,0
            136.88171,35.0529,0
            136.88214,35.0528,0
            136.88224,35.05279,0
            136.88295,35.05265,0
            136.88309,35.05261,0
            136.88357,35.05251,0
            136.88436,35.05238,0
            136.88439,35.05237,0
            136.88461,35.05234,0
            136.8847,35.05232,0
            136.88515,35.05227,0
            136.88595,35.05221,0
            136.88791,35.05214,0
            136.88868,35.0521,0
            136.88883,35.0521,0
            136.88909,35.05209,0
            136.88953,35.05209,0
            136.88963,35.05208,0
            136.88982,35.05208,0
            136.8899,35.05206,0
            136.89003,35.05206,0
            136.89018,35.05205,0
            136.89111,35.05202,0
            136.89121,35.05201,0
            136.89136,35.05201,0
            136.89256,35.05197,0
            136.89264,35.05196,0
            136.89396,35.05192,0
            136.8943,35.0519,0
            136.895,35.05188,0
            136.89508,35.05187,0
            136.89804,35.05176,0
            136.89818,35.05176,0
            136.89912,35.05172,0
            136.89972,35.05168,0
            136.89992,35.05166,0
            136.90002,35.05166,0
            136.90108,35.05156,0
            136.90121,35.05154,0
            136.90167,35.05149,0
            136.90173,35.05148,0
            136.90177,35.05147,0
            136.90206,35.05143,0
            136.90364,35.05114,0
            136.90429,35.05099,0
            136.90431,35.05099,0
            136.90516,35.05077,0
            136.90601,35.05053,0
            136.90783,35.04997,0
            136.90797,35.04992,0
            136.90812,35.04988,0
            136.91063,35.0491,0
            136.91081,35.04905,0
            136.91101,35.04898,0
            136.91114,35.04897,0
            136.91257,35.0485,0
            136.91421,35.048,0
            136.91426,35.04798,0
            136.91557,35.04757,0
            136.91562,35.04756,0
            136.91567,35.04754,0
            136.91744,35.04699,0
            136.91753,35.04697,0
            136.92004,35.04619,0
            136.92015,35.04615,0
            136.92024,35.04613,0
            136.92029,35.04611,0
            136.92054,35.04604,0
            136.92064,35.046,0
            136.92182,35.04564,0
            136.9219,35.04562,0
            136.92198,35.04559,0
            136.92258,35.0454,0
            136.92284,35.04533,0
            136.92341,35.04515,0
            136.92406,35.04498,0
            136.92411,35.04497,0
            136.92425,35.04493,0
            136.92484,35.0448,0
            136.92497,35.04478,0
            136.925,35.04477,0
            136.92503,35.04477,0
            136.92533,35.04472,0
            136.92567,35.04468,0
            136.92617,35.04464,0
            136.92701,35.04464,0
            136.92759,35.04468,0
            136.92817,35.04476,0
            136.92834,35.04479,0
            136.92835,35.04479,0
            136.92846,35.04481,0
            136.9292,35.04498,0
            136.92921,35.04498,0
            136.92938,35.04503,0
            136.92951,35.04506,0
            136.92979,35.04514,0
            136.92984,35.04515,0
            136.93025,35.04528,0
            136.93035,35.0453,0
            136.93117,35.04556,0
            136.93163,35.04568,0
            136.93166,35.0457,0
            136.93199,35.0458,0
            136.93241,35.04594,0
            136.93246,35.04595,0
            136.93277,35.04605,0
            136.93281,35.04607,0
            136.9351,35.0468,0
            136.93522,35.04683,0
            136.9359,35.04705,0
            136.93621,35.04714,0
            136.93632,35.04718,0
            136.93643,35.04721,0
            136.93725,35.04747,0
            136.93746,35.04753,0
            136.93766,35.0476,0
            136.93849,35.04785,0
            136.93869,35.04792,0
            136.93933,35.04811,0
            136.94024,35.04834,0
            136.94098,35.04849,0
            136.94173,35.0486,0
            136.9419,35.04861,0
            136.94222,35.04865,0
            136.94261,35.04868,0
            136.94304,35.0487,0
            136.94322,35.0487,0
            136.94343,35.04871,0
            136.9436,35.04871,0
            136.94381,35.0487,0
            136.94405,35.0487,0
            136.94455,35.04867,0
            136.9446,35.04866,0
            136.94469,35.04866,0
            136.9452,35.04861,0
            136.94603,35.04849,0
            136.94617,35.04846,0
            136.94635,35.04843,0
            136.94669,35.04835,0
            136.94755,35.04812,0
            136.94769,35.04807,0
            136.94784,35.04803,0
            136.94797,35.04798,0
            136.94811,35.04794,0
            136.94834,35.04785,0
            136.94875,35.04771,0
            136.94887,35.04766,0
            136.9491,35.04758,0
            136.94954,35.04741,0
            136.95036,35.04707,0
            136.95144,35.0466,0
            136.95155,35.04654,0
            136.95174,35.04646,0
            136.95229,35.0462,0
            136.9524,35.04614,0
            136.9527,35.04601,0
            136.95324,35.04575,0
            136.95387,35.04547,0
            136.95429,35.0453,0
            136.95435,35.04527,0
            136.9549,35.04507,0
            136.95502,35.04502,0
            136.9551,35.045,0
            136.95515,35.04498,0
            136.95519,35.04497,0
            136.95523,35.04495,0
            136.95571,35.0448,0
            136.95577,35.04479,0
            136.956,35.04472,0
            136.95658,35.04457,0
            136.95729,35.04442,0
            136.95736,35.0444,0
            136.95785,35.04431,0
            136.95793,35.0443,0
            136.95807,35.04427,0
            136.95844,35.04421,0
            136.95909,35.04413,0
            136.95914,35.04413,0
            136.95929,35.04412,0
            136.95936,35.04411,0
            136.96039,35.04402,0
            136.96185,35.04392,0
            136.96386,35.04382,0
            136.96405,35.04382,0
            136.9652,35.04377,0
            136.96546,35.04377,0
            136.96593,35.04375,0
            136.96615,35.04375,0
            136.96675,35.04373,0
            136.96929,35.04371,0
            136.96963,35.04372,0
            136.97242,35.04372,0
            136.97253,35.04371,0
            136.97303,35.0437,0
            136.97354,35.04367,0
            136.97379,35.04364,0
            136.97388,35.04364,0
            136.97499,35.0435,0
            136.97554,35.0434,0
            136.97563,35.04339,0
            136.97617,35.04329,0
            136.9762,35.04328,0
            136.9773,35.04307,0
            136.97803,35.04295,0
            136.9781,35.04293,0
            136.97884,35.04283,0
            136.97951,35.04276,0
            136.97996,35.04273,0
            136.98013,35.04273,0
            136.98026,35.04272,0
            136.98044,35.04272,0
            136.98062,35.04273,0
            136.98088,35.04273,0
            136.98137,35.04276,0
            136.98158,35.04278,0
            136.98179,35.04281,0
            136.98181,35.04281,0
            136.982,35.04284,0
            136.98234,35.04288,0
            136.98332,35.04306,0
            136.98399,35.04321,0
            136.98411,35.04323,0
            136.98421,35.04326,0
            136.98442,35.0433,0
            136.98453,35.04333,0
            136.98604,35.04366,0
            136.98629,35.0437,0
            136.98649,35.04374,0
            136.98694,35.0438,0
            136.98704,35.04382,0
            136.9873,35.04385,0
            136.98779,35.04389,0
            136.9879,35.04389,0
            136.98798,35.0439,0
            136.98815,35.0439,0
            136.98822,35.04391,0
            136.98839,35.04391,0
            136.98853,35.0439,0
            136.98876,35.0439,0
            136.98887,35.04389,0
            136.98899,35.04389,0
            136.98966,35.04382,0
            136.98986,35.04379,0
            136.99051,35.04367,0
            136.99126,35.04349,0
            136.9918,35.04334,0
            136.99191,35.0433,0
            136.992,35.04328,0
            136.99207,35.04326,0
            136.99227,35.04319,0
            136.99229,35.04319,0
            136.99417,35.04261,0
            136.99432,35.04257,0
            136.9945,35.04251,0
            136.99465,35.04247,0
            136.99488,35.04239,0
            136.99494,35.04238,0
            136.99511,35.04232,0
            136.99527,35.04228,0
            136.99541,35.04223,0
            136.99595,35.04206,0
            136.99614,35.04201,0
            136.99632,35.04195,0
            136.9965,35.0419,0
            136.99713,35.0417,0
            136.99778,35.04151,0
            136.99811,35.0414,0
            136.99826,35.04136,0
            136.99931,35.04104,0
            136.99954,35.04095,0
            137.00081,35.04056,0
            137.00147,35.04038,0
            137.00169,35.04033,0
            137.00182,35.04029,0
            137.00283,35.04005,0
            137.00318,35.03999,0
            137.00332,35.03996,0
            137.00407,35.03984,0
            137.00515,35.03972,0
            137.00597,35.03968,0
            137.00715,35.03967,0
            137.00764,35.03969,0
            137.00783,35.03969,0
            137.0079,35.0397,0
            137.00805,35.0397,0
            137.0088,35.03976,0
            137.0093,35.03982,0
            137.00935,35.03982,0
            137.00984,35.03989,0
            137.00998,35.03992,0
            137.01049,35.04001,0
            137.01057,35.04003,0
            137.01065,35.04004,0
            137.01086,35.04008,0
            137.01089,35.04009,0
            137.01142,35.04021,0
            137.01149,35.04023,0
            137.01156,35.04024,0
            137.01174,35.0403,0
            137.01215,35.04042,0
            137.01305,35.04075,0
            137.01345,35.04092,0
            137.01417,35.04128,0
            137.0147,35.04158,0
            137.01484,35.04168,0
            137.01499,35.04176,0
            137.01523,35.04192,0
            137.01561,35.0422,0
            137.01589,35.04242,0
            137.01724,35.04354,0
            137.01753,35.04377,0
            137.01766,35.04386,0
            137.01771,35.0439,0
            137.01822,35.04425,0
            137.01849,35.04442,0
            137.01883,35.04461,0
            137.01934,35.04485,0
            137.01952,35.04492,0
            137.01958,35.04495,0
            137.0197,35.045,0
            137.01997,35.0451,0
            137.02039,35.04523,0
            137.02076,35.04533,0
            137.02129,35.04545,0
            137.02132,35.04546,0
            137.02136,35.04546,0
            137.02142,35.04548,0
            137.02145,35.04548,0
            137.02187,35.04554,0
            137.02239,35.04559,0
            137.02273,35.04561,0
            137.0234,35.04561,0
            137.02347,35.0456,0
            137.02353,35.0456,0
            137.0239,35.04558,0
            137.02421,35.04555,0
            137.02452,35.04551,0
            137.02463,35.04549,0
            137.02473,35.04548,0
            137.02493,35.04544,0
            137.02507,35.04542,0
            137.02556,35.04529,0
            137.02561,35.04528,0
            137.0259,35.04519,0
            137.02616,35.0451,0
            137.02623,35.04508,0
            137.02628,35.04506,0
            137.02634,35.04503,0
            137.02651,35.04497,0
            137.02657,35.04494,0
            137.02687,35.04482,0
            137.02717,35.04467,0
            137.02722,35.04465,0
            137.02781,35.04435,0
            137.02819,35.04414,0
            137.02825,35.04412,0
            137.02835,35.04406,0
            137.02846,35.04401,0
            137.02856,35.04395,0
            137.0286,35.04393,0
            137.02864,35.0439,0
            137.02934,35.04354,0
            137.02962,35.04342,0
            137.02967,35.04339,0
            137.03012,35.04319,0
            137.03087,35.04291,0
            137.03121,35.0428,0
            137.0314,35.04275,0
            137.03154,35.0427,0
            137.03182,35.04263,0
            137.03189,35.04262,0
            137.03212,35.04256,0
            137.03226,35.04254,0
            137.03232,35.04252,0
            137.03339,35.04233,0
            137.03345,35.04233,0
            137.03351,35.04232,0
            137.0339,35.04228,0
            137.03403,35.04228,0
            137.03457,35.04225,0
            137.03465,35.04224,0
            137.03604,35.04224,0
            137.03631,35.04225,0
            137.03664,35.04225,0
            137.03669,35.04226,0
            137.03735,35.04228,0
            137.03899,35.0423,0
            137.03975,35.04226,0
            137.03986,35.04225,0
            137.03988,35.04224,0
            137.03994,35.04224,0
            137.04117,35.04208,0
            137.04171,35.04198,0
            137.04172,35.04198,0
            137.04276,35.04172,0
            137.04329,35.04156,0
            137.04349,35.04149,0
            137.04356,35.04147,0
            137.04364,35.04142,0
            137.04413,35.04124,0
            137.04448,35.0411,0
            137.04452,35.04108,0
            137.04462,35.04104,0
            137.04545,35.04066,0
            137.04625,35.04022,0
            137.04665,35.03997,0
            137.0473,35.03954,0
            137.04748,35.03941,0
            137.04812,35.03898,0
            137.04825,35.03888,0
            137.05263,35.03583,0
            137.05272,35.03576,0
            137.05351,35.03521,0
            137.05359,35.03516,0
            137.05364,35.03512,0
            137.05372,35.03507,0
            137.05402,35.03485,0
            137.05428,35.03468,0
            137.05448,35.03451,0
            137.0545,35.0345,0
            137.05453,35.03448,0
            137.05459,35.03443,0
            137.05472,35.03435,0
            137.05479,35.03429,0
            137.05518,35.03404,0
            137.05586,35.03357,0
            137.05589,35.03356,0
            137.05632,35.03326,0
            137.05659,35.03306,0
            137.0567,35.03299,0
            137.05677,35.03293,0
            137.05699,35.03279,0
            137.05713,35.03271,0
            137.05735,35.03253,0
            137.05909,35.03134,0
            137.05932,35.03117,0
            137.05936,35.03115,0
            137.05942,35.03111,0
            137.05947,35.03107,0
            137.05957,35.03101,0
            137.05969,35.03091,0
            137.05978,35.03086,0
            137.06024,35.03054,0
            137.06032,35.03049,0
            137.06086,35.03012,0
            137.06115,35.0299,0
            137.06125,35.02984,0
            137.0621,35.02922,0
            137.06219,35.02917,0
            137.06287,35.0287,0
            137.06312,35.02851,0
            137.06314,35.02849,0
            137.06348,35.02826,0
            137.0635,35.02825,0
            137.0638,35.02805,0
            137.0641,35.02783,0
            137.06411,35.02782,0
            137.06424,35.02774,0
            137.06455,35.02752,0
            137.06465,35.02746,0
            137.06602,35.02648,0
            137.06616,35.02639,0
            137.06672,35.026,0
            137.06699,35.0258,0
            137.06739,35.02553,0
            137.06775,35.02527,0
            137.06854,35.02473,0
            137.06856,35.02471,0
            137.0697,35.02391,0
            137.06977,35.02387,0
            137.0702,35.02356,0
            137.07049,35.02337,0
            137.07072,35.0232,0
            137.07082,35.02314,0
            137.07165,35.02255,0
            137.07169,35.02253,0
            137.07172,35.02251,0
            137.07177,35.02247,0
            137.07182,35.02244,0
            137.07273,35.02179,0
            137.07323,35.02145,0
            137.0733,35.02141,0
            137.07335,35.02137,0
            137.07345,35.0213,0
            137.07355,35.02124,0
            137.07364,35.02117,0
            137.07374,35.0211,0
            137.07397,35.02091,0
            137.07684,35.01891,0
            137.07687,35.01888,0
            137.07691,35.01886,0
            137.07695,35.01883,0
            137.077,35.0188,0
            137.0771,35.01873,0
            137.07717,35.01867,0
            137.0775,35.01847,0
            137.07804,35.0181,0
            137.07826,35.01797,0
            137.07864,35.01771,0
            137.07937,35.01727,0
            137.07982,35.01702,0
            137.08004,35.01691,0
            137.08027,35.01678,0
            137.0805,35.01667,0
            137.08102,35.0164,0
            137.08123,35.0163,0
            137.08155,35.01613,0
            137.08173,35.01605,0
            137.08217,35.01583,0
            137.08222,35.0158,0
            137.08227,35.01578,0
            137.08248,35.01566,0
            137.08397,35.01492,0
            137.08405,35.01487,0
            137.08633,35.01372,0
            137.0864,35.01369,0
            137.08647,35.01365,0
            137.08683,35.01347,0
            137.08684,35.01346,0
            137.08719,35.01329,0
            137.08728,35.01324,0
            137.08774,35.01301,0
            137.08784,35.01297,0
            137.08802,35.01287,0
            137.08824,35.01276,0
            137.08829,35.01274,0
            137.08883,35.01247,0
            137.08936,35.01219,0
            137.08983,35.01196,0
            137.091,35.01135,0
            137.09147,35.01113,0
            137.09191,35.01091,0
            137.09199,35.01086,0
            137.09256,35.01058,0
            137.09263,35.01055,0
            137.09356,35.01007,0
            137.09367,35.01002,0
            137.09377,35.00996,0
            137.09388,35.00991,0
            137.09457,35.00956,0
            137.09464,35.00953,0
            137.0947,35.00949,0
            137.09499,35.00934,0
            137.09585,35.00893,0
            137.09679,35.00852,0
            137.09745,35.00829,0
            137.09772,35.00821,0
            137.09844,35.00802,0
            137.09874,35.00797,0
            137.09904,35.00791,0
            137.09945,35.00786,0
            137.1001,35.00783,0
            137.10037,35.00783,0
            137.10094,35.00785,0
            137.1014,35.00789,0
            137.10185,35.00796,0
            137.10192,35.00796,0
            137.10199,35.00797,0
            137.10214,35.008,0
            137.10233,35.00805,0
            137.10241,35.00806,0
            137.10263,35.00811,0
            137.10335,35.00834,0
            137.1037,35.00847,0
            137.1041,35.00864,0
            137.10418,35.00868,0
            137.10421,35.00869,0
            137.10517,35.0092,0
            137.10546,35.00939,0
            137.10553,35.00943,0
            137.10557,35.00946,0
            137.10614,35.00982,0
            137.10801,35.01108,0
            137.10871,35.0115,0
            137.10931,35.0118,0
            137.10962,35.01194,0
            137.10973,35.012,0
            137.11009,35.01215,0
            137.11105,35.01249,0
            137.11158,35.01264,0
            137.11204,35.01274,0
            137.1121,35.01276,0
            137.11259,35.01285,0
            137.11322,35.01295,0
            137.114,35.01303,0
            137.11464,35.01306,0
            137.11544,35.01308,0
            137.11698,35.01309,0
            137.11808,35.01313,0
            137.11817,35.01314,0
            137.11826,35.01314,0
            137.12016,35.01326,0
            137.12029,35.01328,0
            137.12029,35.01327,0
            137.12137,35.01339,0
            137.12143,35.01339,0
            137.12149,35.0134,0
            137.1221,35.01347,0
            137.12216,35.01347,0
            137.12419,35.01377,0
            137.12425,35.01377,0
            137.12455,35.01383,0
            137.12457,35.01383,0
            137.12466,35.01384,0
            137.12475,35.01386,0
            137.12483,35.01387,0
            137.12558,35.01401,0
            137.12578,35.01404,0
            137.12628,35.01414,0
            137.12631,35.01415,0
            137.12638,35.01416,0
            137.12767,35.01445,0
            137.12769,35.01446,0
            137.12826,35.0146,0
            137.1283,35.0146,0
            137.12836,35.01462,0
            137.12842,35.01463,0
            137.12848,35.01465,0
            137.13009,35.01503,0
            137.13029,35.01507,0
            137.13129,35.01533,0
            137.13162,35.01539,0
            137.13183,35.01545,0
            137.13193,35.01547,0
            137.13209,35.01551,0
            137.13224,35.01554,0
            137.13237,35.01558,0
            137.13257,35.01563,0
            137.13264,35.01564,0
            137.13272,35.01566,0
            137.13283,35.01568,0
            137.13293,35.01571,0
            137.13336,35.0158,0
            137.13356,35.01586,0
            137.13387,35.01593,0
            137.13429,35.01604,0
            137.13441,35.01606,0
            137.13582,35.01641,0
            137.13596,35.01645,0
            137.13645,35.01657,0
            137.13703,35.01673,0
            137.13739,35.01681,0
            137.13758,35.01686,0
            137.13763,35.01688,0
            137.13807,35.01701,0
            137.13817,35.01703,0
            137.13872,35.01721,0
            137.13899,35.01731,0
            137.1391,35.01736,0
            137.13946,35.01749,0
            137.13957,35.01754,0
            137.1398,35.01763,0
            137.14139,35.01832,0
            137.14147,35.01836,0
            137.14155,35.01839,0
            137.14303,35.01906,0
            137.14315,35.01912,0
            137.14382,35.01941,0
            137.14406,35.01953,0
            137.14444,35.01968,0
            137.14465,35.01978,0
            137.14501,35.01993,0
            137.1453,35.02008,0
            137.14589,35.02035,0
            137.14599,35.02041,0
            137.14687,35.02085,0
            137.14699,35.02092,0
            137.14704,35.02094,0
            137.14708,35.02096,0
            137.14751,35.02121,0
            137.14752,35.02122,0
            137.14761,35.02126,0
            137.14828,35.02164,0
            137.14966,35.0225,0
            137.15062,35.02312,0
            137.15069,35.02317,0
            137.15166,35.0238,0
            137.15168,35.02381,0
            137.15234,35.02423,0
            137.15237,35.02424,0
            137.15248,35.02432,0
            137.15251,35.02433,0
            137.15297,35.02463,0
            137.15302,35.02467,0
            137.15393,35.02525,0
            137.15398,35.02529,0
            137.15405,35.02538,0
            137.15419,35.02547,0
            137.15448,35.02564,0
            137.15462,35.02573,0
            137.15466,35.02576,0
            137.15481,35.02585,0
            137.1549,35.02591,0
            137.15496,35.02594,0
            137.15507,35.02601,0
            137.15509,35.02603,0
            137.15515,35.02606,0
            137.15526,35.02614,0
            137.15625,35.02679,0
            137.15678,35.02712,0
            137.15701,35.02729,0
            137.15709,35.02733,0
            137.15716,35.02739,0
            137.1585,35.02838,0
            137.15902,35.02879,0
            137.15994,35.02961,0
            137.16053,35.03022,0
            137.16171,35.03154,0
            137.16238,35.03233,0
            137.16263,35.0326,0
            137.16275,35.03274,0
            137.16287,35.03286,0
            137.16294,35.03294,0
            137.16373,35.03374,0
            137.16376,35.03378,0
            137.16402,35.03403,0
            137.16479,35.03472,0
            137.16579,35.03556,0
            137.16583,35.03558,0
            137.16609,35.03579,0
            137.16657,35.03615,0
            137.16666,35.03623,0
            137.16668,35.03624,0
            137.16698,35.03647,0
            137.16701,35.03648,0
            137.16706,35.03652,0
            137.16735,35.03671,0
            137.16744,35.03676,0
            137.16759,35.03687,0
            137.16771,35.03694,0
            137.16775,35.03697,0
            137.16856,35.03749,0
            137.16864,35.03755,0
            137.16867,35.03756,0
            137.1693,35.03793,0
            137.16936,35.03796,0
            137.16937,35.03797,0
            137.16989,35.03825,0
            137.16994,35.03827,0
            137.17064,35.03866,0
            137.17152,35.03908,0
            137.17208,35.03932,0
            137.17247,35.0395,0
            137.17257,35.03954,0
            137.17267,35.03959,0
            137.1729,35.03967,0
            137.17503,35.04048,0
            137.17601,35.0408,0
            137.17612,35.04085,0
            137.17733,35.04123,0
            137.17746,35.04126,0
            137.17758,35.0413,0
            137.17797,35.0414,0
            137.1801,35.04203,0
            137.18104,35.04229,0
            137.18117,35.04232,0
            137.18293,35.0428,0
            137.18393,35.04304,0
            137.18559,35.04339,0
            137.18581,35.04343,0
            137.18583,35.04344,0
            137.18602,35.04347,0
            137.18615,35.0435,0
            137.18737,35.04371,0
            137.18889,35.04392,0
            137.18926,35.04396,0
            137.18932,35.04396,0
            137.19043,35.04407,0
            137.19175,35.04415,0
            137.19284,35.04417,0
            137.19432,35.04417,0
            137.19462,35.04418,0
            137.19489,35.04416,0
            137.19518,35.04415,0
            137.19709,35.04402,0
            137.19859,35.04385,0
            137.20009,35.04364,0
            137.20151,35.04339,0
            137.20322,35.043,0
            137.20481,35.04254,0
            137.20523,35.0424,0
            137.20547,35.04233,0
            137.20582,35.04221,0
            137.20587,35.0422,0
            137.20602,35.04214,0
            137.20671,35.04191,0
            137.20718,35.04174,0
            137.20755,35.04159,0
            137.20759,35.04158,0
            137.20959,35.04075,0
            137.20991,35.0406,0
            137.21018,35.04046,0
            137.21032,35.0404,0
            137.21097,35.04008,0
            137.21205,35.0395,0
            137.2125,35.03923,0
            137.21277,35.03908,0
            137.2143,35.03813,0
            137.21566,35.03717,0
            137.21597,35.03694,0
            137.21738,35.03579,0
            137.2185,35.03476,0
            137.21914,35.03413,0
            137.21973,35.0335,0
            137.22053,35.03256,0
            137.22145,35.03142,0
            137.22227,35.03028,0
            137.22286,35.02936,0
            137.2237,35.02791,0
            137.22375,35.0278,0
            137.22381,35.0277,0
            137.22401,35.0273,0
            137.22434,35.02658,0
            137.22445,35.02636,0
            137.22461,35.02599,0
            137.22464,35.02591,0
            137.2248,35.02556,0
            137.22492,35.02526,0
            137.22494,35.02519,0
            137.22497,35.02512,0
            137.2251,35.02471,0
            137.22525,35.02431,0
            137.22542,35.0238,0
            137.22562,35.02312,0
            137.22562,35.02311,0
            137.22571,35.02274,0
            137.2258,35.02242,0
            137.22592,35.02193,0
            137.22611,35.02097,0
            137.22627,35.01992,0
            137.22629,35.01974,0
            137.22629,35.01972,0
            137.22636,35.0192,0
            137.22639,35.01889,0
            137.22639,35.01885,0
            137.22645,35.01836,0
            137.22649,35.01792,0
            137.22651,35.01777,0
            137.22655,35.01727,0
            137.2267,35.01603,0
            137.22671,35.01584,0
            137.22674,35.01563,0
            137.22674,35.01562,0
            137.22682,35.01503,0
            137.22708,35.01349,0
            137.22716,35.01312,0
            137.22716,35.01309,0
            137.22742,35.01186,0
            137.22751,35.01153,0
            137.22752,35.01151,0
            137.22763,35.0111,0
            137.22763,35.01108,0
            137.22784,35.01033,0
            137.22786,35.01022,0
            137.22799,35.00981,0
            137.228,35.00974,0
            137.22806,35.00957,0
            137.22811,35.00938,0
            137.22815,35.00927,0
            137.22815,35.00925,0
            137.2283,35.00876,0
            137.22832,35.00872,0
            137.22836,35.00858,0
            137.22868,35.00767,0
            137.22918,35.00636,0
            137.22946,35.00567,0
            137.22949,35.00558,0
            137.22953,35.0055,0
            137.22957,35.00538,0
            137.22979,35.00486,0
            137.2301,35.00406,0
            137.23011,35.00405,0
            137.23044,35.00318,0
            137.2305,35.003,0
            137.23063,35.00265,0
            137.23087,35.00195,0
            137.23095,35.00168,0
            137.23104,35.00142,0
            137.23109,35.00124,0
            137.23116,35.00103,0
            137.2314,35.00018,0
            137.23144,35,0
            137.23192,34.99814,0
            137.23205,34.99759,0
            137.23241,34.99623,0
            137.23244,34.99616,0
            137.23248,34.99599,0
            137.23261,34.99555,0
            137.23265,34.99544,0
            137.2327,34.99526,0
            137.23278,34.99503,0
            137.23294,34.9945,0
            137.23302,34.99428,0
            137.23302,34.99426,0
            137.23308,34.99411,0
            137.23308,34.99409,0
            137.23359,34.99271,0
            137.23386,34.99202,0
            137.23393,34.99187,0
            137.23399,34.9917,0
            137.23407,34.99153,0
            137.23421,34.9912,0
            137.23422,34.99119,0
            137.23429,34.99103,0
            137.23429,34.99102,0
            137.23466,34.99019,0
            137.23475,34.99001,0
            137.23482,34.98985,0
            137.23483,34.98984,0
            137.2349,34.98969,0
            137.2349,34.98968,0
            137.23491,34.98968,0
            137.23517,34.98914,0
            137.23558,34.98836,0
            137.23558,34.98835,0
            137.23567,34.98819,0
            137.23569,34.98817,0
            137.23593,34.98771,0
            137.2364,34.98688,0
            137.23641,34.98688,0
            137.2365,34.98672,0
            137.2365,34.98671,0
            137.23658,34.98658,0
            137.23659,34.98655,0
            137.23729,34.98543,0
            137.2373,34.98541,0
            137.23791,34.98448,0
            137.23791,34.98447,0
            137.23802,34.98433,0
            137.23834,34.98386,0
            137.23891,34.98308,0
            137.23901,34.98293,0
            137.23922,34.98266,0
            137.23924,34.98262,0
            137.23936,34.98247,0
            137.23947,34.98232,0
            137.24033,34.98124,0
            137.24069,34.98081,0
            137.24074,34.98076,0
            137.24105,34.98039,0
            137.2412,34.98023,0
            137.24139,34.98001,0
            137.24148,34.97992,0
            137.24198,34.97935,0
            137.24266,34.97864,0
            137.2452,34.97609,0
            137.24599,34.97522,0
            137.24618,34.97499,0
            137.24631,34.97485,0
            137.2468,34.97425,0
            137.24744,34.97351,0
            137.24768,34.97321,0
            137.2478,34.97307,0
            137.2478,34.97306,0
            137.24825,34.97247,0
            137.24826,34.97245,0
            137.24847,34.97214,0
            137.24848,34.97213,0
            137.24879,34.97166,0
            137.2489,34.97151,0
            137.2489,34.9715,0
            137.249,34.97135,0
            137.249,34.97134,0
            137.24911,34.97119,0
            137.24961,34.97038,0
            137.25007,34.96954,0
            137.25018,34.96938,0
            137.25018,34.96937,0
            137.25027,34.96924,0
            137.25038,34.96904,0
            137.25048,34.96888,0
            137.25055,34.96873,0
            137.25093,34.96802,0
            137.25103,34.96781,0
            137.25134,34.96721,0
            137.252,34.96573,0
            137.25241,34.96469,0
            137.25278,34.96368,0
            137.25299,34.963,0
            137.253,34.96298,0
            137.25305,34.96282,0
            137.25305,34.96281,0
            137.25316,34.96247,0
            137.25317,34.96243,0
            137.25338,34.96177,0
            137.25338,34.96176,0
            137.25339,34.96174,0
            137.25342,34.9616,0
            137.25343,34.96158,0
            137.25355,34.96105,0
            137.25368,34.96025,0
            137.25379,34.95988,0
            137.254,34.95886,0
            137.25417,34.95761,0
            137.25419,34.95739,0
            137.25459,34.95403,0
            137.25468,34.95349,0
            137.2547,34.95331,0
            137.25487,34.95225,0
            137.25498,34.95171,0
            137.25501,34.95153,0
            137.25505,34.95136,0
            137.25518,34.95071,0
            137.25576,34.94893,0
            137.25633,34.94755,0
            137.25641,34.94738,0
            137.25666,34.94677,0
            137.25708,34.94595,0
            137.25734,34.94536,0
            137.25767,34.94456,0
            137.25845,34.94287,0
            137.25901,34.9417,0
            137.2591,34.94154,0
            137.2595,34.94071,0
            137.2595,34.9407,0
            137.25959,34.94054,0
            137.25959,34.94053,0
            137.25984,34.94004,0
            137.26011,34.93955,0
            137.26011,34.93954,0
            137.26063,34.93853,0
            137.2608,34.93818,0
            137.26141,34.93707,0
            137.2632,34.93396,0
            137.26329,34.93382,0
            137.26338,34.93366,0
            137.26393,34.93278,0
            137.26448,34.93194,0
            137.26526,34.93086,0
            137.26526,34.93085,0
            137.26596,34.92994,0
            137.26606,34.92982,0
            137.26608,34.92979,0
            137.26662,34.92913,0
            137.26797,34.92761,0
            137.26857,34.92697,0
            137.2687,34.92684,0
            137.26884,34.92668,0
            137.26959,34.9259,0
            137.27029,34.9252,0
            137.27048,34.925,0
            137.27205,34.92343,0
            137.27231,34.9232,0
            137.27278,34.92275,0
            137.2734,34.92221,0
            137.27367,34.92196,0
            137.27458,34.92119,0
            137.2747,34.9211,0
            137.2748,34.92101,0
            137.27486,34.92097,0
            137.275,34.92084,0
            137.27542,34.92051,0
            137.27567,34.9203,0
            137.27736,34.91898,0
            137.2785,34.91814,0
            137.27869,34.91801,0
            137.27886,34.91788,0
            137.27981,34.91722,0
            137.28004,34.91707,0
            137.28009,34.91703,0
            137.28015,34.917,0
            137.28044,34.9168,0
            137.28061,34.9167,0
            137.28084,34.91655,0
            137.28122,34.91632,0
            137.28125,34.91629,0
            137.2815,34.91614,0
            137.28163,34.91607,0
            137.28255,34.91552,0
            137.28258,34.91551,0
            137.28292,34.91532,0
            137.28305,34.91524,0
            137.28379,34.91484,0
            137.28404,34.91472,0
            137.28414,34.91466,0
            137.28512,34.91415,0
            137.28694,34.91328,0
            137.28711,34.91321,0
            137.28728,34.91313,0
            137.28739,34.91307,0
            137.28756,34.913,0
            137.28767,34.91294,0
            137.28779,34.91289,0
            137.29168,34.91106,0
            137.29333,34.91031,0
            137.29371,34.91012,0
            137.29788,34.90819,0
            137.29905,34.90767,0
            137.3004,34.9071,0
            137.30048,34.90706,0
            137.30134,34.90671,0
            137.30158,34.90663,0
            137.303,34.90609,0
            137.3061,34.90502,0
            137.30631,34.90494,0
            137.31087,34.90337,0
            137.31092,34.90336,0
            137.31196,34.903,0
            137.31214,34.90293,0
            137.31632,34.90149,0
            137.31633,34.90149,0
            137.32764,34.89759,0
            137.32771,34.89757,0
            137.33211,34.89605,0
            137.33913,34.89386,0
            137.34221,34.89279,0
            137.34223,34.89279,0
            137.34282,34.8926,0
            137.34322,34.89246,0
            137.34343,34.8924,0
            137.34453,34.89204,0
            137.34487,34.89192,0
            137.34623,34.89148,0
            137.34638,34.89142,0
            137.34659,34.89135,0
            137.34792,34.89086,0
            137.35192,34.8895,0
            137.35196,34.88948,0
            137.35212,34.88943,0
            137.35332,34.88901,0
            137.35362,34.88893,0
            137.35429,34.88871,0
            137.35465,34.88858,0
            137.35483,34.8885,0
            137.35485,34.8885,0
            137.3554,34.88828,0
            137.35738,34.88761,0
            137.36007,34.88684,0
            137.36016,34.88681,0
            137.36028,34.88678,0
            137.36111,34.88654,0
            137.36132,34.88649,0
            137.36398,34.88573,0
            137.36439,34.8856,0
            137.36645,34.885,0
            137.36666,34.88493,0
            137.36872,34.88433,0
            137.36893,34.88426,0
            137.36914,34.88422,0
            137.36953,34.88412,0
            137.37011,34.88401,0
            137.37013,34.88401,0
            137.37035,34.88397,0
            137.37044,34.88396,0
            137.37068,34.88391,0
            137.37074,34.88391,0
            137.37138,34.88379,0
            137.37159,34.88376,0
            137.37181,34.88372,0
            137.37183,34.88371,0
            137.37288,34.88355,0
            137.373,34.88354,0
            137.3731,34.88352,0
            137.37331,34.88349,0
            137.37332,34.88349,0
            137.37353,34.88346,0
            137.37354,34.88346,0
            137.37374,34.88343,0
            137.37375,34.88342,0
            137.37395,34.88339,0
            137.37397,34.88339,0
            137.37417,34.88336,0
            137.37418,34.88335,0
            137.37438,34.88332,0
            137.3744,34.88332,0
            137.37524,34.88319,0
            137.37526,34.88319,0
            137.37546,34.88316,0
            137.37567,34.88314,0
            137.37569,34.88313,0
            137.37589,34.88311,0
            137.37591,34.8831,0
            137.37612,34.88308,0
            137.37632,34.88305,0
            137.37634,34.88305,0
            137.37696,34.88297,0
            137.37806,34.88287,0
            137.37827,34.88286,0
            137.37893,34.8828,0
            137.37896,34.8828,0
            137.38095,34.88263,0
            137.38161,34.88259,0
            137.38445,34.88249,0
            137.38498,34.88249,0
            137.38533,34.88248,0
            137.38686,34.88261,0
            137.38708,34.88262,0
            137.38751,34.88266,0
            137.38773,34.88267,0
            137.38838,34.88273,0
            137.3886,34.88274,0
            137.39103,34.88294,0
            137.39122,34.88295,0
            137.39231,34.88305,0
            137.39275,34.88308,0
            137.39428,34.88322,0
            137.39449,34.88323,0
            137.39624,34.88337,0
            137.3969,34.88341,0
            137.39798,34.88353,0
            137.39823,34.88355,0
            137.39926,34.88366,0
            137.39983,34.8837,0
            137.40122,34.88383,0
            137.40555,34.88443,0
            137.40577,34.88445,0
            137.40746,34.88469,0
            137.4093,34.88499,0
            137.41045,34.88521,0
            137.41077,34.88526,0
            137.41216,34.88554,0
            137.41263,34.88562,0
            137.41476,34.88605,0
            137.41604,34.88633,0
            137.41611,34.88634,0
            137.41761,34.88667,0
            137.41762,34.88667,0
            137.41768,34.88669,0
            137.41775,34.8867,0
            137.41794,34.88674,0
            137.41947,34.88711,0
            137.4221,34.88763,0
            137.4228,34.88779,0
            137.42389,34.88814,0
            137.4241,34.8882,0
            137.42636,34.88897,0
            137.42657,34.88905,0
            137.42661,34.88906,0
            137.42768,34.88944,0
            137.42893,34.88991,0
            137.43046,34.89054,0
            137.43364,34.89204,0
            137.43514,34.89287,0
            137.43532,34.89298,0
            137.43725,34.89405,0
            137.43797,34.89449,0
            137.43865,34.89493,0
            137.43887,34.89509,0
            137.43939,34.89544,0
            137.43972,34.89568,0
            137.43987,34.89578,0
            137.44127,34.8968,0
            137.44156,34.89703,0
            137.44182,34.89722,0
            137.44223,34.89756,0
            137.44226,34.89759,0
            137.44229,34.89761,0
            137.4424,34.8977,0
            137.44245,34.89776,0
            137.44268,34.89793,0
            137.44279,34.89802,0
            137.44291,34.89813,0
            137.44301,34.8982,0
            137.44468,34.89955,0
            137.44519,34.89998,0
            137.4453,34.90006,0
            137.44575,34.90043,0
            137.44577,34.90044,0
            137.44623,34.90082,0
            137.44639,34.90094,0
            137.44873,34.90285,0
            137.44888,34.90295,0
            137.44933,34.90328,0
            137.44953,34.90345,0
            137.44963,34.90352,0
            137.44968,34.90356,0
            137.44971,34.90359,0
            137.45012,34.90391,0
            137.45017,34.90396,0
            137.45027,34.90403,0
            137.4504,34.90414,0
            137.45046,34.90418,0
            137.45055,34.90425,0
            137.4506,34.9043,0
            137.45061,34.9043,0
            137.4513,34.90492,0
            137.45182,34.90534,0
            137.45189,34.90539,0
            137.45258,34.90595,0
            137.4526,34.90596,0
            137.4526,34.90597,0
            137.45269,34.90603,0
            137.45276,34.90609,0
            137.45291,34.9062,0
            137.45299,34.90627,0
            137.45315,34.90639,0
            137.45323,34.90646,0
            137.45415,34.90715,0
            137.45528,34.90794,0
            137.45533,34.90797,0
            137.45614,34.90853,0
            137.45666,34.90883,0
            137.45667,34.90884,0
            137.45698,34.90902,0
            137.45702,34.90904,0
            137.45719,34.90915,0
            137.45744,34.90929,0
            137.4579,34.90957,0
            137.45868,34.91002,0
            137.45919,34.91033,0
            137.45929,34.91038,0
            137.45929,34.91039,0
            137.45965,34.9106,0
            137.45971,34.91063,0
            137.45995,34.91077,0
            137.46001,34.9108,0
            137.46014,34.91088,0
            137.46019,34.9109,0
            137.46022,34.91092,0
            137.46091,34.91126,0
            137.46101,34.9113,0
            137.46143,34.9115,0
            137.46157,34.91156,0
            137.46167,34.91161,0
            137.46228,34.91188,0
            137.4625,34.91197,0
            137.46296,34.91218,0
            137.46394,34.91257,0
            137.4641,34.91264,0
            137.46432,34.91271,0
            137.46477,34.91289,0
            137.46484,34.91291,0
            137.46543,34.91314,0
            137.46545,34.91314,0
            137.46557,34.91319,0
            137.4664,34.91347,0
            137.46799,34.91395,0
            137.46804,34.91397,0
            137.46806,34.91397,0
            137.46894,34.91424,0
            137.46914,34.91429,0
            137.47311,34.91504,0
            137.47723,34.91587,0
            137.47886,34.9161,0
            137.48116,34.91648,0
            137.48277,34.91679,0
            137.4834,34.91693,0
            137.48362,34.91697,0
            137.48368,34.91699,0
            137.48485,34.91726,0
            137.48488,34.91726,0
            137.48692,34.91777,0
            137.48726,34.91788,0
            137.48734,34.9179,0
            137.48745,34.91794,0
            137.48751,34.91795,0
            137.48766,34.918,0
            137.48904,34.9184,0
            137.49024,34.91878,0
            137.49255,34.91958,0
            137.49256,34.91959,0
            137.49299,34.91974,0
            137.49376,34.92004,0
            137.49396,34.92011,0
            137.494,34.92013,0
            137.49517,34.9206,0
            137.49592,34.92092,0
            137.49596,34.92094,0
            137.49611,34.921,0
            137.50037,34.9229,0
            137.5004,34.92291,0
            137.50161,34.92342,0
            137.50174,34.92346,0
            137.50187,34.92351,0
            137.5021,34.92361,0
            137.50316,34.92401,0
            137.5037,34.9242,0
            137.50377,34.92422,0
            137.50437,34.92444,0
            137.5058,34.9249,0
            137.50761,34.92542,0
            137.50891,34.92575,0
            137.51007,34.92602,0
            137.51113,34.92624,0
            137.51248,34.92649,0
            137.51306,34.92658,0
            137.51309,34.92659,0
            137.51385,34.9267,0
            137.51385,34.92671,0
            137.51423,34.92675,0
            137.51471,34.92682,0
            137.51505,34.92685,0
            137.51642,34.92702,0
            137.51719,34.92709,0
            137.51869,34.9272,0
            137.51985,34.92725,0
            137.52073,34.92727,0
            137.52083,34.92728,0
            137.52139,34.92728,0
            137.52161,34.92729,0
            137.5225,34.92728,0
            137.52263,34.92727,0
            137.52275,34.92727,0
            137.52282,34.92726,0
            137.52308,34.92726,0
            137.52326,34.92725,0
            137.52337,34.92725,0
            137.52358,34.92724,0
            137.5237,34.92724,0
            137.52381,34.92723,0
            137.52438,34.92721,0
            137.52447,34.9272,0
            137.52507,34.92718,0
            137.52696,34.92704,0
            137.5271,34.92702,0
            137.52825,34.92692,0
            137.52827,34.92692,0
            137.52846,34.9269,0
            137.52849,34.92689,0
            137.52988,34.92671,0
            137.52997,34.92669,0
            137.53185,34.92642,0
            137.53188,34.92642,0
            137.53285,34.92627,0
            137.53287,34.92626,0
            137.53291,34.92626,0
            137.53293,34.92625,0
            137.53351,34.92617,0
            137.53355,34.92616,0
            137.53373,34.92614,0
            137.5339,34.92611,0
            137.53402,34.9261,0
            137.53489,34.92598,0
            137.53492,34.92597,0
            137.53517,34.92593,0
            137.53521,34.92593,0
            137.53538,34.9259,0
            137.53576,34.92585,0
            137.53615,34.92578,0
            137.53634,34.92576,0
            137.5373,34.92561,0
            137.5374,34.9256,0
            137.53842,34.92544,0
            137.53853,34.92543,0
            137.53871,34.9254,0
            137.53897,34.92537,0
            137.53947,34.92529,0
            137.53966,34.92527,0
            137.53978,34.92524,0
            137.5398,34.92524,0
            137.54003,34.9252,0
            137.54005,34.9252,0
            137.54066,34.92511,0
            137.54092,34.92508,0
            137.54108,34.92505,0
            137.54148,34.92499,0
            137.54158,34.92498,0
            137.54254,34.92484,0
            137.54388,34.92461,0
            137.54472,34.92445,0
            137.54484,34.92442,0
            137.54516,34.92436,0
            137.54641,34.92409,0
            137.54649,34.92406,0
            137.54824,34.92363,0
            137.54954,34.92327,0
            137.54993,34.92314,0
            137.55062,34.92293,0
            137.55064,34.92292,0
            137.55084,34.92285,0
            137.55123,34.92273,0
            137.55503,34.9214,0
            137.55514,34.92137,0
            137.55525,34.92133,0
            137.55691,34.9208,0
            137.55758,34.92061,0
            137.55767,34.92059,0
            137.55776,34.92056,0
            137.55785,34.92054,0
            137.55791,34.92052,0
            137.5582,34.92044,0
            137.55825,34.92042,0
            137.55854,34.92034,0
            137.56051,34.91985,0
            137.56096,34.91975,0
            137.56103,34.91973,0
            137.56159,34.9196,0
            137.56174,34.91958,0
            137.56177,34.91957,0
            137.56216,34.91949,0
            137.56217,34.91949,0
            137.5626,34.9194,0
            137.56262,34.9194,0
            137.56367,34.9192,0
            137.5637,34.9192,0
            137.56627,34.91876,0
            137.56628,34.91876,0
            137.56776,34.91852,0
            137.56779,34.91852,0
            137.56797,34.91849,0
            137.568,34.91848,0
            137.5686,34.91839,0
            137.57009,34.91809,0
            137.57116,34.9179,0
            137.57384,34.91748,0
            137.5743,34.91739,0
            137.57848,34.91668,0
            137.57877,34.91664,0
            137.59207,34.91438,0
            137.59414,34.91399,0
            137.59623,34.91354,0
            137.59818,34.91307,0
            137.59966,34.91268,0
            137.60101,34.91229,0
            137.60121,34.91224,0
            137.60257,34.91182,0
            137.60386,34.91138,0
            137.60388,34.91137,0
            137.60406,34.9113,0
            137.60408,34.91129,0
            137.60417,34.91126,0
            137.60474,34.91103,0
            137.60489,34.91098,0
            137.60503,34.91092,0
            137.60581,34.91062,0
            137.60612,34.91048,0
            137.6066,34.91029,0
            137.60661,34.91028,0
            137.60771,34.90974,0
            137.60802,34.9096,0
            137.60898,34.90911,0
            137.60901,34.9091,0
            137.6095,34.90882,0
            137.60973,34.9087,0
            137.61006,34.9085,0
            137.61012,34.90847,0
            137.61045,34.90828,0
            137.6119,34.90738,0
            137.61342,34.9063,0
            137.61386,34.90596,0
            137.61402,34.90585,0
            137.61469,34.90535,0
            137.61481,34.90525,0
            137.61484,34.90522,0
            137.6153,34.90484,0
            137.61546,34.90472,0
            137.61588,34.90437,0
            137.61593,34.90434,0
            137.61621,34.9041,0
            137.61732,34.90319,0
            137.61748,34.90307,0
            137.61886,34.90195,0
            137.61923,34.90168,0
            137.6198,34.90124,0
            137.6199,34.90117,0
            137.62049,34.90069,0
            137.62125,34.90011,0
            137.62206,34.89952,0
            137.62218,34.89944,0
            137.62248,34.89921,0
            137.62263,34.89911,0
            137.62329,34.89863,0
            137.62363,34.8984,0
            137.62403,34.89809,0
            137.62479,34.89756,0
            137.62623,34.89659,0
            137.62656,34.8964,0
            137.62678,34.89625,0
            137.62708,34.89606,0
            137.62723,34.89598,0
            137.62795,34.89556,0
            137.6292,34.89489,0
            137.63002,34.89448,0
            137.63089,34.89408,0
            137.63106,34.89402,0
            137.63151,34.89382,0
            137.63248,34.89342,0
            137.63382,34.89294,0
            137.63478,34.89263,0
            137.63647,34.89214,0
            137.63764,34.89184,0
            137.63856,34.89162,0
            137.63867,34.8916,0
            137.63927,34.89145,0
            137.64068,34.89113,0
            137.64143,34.89093,0
            137.64357,34.89042,0
            137.64358,34.89042,0
            137.6461,34.88981,0
            137.64631,34.88975,0
            137.64648,34.88971,0
            137.6471,34.88953,0
            137.64775,34.88932,0
            137.64843,34.88908,0
            137.64955,34.88866,0
            137.65084,34.88814,0
            137.65126,34.88796,0
            137.65232,34.88746,0
            137.65243,34.8874,0
            137.65281,34.88722,0
            137.65301,34.88711,0
            137.65338,34.88693,0
            137.65367,34.88677,0
            137.65381,34.8867,0
            137.65481,34.88615,0
            137.65591,34.88547,0
            137.65598,34.88542,0
            137.65605,34.88538,0
            137.65625,34.88525,0
            137.65687,34.88482,0
            137.65692,34.88479,0
            137.65871,34.88353,0
            137.65915,34.88318,0
            137.65949,34.88293,0
            137.65949,34.88292,0
            137.65959,34.88285,0
            137.66034,34.88226,0
            137.66038,34.88222,0
            137.66042,34.88219,0
            137.66068,34.88197,0
            137.66073,34.88192,0
            137.66087,34.8818,0
            137.66091,34.88176,0
            137.66101,34.88168,0
            137.66131,34.88142,0
            137.66146,34.88128,0
            137.66159,34.88117,0
            137.66161,34.88115,0
            137.66174,34.88104,0
            137.66232,34.8805,0
            137.66274,34.88009,0
            137.6628,34.88004,0
            137.663,34.87985,0
            137.66312,34.87972,0
            137.66353,34.87933,0
            137.6636,34.87927,0
            137.66797,34.87498,0
            137.66824,34.8747,0
            137.66838,34.87457,0
            137.66991,34.87306,0
            137.67019,34.87281,0
            137.67058,34.87242,0
            137.67092,34.87212,0
            137.67122,34.87183,0
            137.67152,34.87157,0
            137.67181,34.8713,0
            137.67265,34.87057,0
            137.673,34.87028,0
            137.67332,34.87,0
            137.67426,34.86923,0
            137.67585,34.86799,0
            137.67586,34.86798,0
            137.67616,34.86775,0
            137.67796,34.86646,0
            137.67797,34.86645,0
            137.67814,34.86634,0
            137.67814,34.86633,0
            137.67911,34.86567,0
            137.67932,34.86554,0
            137.67937,34.8655,0
            137.6798,34.86522,0
            137.68,34.86508,0
            137.68041,34.86483,0
            137.68079,34.86458,0
            137.6821,34.86378,0
            137.68228,34.86368,0
            137.68247,34.86356,0
            137.68279,34.86338,0
            137.68302,34.86324,0
            137.68326,34.86311,0
            137.68358,34.86292,0
            137.68473,34.86228,0
            137.68483,34.86223,0
            137.68499,34.86214,0
            137.68518,34.86205,0
            137.68536,34.86194,0
            137.68574,34.86175,0
            137.68628,34.86146,0
            137.68748,34.86086,0
            137.68797,34.86063,0
            137.68835,34.86044,0
            137.68925,34.86002,0
            137.68957,34.85988,0
            137.68999,34.85968,0
            137.6924,34.85865,0
            137.69379,34.8581,0
            137.69399,34.85803,0
            137.69458,34.8578,0
            137.69567,34.8574,0
            137.69719,34.85687,0
            137.6974,34.85681,0
            137.69862,34.85641,0
            137.69883,34.85635,0
            137.69904,34.85628,0
            137.7013,34.85561,0
            137.70152,34.85556,0
            137.70172,34.8555,0
            137.70196,34.85544,0
            137.70318,34.8551,0
            137.70339,34.85505,0
            137.70436,34.85479,0
            137.70463,34.85471,0
            137.70671,34.85415,0
            137.70672,34.85414,0
            137.70691,34.85409,0
            137.70692,34.85409,0
            137.70733,34.85398,0
            137.70734,34.85398,0
            137.70817,34.85375,0
            137.70838,34.8537,0
            137.70963,34.85335,0
            137.70964,34.85335,0
            137.71067,34.85307,0
            137.71089,34.85302,0
            137.71138,34.85287,0
            137.71183,34.85276,0
            137.71203,34.8527,0
            137.71204,34.8527,0
            137.7126,34.85255,0
            137.71265,34.85253,0
            137.71916,34.85078,0
            137.71928,34.85074,0
            137.71937,34.85072,0
            137.72126,34.85021,0
            137.72215,34.84995,0
            137.72231,34.84991,0
            137.7238,34.84944,0
            137.72388,34.84941,0
            137.72397,34.84937,0
            137.7256,34.84883,0
            137.72593,34.84873,0
            137.72637,34.84858,0
            137.72644,34.84856,0
            137.72666,34.84848,0
            137.7277,34.84815,0
            137.72995,34.84752,0
            137.73006,34.8475,0
            137.73035,34.84741,0
            137.73097,34.84725,0
            137.7313,34.84715,0
            137.73168,34.84705,0
            137.73182,34.84702,0
            137.73195,34.84698,0
            137.73231,34.84689,0
            137.73247,34.84684,0
            137.7388,34.84513,0
            137.73896,34.84508,0
            137.73912,34.84504,0
            137.73925,34.845,0
            137.74011,34.84478,0
            137.74095,34.84454,0
            137.74109,34.84451,0
            137.74215,34.84422,0
            137.74231,34.84417,0
            137.74243,34.84415,0
            137.74573,34.84325,0
            137.7458,34.84324,0
            137.7476,34.84274,0
            137.74781,34.84269,0
            137.75058,34.84194,0
            137.75079,34.84189,0
            137.75113,34.84179,0
            137.75287,34.84132,0
            137.75308,34.84127,0
            137.7532,34.84123,0
            137.75662,34.84031,0
            137.75671,34.84028,0
            137.76029,34.83932,0
            137.76056,34.83924,0
            137.76105,34.83912,0
            137.76106,34.83912,0
            137.76224,34.83882,0
            137.76322,34.8386,0
            137.76463,34.83833,0
            137.76538,34.83821,0
            137.76598,34.83813,0
            137.7662,34.83811,0
            137.76671,34.83804,0
            137.76715,34.83801,0
            137.76828,34.8379,0
            137.76834,34.8379,0
            137.76921,34.83784,0
            137.77058,34.83779,0
            137.77158,34.83779,0
            137.7731,34.83783,0
            137.77314,34.83784,0
            137.77405,34.83788,0
            137.77452,34.83792,0
            137.77458,34.83792,0
            137.77465,34.83793,0
            137.77481,34.83794,0
            137.77611,34.83807,0
            137.77676,34.83816,0
            137.77698,34.83818,0
            137.77763,34.83827,0
            137.77784,34.83829,0
            137.77945,34.8385,0
            137.7797,34.83854,0
            137.78015,34.83859,0
            137.78033,34.83862,0
            137.78124,34.83874,0
            137.78133,34.83876,0
            137.78316,34.83898,0
            137.78351,34.83903,0
            137.78359,34.83903,0
            137.78381,34.83905,0
            137.78402,34.83908,0
            137.78533,34.83919,0
            137.7854,34.83919,0
            137.78547,34.8392,0
            137.78608,34.83924,0
            137.78619,34.83924,0
            137.7864,34.83926,0
            137.78652,34.83926,0
            137.78665,34.83927,0
            137.78674,34.83927,0
            137.78735,34.8393,0
            137.78756,34.8393,0
            137.78772,34.83931,0
            137.7886,34.83932,0
            137.78869,34.83933,0
            137.79054,34.83931,0
            137.79176,34.83927,0
            137.79182,34.83926,0
            137.79263,34.83922,0
            137.79269,34.83921,0
            137.79276,34.83921,0
            137.79291,34.8392,0
            137.79297,34.83919,0
            137.79303,34.83919,0
            137.79457,34.83905,0
            137.79476,34.83904,0
            137.79519,34.83899,0
            137.7953,34.83897,0
            137.79562,34.83894,0
            137.79576,34.83892,0
            137.79591,34.83891,0
            137.79708,34.83875,0
            137.79716,34.83873,0
            137.79718,34.83873,0
            137.79758,34.83867,0
            137.7977,34.83864,0
            137.79816,34.83856,0
            137.79833,34.83854,0
            137.80113,34.83797,0
            137.80162,34.83785,0
            137.80187,34.83778,0
            137.80249,34.83763,0
            137.80261,34.83759,0
            137.80322,34.83743,0
            137.80326,34.83741,0
            137.80367,34.8373,0
            137.80375,34.83727,0
            137.80393,34.83722,0
            137.80395,34.83722,0
            137.80406,34.83718,0
            137.80427,34.83713,0
            137.80435,34.8371,0
            137.80443,34.83708,0
            137.80519,34.83685,0
            137.80527,34.83683,0
            137.80535,34.8368,0
            137.80564,34.83672,0
            137.80586,34.83665,0
            137.80588,34.83664,0
            137.80942,34.83561,0
            137.80954,34.83558,0
            137.8096,34.83557,0
            137.81077,34.83526,0
            137.81087,34.83524,0
            137.81156,34.83507,0
            137.81339,34.83468,0
            137.81368,34.83463,0
            137.81399,34.83456,0
            137.81422,34.83452,0
            137.81439,34.8345,0
            137.81468,34.83444,0
            137.81471,34.83443,0
            137.81559,34.83428,0
            137.81566,34.83426,0
            137.81849,34.83386,0
            137.81873,34.83384,0
            137.81898,34.83381,0
            137.8191,34.83379,0
            137.82046,34.83364,0
            137.82049,34.83363,0
            137.82097,34.83358,0
            137.82109,34.83356,0
            137.8214,34.83353,0
            137.82365,34.83326,0
            137.8239,34.83324,0
            137.82408,34.83321,0
            137.82415,34.83321,0
            137.82432,34.83318,0
            137.82444,34.83317,0
            137.82447,34.83317,0
            137.82463,34.83315,0
            137.8248,34.83314,0
            137.83182,34.8323,0
            137.83311,34.8321,0
            137.83454,34.83182,0
            137.83469,34.83178,0
            137.83485,34.83175,0
            137.83575,34.83154,0
            137.83589,34.8315,0
            137.83638,34.83138,0
            137.83674,34.83127,0
            137.83719,34.83115,0
            137.83726,34.83112,0
            137.83752,34.83105,0
            137.83895,34.83059,0
            137.83964,34.83034,0
            137.8398,34.83029,0
            137.84112,34.8298,0
            137.84128,34.82973,0
            137.84332,34.82893,0
            137.8434,34.82889,0
            137.8435,34.82885,0
            137.84359,34.82882,0
            137.84365,34.82879,0
            137.84409,34.82861,0
            137.84423,34.82856,0
            137.84437,34.8285,0
            137.84551,34.82806,0
            137.84564,34.82802,0
            137.84585,34.82794,0
            137.846,34.82789,0
            137.84618,34.82782,0
            137.84631,34.82778,0
            137.84641,34.82774,0
            137.84662,34.82767,0
            137.84667,34.82766,0
            137.84775,34.8273,0
            137.84849,34.82707,0
            137.84932,34.82683,0
            137.84956,34.82677,0
            137.84979,34.8267,0
            137.85099,34.8264,0
            137.851,34.8264,0
            137.8514,34.8263,0
            137.85212,34.82614,0
            137.85235,34.8261,0
            137.85248,34.82607,0
            137.85249,34.82607,0
            137.85264,34.82603,0
            137.85305,34.82596,0
            137.85326,34.82591,0
            137.85437,34.82572,0
            137.85553,34.82556,0
            137.85711,34.82537,0
            137.85887,34.82524,0
            137.85951,34.82521,0
            137.86109,34.82517,0
            137.86222,34.82518,0
            137.86287,34.8252,0
            137.86312,34.8252,0
            137.86371,34.82523,0
            137.86383,34.82523,0
            137.86397,34.82524,0
            137.86402,34.82524,0
            137.86476,34.82529,0
            137.86482,34.82529,0
            137.86499,34.82531,0
            137.86526,34.82533,0
            137.86532,34.82533,0
            137.86551,34.82535,0
            137.86555,34.82535,0
            137.86611,34.8254,0
            137.86616,34.82541,0
            137.8666,34.82545,0
            137.8667,34.82547,0
            137.86765,34.82558,0
            137.86773,34.8256,0
            137.86823,34.82566,0
            137.86957,34.82589,0
            137.86979,34.82592,0
            137.871,34.82616,0
            137.8719,34.82636,0
            137.87197,34.82638,0
            137.87234,34.82646,0
            137.87407,34.82689,0
            137.87416,34.82692,0
            137.87481,34.82708,0
            137.87511,34.82717,0
            137.8754,34.82724,0
            137.87553,34.82728,0
            137.8772,34.82771,0
            137.8788,34.82809,0
            137.87955,34.82824,0
            137.87971,34.82828,0
            137.88027,34.8284,0
            137.88036,34.82841,0
            137.88042,34.82843,0
            137.88223,34.82872,0
            137.88301,34.82882,0
            137.88408,34.82893,0
            137.88459,34.82897,0
            137.88466,34.82898,0
            137.88511,34.82901,0
            137.88515,34.82902,0
            137.88525,34.82903,0
            137.8862,34.82907,0
            137.8863,34.82908,0
            137.88869,34.82909,0
            137.88887,34.82908,0
            137.88918,34.82908,0
            137.88975,34.82906,0
            137.88983,34.82905,0
            137.89134,34.82893,0
            137.89301,34.82874,0
            137.89387,34.82861,0
            137.8939,34.82861,0
            137.89564,34.8283,0
            137.89575,34.82827,0
            137.89642,34.82813,0
            137.89727,34.82791,0
            137.89732,34.8279,0
            137.89738,34.82788,0
            137.89802,34.82772,0
            137.89814,34.8277,0
            137.89829,34.82765,0
            137.89853,34.82759,0
            137.89915,34.82741,0
            137.9048,34.82559,0
            137.90714,34.82489,0
            137.9086,34.8245,0
            137.90999,34.82417,0
            137.91006,34.82416,0
            137.91235,34.82369,0
            137.91328,34.82353,0
            137.91332,34.82352,0
            137.91362,34.82347,0
            137.91373,34.82346,0
            137.91386,34.82343,0
            137.91395,34.82342,0
            137.91416,34.82338,0
            137.9142,34.82338,0
            137.91456,34.82332,0
            137.91562,34.82318,0
            137.91567,34.82317,0
            137.91625,34.82309,0
            137.91654,34.82306,0
            137.91671,34.82303,0
            137.91686,34.82302,0
            137.91698,34.823,0
            137.91743,34.82296,0
            137.91755,34.82294,0
            137.91765,34.82294,0
            137.91769,34.82293,0
            137.91774,34.82293,0
            137.91778,34.82292,0
            137.91811,34.82288,0
            137.91977,34.82275,0
            137.91983,34.82274,0
            137.91988,34.82274,0
            137.91999,34.82273,0
            137.9201,34.82273,0
            137.92016,34.82272,0
            137.92023,34.82272,0
            137.92056,34.8227,0
            137.92064,34.82269,0
            137.92079,34.82269,0
            137.92146,34.82265,0
            137.92189,34.82265,0
            137.92398,34.82259,0
            137.92551,34.8226,0
            137.92581,34.82261,0
            137.92612,34.82261,0
            137.92723,34.82265,0
            137.92746,34.82267,0
            137.92807,34.8227,0
            137.92848,34.82273,0
            137.92862,34.82273,0
            137.93009,34.82285,0
            137.9303,34.82286,0
            137.93095,34.82292,0
            137.93098,34.82293,0
            137.93114,34.82294,0
            137.93184,34.82301,0
            137.93195,34.82303,0
            137.93416,34.82333,0
            137.93439,34.82337,0
            137.93506,34.82346,0
            137.93537,34.82352,0
            137.936,34.82362,0
            137.93648,34.82372,0
            137.93662,34.82374,0
            137.93856,34.82414,0
            137.93857,34.82415,0
            137.93899,34.82424,0
            137.939,34.82424,0
            137.93915,34.82428,0
            137.93929,34.82431,0
            137.9414,34.82485,0
            137.9424,34.82513,0
            137.94252,34.82517,0
            137.94303,34.8253,0
            137.94346,34.82544,0
            137.94403,34.82561,0
            137.9459,34.82624,0
            137.94616,34.82634,0
            137.94681,34.82656,0
            137.94741,34.82678,0
            137.94748,34.82681,0
            137.94794,34.82697,0
            137.94806,34.82702,0
            137.9496,34.82757,0
            137.94964,34.82759,0
            137.94994,34.8277,0
            137.95029,34.82784,0
            137.95128,34.82819,0
            137.95148,34.82827,0
            137.95167,34.82833,0
            137.95287,34.82877,0
            137.95299,34.82882,0
            137.95341,34.82896,0
            137.95345,34.82898,0
            137.95467,34.82942,0
            137.95487,34.8295,0
            137.95503,34.82955,0
            137.95547,34.82971,0
            137.95551,34.82973,0
            137.95567,34.82978,0
            137.95567,34.82979,0
            137.95647,34.83007,0
            137.95667,34.83015,0
            137.95724,34.83035,0
            137.9579,34.83062,0
            137.95794,34.83064,0
            137.95814,34.83072,0
            137.95906,34.83102,0
            137.95919,34.83107,0
            137.95938,34.83113,0
            137.95964,34.83123,0
            137.95974,34.83126,0
            137.96084,34.83165,0
            137.96085,34.83165,0
            137.96302,34.83237,0
            137.96332,34.83246,0
            137.96345,34.83251,0
            137.96542,34.83311,0
            137.96561,34.83316,0
            137.96644,34.83341,0
            137.96646,34.83342,0
            137.96664,34.83347,0
            137.96666,34.83348,0
            137.96746,34.83371,0
            137.96804,34.83389,0
            137.96812,34.8339,0
            137.96858,34.83405,0
            137.96926,34.83425,0
            137.96934,34.83428,0
            137.97052,34.83463,0
            137.97061,34.83465,0
            137.97116,34.83482,0
            137.97192,34.83502,0
            137.9742,34.83569,0
            137.97447,34.83576,0
            137.97462,34.83581,0
            137.97477,34.83585,0
            137.97799,34.83683,0
            137.98033,34.8376,0
            137.98046,34.83765,0
            137.98107,34.83785,0
            137.98369,34.83877,0
            137.98385,34.83882,0
            137.98409,34.83892,0
            137.98529,34.83937,0
            137.98531,34.83937,0
            137.98693,34.83999,0
            137.98816,34.84054,0
            137.98843,34.84064,0
            137.9888,34.84079,0
            137.98884,34.84081,0
            137.98927,34.84099,0
            137.98939,34.84103,0
            137.99005,34.8413,0
            137.9913,34.84178,0
            137.99141,34.84183,0
            137.99252,34.84223,0
            137.99252,34.84224,0
            137.9939,34.84269,0
            137.99405,34.84275,0
            137.99464,34.84292,0
            137.99466,34.84292,0
            137.99513,34.84306,0
            137.99527,34.84309,0
            137.99567,34.8432,0
            137.99695,34.8435,0
            137.9982,34.84373,0
            137.99828,34.84375,0
            137.99889,34.84386,0
            137.99911,34.84389,0
            137.99951,34.84396,0
            138.00043,34.84409,0
            138.00046,34.84409,0
            138.00046,34.8441,0
            138.0006,34.84411,0
            138.00103,34.84417,0
            138.00233,34.84429,0
            138.00243,34.84429,0
            138.00255,34.8443,0
            138.00262,34.84431,0
            138.00295,34.84433,0
            138.00307,34.84433,0
            138.0035,34.84436,0
            138.0036,34.84436,0
            138.00372,34.84437,0
            138.00378,34.84437,0
            138.00394,34.84438,0
            138.00401,34.84438,0
            138.00415,34.84439,0
            138.00437,34.84439,0
            138.00447,34.8444,0
            138.00481,34.8444,0
            138.00497,34.84441,0
            138.00522,34.8444,0
            138.00544,34.8444,0
            138.00548,34.84441,0
            138.00656,34.8444,0
            138.00694,34.84438,0
            138.00791,34.84438,0
            138.00892,34.84432,0
            138.00968,34.84429,0
            138.00996,34.84426,0
            138.01193,34.84412,0
            138.01388,34.84385,0
            138.01494,34.84367,0
            138.01495,34.84366,0
            138.01516,34.84363,0
            138.01517,34.84363,0
            138.01558,34.84355,0
            138.0156,34.84355,0
            138.0158,34.84351,0
            138.01581,34.8435,0
            138.01624,34.84342,0
            138.01665,34.84333,0
            138.01666,34.84333,0
            138.01684,34.8433,0
            138.01779,34.84305,0
            138.0186,34.84287,0
            138.019,34.84276,0
            138.01989,34.84255,0
            138.02006,34.8425,0
            138.02089,34.8423,0
            138.02094,34.84228,0
            138.02113,34.84224,0
            138.02133,34.84218,0
            138.02166,34.8421,0
            138.02167,34.8421,0
            138.02334,34.84173,0
            138.02335,34.84173,0
            138.02398,34.8416,0
            138.024,34.84159,0
            138.02419,34.84155,0
            138.02422,34.84154,0
            138.02443,34.8415,0
            138.02482,34.84141,0
            138.02485,34.84141,0
            138.02503,34.84137,0
            138.02506,34.84136,0
            138.02519,34.84133,0
            138.02524,34.84133,0
            138.02689,34.841,0
            138.02729,34.84095,0
            138.02785,34.84086,0
            138.02924,34.84069,0
            138.02927,34.84069,0
            138.0295,34.84066,0
            138.02972,34.84064,0
            138.02995,34.84061,0
            138.03039,34.84057,0
            138.03063,34.84054,0
            138.03219,34.84043,0
            138.03224,34.84042,0
            138.03362,34.84036,0
            138.03402,34.84036,0
            138.03417,34.84035,0
            138.03438,34.84035,0
            138.03459,34.84034,0
            138.03502,34.84034,0
            138.03523,34.84033,0
            138.03527,34.84034,0
            138.03619,34.84034,0
            138.03693,34.84037,0
            138.03728,34.84037,0
            138.03753,34.84038,0
            138.03763,34.84039,0
            138.03835,34.84043,0
            138.03845,34.84043,0
            138.03902,34.84047,0
            138.03921,34.84049,0
            138.03944,34.8405,0
            138.04128,34.84068,0
            138.04149,34.84071,0
            138.04179,34.84074,0
            138.04263,34.84085,0
            138.0435,34.84098,0
            138.04365,34.84101,0
            138.04483,34.8412,0
            138.04525,34.84129,0
            138.04526,34.84129,0
            138.04642,34.84152,0
            138.04757,34.84178,0
            138.04938,34.84222,0
            138.04964,34.84229,0
            138.0497,34.84231,0
            138.04974,34.84232,0
            138.0498,34.84234,0
            138.05234,34.84295,0
            138.05338,34.84317,0
            138.05339,34.84318,0
            138.05531,34.84356,0
            138.05698,34.84385,0
            138.05831,34.84404,0
            138.05837,34.84404,0
            138.05929,34.84416,0
            138.06027,34.84427,0
            138.0603,34.84427,0
            138.06151,34.84441,0
            138.06788,34.84506,0
            138.06791,34.84506,0
            138.07135,34.84543,0
            138.07143,34.84543,0
            138.07157,34.84545,0
            138.08029,34.84634,0
            138.0811,34.84641,0
            138.08323,34.84653,0
            138.08459,34.84656,0
            138.08587,34.84656,0
            138.087,34.84654,0
            138.08727,34.84652,0
            138.08751,34.84652,0
            138.08794,34.8465,0
            138.08817,34.84648,0
            138.08848,34.84647,0
            138.08997,34.84637,0
            138.09077,34.8463,0
            138.09079,34.8463,0
            138.09143,34.84624,0
            138.09153,34.84624,0
            138.09858,34.84562,0
            138.10015,34.84553,0
            138.10123,34.84549,0
            138.10139,34.84549,0
            138.10145,34.84548,0
            138.10256,34.84548,0
            138.10267,34.84549,0
            138.1033,34.8455,0
            138.10407,34.84553,0
            138.10433,34.84555,0
            138.10448,34.84555,0
            138.10549,34.84563,0
            138.10657,34.84574,0
            138.10741,34.84585,0
            138.10752,34.84586,0
            138.10794,34.84592,0
            138.10988,34.84625,0
            138.11002,34.84629,0
            138.11087,34.84646,0
            138.11105,34.84649,0
            138.11168,34.84663,0
            138.11309,34.84697,0
            138.11321,34.84701,0
            138.11353,34.84709,0
            138.11413,34.84726,0
            138.11414,34.84726,0
            138.1143,34.84731,0
            138.11457,34.84738,0
            138.11611,34.84786,0
            138.11716,34.84822,0
            138.1172,34.84823,0
            138.11796,34.8485,0
            138.11804,34.84854,0
            138.11863,34.84876,0
            138.11916,34.84898,0
            138.11931,34.84903,0
            138.11956,34.84913,0
            138.11964,34.84917,0
            138.11999,34.84931,0
            138.12006,34.84935,0
            138.12014,34.84938,0
            138.12109,34.84979,0
            138.12121,34.84985,0
            138.1218,34.85011,0
            138.12204,34.85023,0
            138.12362,34.85096,0
            138.12382,34.85106,0
            138.1247,34.85146,0
            138.12532,34.85176,0
            138.12598,34.85206,0
            138.12671,34.85235,0
            138.12673,34.85236,0
            138.12885,34.8532,0
            138.13065,34.85384,0
            138.13075,34.85388,0
            138.13158,34.85416,0
            138.1316,34.85416,0
            138.1332,34.85469,0
            138.1334,34.85475,0
            138.13441,34.85509,0
            138.13613,34.85564,0
            138.13719,34.856,0
            138.13742,34.85607,0
            138.1387,34.85651,0
            138.13995,34.85697,0
            138.14105,34.8574,0
            138.14138,34.85752,0
            138.14144,34.85755,0
            138.14183,34.8577,0
            138.14328,34.85832,0
            138.14338,34.85837,0
            138.14352,34.85843,0
            138.14366,34.8585,0
            138.14389,34.8586,0
            138.14395,34.85863,0
            138.14425,34.85876,0
            138.14465,34.85895,0
            138.14518,34.85922,0
            138.14523,34.85925,0
            138.14567,34.85948,0
            138.14568,34.85948,0
            138.14661,34.85997,0
            138.14678,34.86007,0
            138.14696,34.86016,0
            138.14725,34.86032,0
            138.14734,34.86036,0
            138.14752,34.86047,0
            138.1477,34.86057,0
            138.14788,34.86068,0
            138.14824,34.86088,0
            138.14842,34.86099,0
            138.1486,34.86109,0
            138.14881,34.86124,0
            138.14904,34.86138,0
            138.14919,34.86148,0
            138.14976,34.86183,0
            138.1499,34.86193,0
            138.14991,34.86193,0
            138.15007,34.86203,0
            138.15007,34.86204,0
            138.15022,34.86214,0
            138.15192,34.8632,0
            138.15203,34.86326,0
            138.15378,34.86434,0
            138.15396,34.86444,0
            138.15413,34.86455,0
            138.15415,34.86456,0
            138.15432,34.86467,0
            138.16034,34.86833,0
            138.16108,34.86872,0
            138.16255,34.8696,0
            138.16267,34.86966,0
            138.16274,34.86969,0
            138.16343,34.87004,0
            138.16346,34.87006,0
            138.165,34.87075,0
            138.16575,34.87111,0
            138.16671,34.87154,0
            138.1671,34.8717,0
            138.16775,34.872,0
            138.16861,34.87237,0
            138.1688,34.87244,0
            138.16903,34.87254,0
            138.17133,34.87338,0
            138.17137,34.87339,0
            138.17416,34.87443,0
            138.17418,34.87444,0
            138.17487,34.8747,0
            138.17516,34.87483,0
            138.17588,34.8751,0
            138.17602,34.87516,0
            138.17711,34.87557,0
            138.17725,34.87563,0
            138.17739,34.87568,0
            138.17747,34.8757,0
            138.17768,34.87578,0
            138.17831,34.87595,0
            138.17854,34.87602,0
            138.17932,34.87629,0
            138.17938,34.8763,0
            138.17954,34.87636,0
            138.18014,34.87656,0
            138.18508,34.87851,0
            138.18534,34.87862,0
            138.18588,34.87881,0
            138.18648,34.87904,0
            138.18748,34.8794,0
            138.18752,34.87942,0
            138.19058,34.88047,0
            138.19246,34.88105,0
            138.19279,34.88116,0
            138.19619,34.8821,0
            138.19628,34.88213,0
            138.19829,34.88262,0
            138.1983,34.88262,0
            138.19975,34.88302,0
            138.2017,34.88347,0
            138.20268,34.88376,0
            138.20269,34.88376,0
            138.20272,34.88377,0
            138.20392,34.88407,0
            138.20479,34.88427,0
            138.2049,34.8843,0
            138.20541,34.88441,0
            138.20548,34.88443,0
            138.20556,34.88444,0
            138.20582,34.88451,0
            138.20596,34.88454,0
            138.20659,34.8847,0
            138.20808,34.88505,0
            138.20826,34.8851,0
            138.20918,34.88532,0
            138.20951,34.88539,0
            138.21078,34.88569,0
            138.21111,34.88575,0
            138.21237,34.88605,0
            138.21247,34.88608,0
            138.21335,34.88629,0
            138.21483,34.88669,0
            138.21534,34.88684,0
            138.21543,34.88686,0
            138.21562,34.88692,0
            138.21564,34.88692,0
            138.2158,34.88696,0
            138.21618,34.88707,0
            138.21698,34.88733,0
            138.21713,34.88739,0
            138.21738,34.88747,0
            138.21774,34.88761,0
            138.21819,34.88775,0
            138.21859,34.88789,0
            138.22165,34.88887,0
            138.22321,34.88941,0
            138.22414,34.88975,0
            138.22439,34.88983,0
            138.22528,34.89016,0
            138.22541,34.8902,0
            138.22654,34.89063,0
            138.22677,34.89071,0
            138.2284,34.89133,0
            138.22861,34.89142,0
            138.22898,34.89156,0
            138.23077,34.89232,0
            138.23207,34.89291,0
            138.23357,34.89365,0
            138.23505,34.89442,0
            138.23601,34.89488,0
            138.23645,34.89512,0
            138.23682,34.89534,0
            138.23691,34.8954,0
            138.237,34.89545,0
            138.2377,34.89594,0
            138.23857,34.89652,0
            138.23905,34.89687,0
            138.23913,34.89692,0
            138.23918,34.89696,0
            138.23924,34.89699,0
            138.23934,34.89706,0
            138.23937,34.89709,0
            138.23941,34.89711,0
            138.23955,34.8972,0
            138.2396,34.89724,0
            138.24023,34.89766,0
            138.2407,34.89799,0
            138.2408,34.89807,0
            138.24143,34.89852,0
            138.24195,34.89887,0
            138.24198,34.8989,0
            138.24225,34.8991,0
            138.24274,34.89949,0
            138.24287,34.89958,0
            138.24318,34.89984,0
            138.2435,34.90009,0
            138.24353,34.90012,0
            138.24384,34.90037,0
            138.24388,34.90041,0
            138.24475,34.90115,0
            138.24475,34.90116,0
            138.24537,34.9017,0
            138.24621,34.90249,0
            138.24627,34.90254,0
            138.24679,34.90304,0
            138.24691,34.90317,0
            138.24825,34.90449,0
            138.24833,34.90458,0
            138.24855,34.9048,0
            138.24859,34.90483,0
            138.24862,34.90487,0
            138.2489,34.90515,0
            138.24894,34.90518,0
            138.24897,34.90522,0
            138.24947,34.90574,0
            138.24977,34.90601,0
            138.24985,34.90609,0
            138.25012,34.90639,0
            138.25086,34.90715,0
            138.25091,34.90719,0
            138.25186,34.90814,0
            138.25199,34.90828,0
            138.25286,34.90914,0
            138.25299,34.90928,0
            138.2531,34.90937,0
            138.25333,34.90958,0
            138.25398,34.91022,0
            138.25408,34.91031,0
            138.25431,34.91054,0
            138.25463,34.91083,0
            138.25553,34.91161,0
            138.25627,34.91223,0
            138.25752,34.9132,0
            138.25825,34.91373,0
            138.25963,34.91469,0
            138.25975,34.91478,0
            138.25987,34.91486,0
            138.2611,34.91575,0
            138.26118,34.9158,0
            138.26128,34.91588,0
            138.26234,34.91663,0
            138.26328,34.91734,0
            138.26359,34.91759,0
            138.2648,34.91849,0
            138.26486,34.91853,0
            138.26495,34.9186,0
            138.26497,34.91861,0
            138.26525,34.91887,0
            138.26573,34.91929,0
            138.26589,34.91941,0
            138.26599,34.91951,0
            138.26645,34.91991,0
            138.26746,34.92084,0
            138.26758,34.92097,0
            138.26829,34.92166,0
            138.26845,34.92183,0
            138.26852,34.92189,0
            138.26907,34.92246,0
            138.26957,34.92301,0
            138.2704,34.92396,0
            138.2709,34.92458,0
            138.27091,34.92459,0
            138.27123,34.92499,0
            138.27202,34.92604,0
            138.27312,34.92766,0
            138.27338,34.92808,0
            138.27345,34.92822,0
            138.27353,34.92834,0
            138.27355,34.92835,0
            138.27399,34.9291,0
            138.274,34.92913,0
            138.27401,34.92914,0
            138.27427,34.92962,0
            138.27432,34.92973,0
            138.27447,34.92998,0
            138.27463,34.93028,0
            138.27515,34.93132,0
            138.27555,34.93219,0
            138.27556,34.93222,0
            138.27561,34.93233,0
            138.27565,34.93244,0
            138.27573,34.93261,0
            138.27631,34.93404,0
            138.27687,34.93553,0
            138.27736,34.93677,0
            138.2774,34.93689,0
            138.2775,34.93714,0
            138.27826,34.9392,0
            138.27844,34.93965,0
            138.27858,34.94004,0
            138.27865,34.94021,0
            138.27875,34.94051,0
            138.27902,34.94123,0
            138.27906,34.94135,0
            138.27981,34.9432,0
            138.28062,34.94504,0
            138.28147,34.94686,0
            138.2847,34.9534,0
            138.2847,34.95341,0
            138.28493,34.95386,0
            138.28511,34.95424,0
            138.2856,34.95521,0
            138.28582,34.95567,0
            138.28589,34.95579,0
            138.28729,34.95864,0
            138.28736,34.95877,0
            138.28992,34.96391,0
            138.29018,34.96447,0
            138.29026,34.96466,0
            138.29065,34.96551,0
            138.29142,34.96738,0
            138.2919,34.96876,0
            138.29209,34.96938,0
            138.29209,34.9694,0
            138.29214,34.96957,0
            138.29215,34.96958,0
            138.29216,34.96963,0
            138.29236,34.97033,0
            138.29247,34.97079,0
            138.29251,34.97091,0
            138.29253,34.971,0
            138.29254,34.97102,0
            138.29256,34.97113,0
            138.2929,34.97267,0
            138.29292,34.9728,0
            138.29303,34.97331,0
            138.29312,34.97367,0
            138.29341,34.97516,0
            138.29344,34.97529,0
            138.29345,34.97537,0
            138.29348,34.97548,0
            138.29359,34.97607,0
            138.29364,34.97629,0
            138.29399,34.97807,0
            138.29401,34.9782,0
            138.29409,34.97856,0
            138.29412,34.97874,0
            138.29417,34.97895,0
            138.2942,34.97913,0
            138.29457,34.98079,0
            138.29499,34.98238,0
            138.29525,34.98322,0
            138.29528,34.9833,0
            138.29541,34.98373,0
            138.29559,34.9842,0
            138.29561,34.98427,0
            138.2961,34.98551,0
            138.29657,34.98664,0
            138.29663,34.98676,0
            138.29681,34.98717,0
            138.29682,34.9872,0
            138.29688,34.9873,0
            138.29688,34.98731,0
            138.29697,34.9875,0
            138.29701,34.98761,0
            138.29765,34.98894,0
            138.29773,34.98912,0
            138.29842,34.99049,0
            138.29847,34.99061,0
            138.29867,34.99099,0
            138.29887,34.9914,0
            138.29894,34.99153,0
            138.29913,34.99192,0
            138.29945,34.99251,0
            138.29946,34.99252,0
            138.29952,34.99264,0
            138.29954,34.99269,0
            138.3006,34.99464,0
            138.30116,34.99562,0
            138.30156,34.99626,0
            138.30167,34.99642,0
            138.30195,34.99687,0
            138.30286,34.99818,0
            138.30296,34.9983,0
            138.30413,34.9998,0
            138.30504,35.00086,0
            138.30513,35.00095,0
            138.30557,35.00143,0
            138.30613,35.00201,0
            138.30696,35.00284,0
            138.30948,35.0051,0
            138.30954,35.00514,0
            138.3099,35.00542,0
            138.30997,35.00548,0
            138.31118,35.0064,0
            138.3115,35.00663,0
            138.31358,35.00802,0
            138.31366,35.00808,0
            138.31409,35.00836,0
            138.31435,35.00851,0
            138.31437,35.00853,0
            138.31489,35.0088,0
            138.31517,35.00896,0
            138.31533,35.00904,0
            138.31551,35.00914,0
            138.31656,35.00978,0
            138.31698,35.01001,0
            138.31743,35.01022,0
            138.31768,35.01035,0
            138.31911,35.01103,0
            138.32133,35.01198,0
            138.32134,35.01198,0
            138.32333,35.01273,0
            138.32519,35.01336,0
            138.32528,35.01338,0
            138.32875,35.01443,0
            138.32896,35.0145,0
            138.32937,35.01462,0
            138.33247,35.01564,0
            138.33504,35.01652,0
            138.3384,35.01779,0
            138.33894,35.01801,0
            138.33909,35.01805,0
            138.33974,35.01831,0
            138.33991,35.01837,0
            138.34039,35.01857,0
            138.34073,35.0187,0
            138.34271,35.01951,0
            138.3429,35.01958,0
            138.34311,35.01968,0
            138.34315,35.01969,0
            138.34414,35.0201,0
            138.34417,35.02012,0
            138.34543,35.02064,0
            138.34547,35.02066,0
            138.34564,35.02073,0
            138.34581,35.02081,0
            138.34684,35.02125,0
            138.34701,35.02133,0
            138.3478,35.02167,0
            138.34792,35.02173,0
            138.34831,35.0219,0
            138.34921,35.02233,0
            138.3505,35.02299,0
            138.35203,35.02387,0
            138.35289,35.02442,0
            138.35397,35.02516,0
            138.3544,35.02547,0
            138.35443,35.0255,0
            138.35456,35.02559,0
            138.35472,35.02572,0
            138.35504,35.02596,0
            138.3552,35.02609,0
            138.35522,35.02611,0
            138.35536,35.02621,0
            138.35597,35.02673,0
            138.35602,35.02676,0
            138.35632,35.02704,0
            138.35676,35.02742,0
            138.35686,35.02749,0
            138.35707,35.02767,0
            138.3571,35.02771,0
            138.35716,35.02776,0
            138.3573,35.02789,0
            138.35758,35.02817,0
            138.35767,35.02825,0
            138.35847,35.02906,0
            138.35859,35.0292,0
            138.35906,35.02968,0
            138.35927,35.02991,0
            138.35941,35.03005,0
            138.35948,35.03013,0
            138.35962,35.03026,0
            138.36056,35.03126,0
            138.3621,35.03284,0
            138.36214,35.03287,0
            138.36237,35.0331,0
            138.36241,35.03315,0
            138.36269,35.0334,0
            138.36269,35.03341,0
            138.36321,35.03389,0
            138.3633,35.03398,0
            138.36418,35.03475,0
            138.36499,35.03541,0
            138.36603,35.03619,0
            138.3662,35.0363,0
            138.36639,35.03644,0
            138.36669,35.03664,0
            138.36687,35.03677,0
            138.36721,35.03699,0
            138.36726,35.03703,0
            138.36857,35.03784,0
            138.36902,35.0381,0
            138.3691,35.03814,0
            138.36925,35.03823,0
            138.37115,35.0392,0
            138.372,35.0396,0
            138.37326,35.04013,0
            138.37433,35.04055,0
            138.37518,35.04084,0
            138.37544,35.04092,0
            138.37558,35.04097,0
            138.37618,35.04116,0
            138.37747,35.04153,0
            138.37757,35.04155,0
            138.37788,35.04164,0
            138.37806,35.04168,0
            138.37807,35.04168,0
            138.37817,35.04171,0
            138.37827,35.04173,0
            138.37841,35.04177,0
            138.37865,35.04182,0
            138.37875,35.04185,0
            138.37914,35.04194,0
            138.37926,35.04196,0
            138.37937,35.04199,0
            138.38109,35.04232,0
            138.3816,35.0424,0
            138.38169,35.04241,0
            138.38185,35.04244,0
            138.38255,35.04253,0
            138.38266,35.04255,0
            138.38282,35.04257,0
            138.38287,35.04257,0
            138.38307,35.0426,0
            138.38437,35.04273,0
            138.38595,35.04283,0
            138.3861,35.04283,0
            138.38616,35.04284,0
            138.38631,35.04284,0
            138.38642,35.04285,0
            138.38815,35.04288,0
            138.39263,35.04288,0
            138.39378,35.04292,0
            138.39514,35.043,0
            138.3959,35.04307,0
            138.39705,35.0432,0
            138.39749,35.04326,0
            138.39754,35.04327,0
            138.39798,35.04333,0
            138.39895,35.04349,0
            138.39962,35.04362,0
            138.40095,35.04391,0
            138.40181,35.04412,0
            138.40276,35.04438,0
            138.40289,35.04441,0
            138.40424,35.04482,0
            138.40557,35.04526,0
            138.40721,35.04587,0
            138.4074,35.04595,0
            138.40741,35.04595,0
            138.40932,35.04675,0
            138.40942,35.0468,0
            138.41011,35.0471,0
            138.41098,35.04753,0
            138.41101,35.04754,0
            138.41101,35.04755,0
            138.41119,35.04764,0
            138.4112,35.04764,0
            138.41232,35.0482,0
            138.41305,35.0486,0
            138.41324,35.04869,0
            138.41324,35.0487,0
            138.41342,35.04879,0
            138.41342,35.0488,0
            138.4136,35.04889,0
            138.4149,35.04959,0
            138.41649,35.05056,0
            138.41776,35.0514,0
            138.41811,35.05162,0
            138.41828,35.05174,0
            138.41841,35.05182,0
            138.41845,35.05185,0
            138.41897,35.05218,0
            138.41982,35.05275,0
            138.42,35.05286,0
            138.4212,35.05365,0
            138.42315,35.05484,0
            138.42406,35.05534,0
            138.42442,35.05556,0
            138.42469,35.05574,0
            138.42476,35.05578,0
            138.42507,35.05599,0
            138.42783,35.0575,0
            138.42962,35.0584,0
            138.43113,35.0591,0
            138.43133,35.05918,0
            138.43159,35.0593,0
            138.4325,35.05969,0
            138.43447,35.06047,0
            138.43545,35.06083,0
            138.43547,35.06084,0
            138.43649,35.06119,0
            138.43654,35.0612,0
            138.43748,35.06152,0
            138.44045,35.06247,0
            138.442,35.06299,0
            138.44328,35.06345,0
            138.44425,35.06382,0
            138.44611,35.06458,0
            138.44702,35.065,0
            138.44764,35.06526,0
            138.44779,35.06533,0
            138.44782,35.06535,0
            138.44783,35.06535,0
            138.44836,35.0656,0
            138.44848,35.06567,0
            138.44883,35.06583,0
            138.44949,35.06618,0
            138.45033,35.0666,0
            138.45068,35.06679,0
            138.45105,35.06702,0
            138.45126,35.06714,0
            138.45134,35.06718,0
            138.45249,35.06787,0
            138.45303,35.06822,0
            138.45306,35.06823,0
            138.45323,35.06835,0
            138.45338,35.06844,0
            138.45339,35.06844,0
            138.45341,35.06846,0
            138.45511,35.06966,0
            138.45577,35.07017,0
            138.45584,35.07023,0
            138.45615,35.07047,0
            138.45713,35.07132,0
            138.45715,35.07133,0
            138.45846,35.07259,0
            138.45854,35.07266,0
            138.45856,35.07269,0
            138.45858,35.0727,0
            138.45883,35.07296,0
            138.45888,35.07302,0
            138.45939,35.07357,0
            138.45987,35.07413,0
            138.4599,35.07416,0
            138.46052,35.07491,0
            138.46085,35.07533,0
            138.4613,35.07593,0
            138.46133,35.07596,0
            138.46233,35.07735,0
            138.46234,35.07737,0
            138.46239,35.07743,0
            138.46245,35.07752,0
            138.46246,35.07753,0
            138.46257,35.07768,0
            138.46261,35.07775,0
            138.46265,35.07781,0
            138.46266,35.07783,0
            138.46268,35.07785,0
            138.46273,35.07793,0
            138.46284,35.07806,0
            138.46404,35.07974,0
            138.46455,35.08043,0
            138.46523,35.08131,0
            138.46558,35.08174,0
            138.46571,35.08191,0
            138.46573,35.08193,0
            138.46578,35.08199,0
            138.4658,35.08201,0
            138.46584,35.08207,0
            138.46603,35.08229,0
            138.46612,35.08238,0
            138.46631,35.08262,0
            138.46649,35.08282,0
            138.46654,35.08287,0
            138.46695,35.08336,0
            138.46712,35.08355,0
            138.46717,35.0836,0
            138.46756,35.08404,0
            138.46768,35.08419,0
            138.46794,35.08447,0
            138.4682,35.08477,0
            138.46905,35.08569,0
            138.46922,35.08586,0
            138.47059,35.08733,0
            138.47179,35.08866,0
            138.47187,35.08876,0
            138.47207,35.08897,0
            138.47287,35.08991,0
            138.47291,35.08997,0
            138.47366,35.09087,0
            138.47369,35.0909,0
            138.4745,35.09194,0
            138.47463,35.09209,0
            138.47499,35.09254,0
            138.47512,35.09269,0
            138.47536,35.09299,0
            138.47547,35.09314,0
            138.47595,35.09374,0
            138.47639,35.09439,0
            138.47668,35.09485,0
            138.47669,35.09487,0
            138.47678,35.09501,0
            138.4768,35.09503,0
            138.47689,35.09517,0
            138.4769,35.09519,0
            138.47729,35.09581,0
            138.47775,35.09662,0
            138.47785,35.09678,0
            138.47794,35.09695,0
            138.47813,35.09728,0
            138.47821,35.09744,0
            138.47823,35.09747,0
            138.4783,35.0976,0
            138.47838,35.09777,0
            138.4784,35.0978,0
            138.47848,35.09797,0
            138.47953,35.10003,0
            138.47968,35.1003,0
            138.47985,35.10063,0
            138.47999,35.10098,0
            138.48021,35.10143,0
            138.48057,35.10234,0
            138.48088,35.10317,0
            138.48152,35.10472,0
            138.4817,35.1052,0
            138.48199,35.10587,0
            138.482,35.1059,0
            138.4822,35.10638,0
            138.48268,35.10745,0
            138.4829,35.10789,0
            138.48294,35.10799,0
            138.48298,35.10807,0
            138.48304,35.10817,0
            138.48323,35.10859,0
            138.48347,35.10908,0
            138.48355,35.10922,0
            138.48364,35.10941,0
            138.48365,35.10942,0
            138.4839,35.10991,0
            138.48391,35.10991,0
            138.48399,35.11008,0
            138.48408,35.11024,0
            138.48409,35.11027,0
            138.48417,35.1104,0
            138.48418,35.11041,0
            138.48428,35.11056,0
            138.48428,35.11057,0
            138.48437,35.11072,0
            138.48438,35.11072,0
            138.48438,35.11073,0
            138.48457,35.11104,0
            138.48458,35.11104,0
            138.48458,35.11105,0
            138.48467,35.1112,0
            138.48468,35.11121,0
            138.48478,35.11136,0
            138.48478,35.11137,0
            138.48487,35.11152,0
            138.48488,35.11152,0
            138.48493,35.11161,0
            138.48606,35.11332,0
            138.48624,35.11357,0
            138.48636,35.11372,0
            138.48637,35.11374,0
            138.48647,35.11389,0
            138.48648,35.11389,0
            138.48655,35.114,0
            138.48727,35.11503,0
            138.48733,35.1151,0
            138.48755,35.11539,0
            138.48792,35.11585,0
            138.48793,35.11585,0
            138.48833,35.11634,0
            138.48839,35.11642,0
            138.48845,35.11652,0
            138.48932,35.11755,0
            138.4897,35.11796,0
            138.49043,35.11867,0
            138.49088,35.11906,0
            138.49135,35.11944,0
            138.4915,35.11957,0
            138.49182,35.11982,0
            138.49197,35.11995,0
            138.49213,35.12007,0
            138.49228,35.1202,0
            138.49478,35.12223,0
            138.49494,35.12235,0
            138.4954,35.12274,0
            138.49541,35.12274,0
            138.49572,35.12299,0
            138.49587,35.12312,0
            138.49603,35.12324,0
            138.49618,35.12337,0
            138.4965,35.12362,0
            138.49678,35.12386,0
            138.4969,35.12395,0
            138.49707,35.12406,0
            138.49778,35.12449,0
            138.49809,35.12469,0
            138.49813,35.12471,0
            138.4983,35.12482,0
            138.50029,35.12602,0
            138.5003,35.12602,0
            138.50083,35.12634,0
            138.50195,35.12694,0
            138.50293,35.12749,0
            138.50369,35.12789,0
            138.50393,35.128,0
            138.50404,35.12807,0
            138.50562,35.12899,0
            138.5064,35.1295,0
            138.5071,35.12998,0
            138.50723,35.13006,0
            138.50755,35.1303,0
            138.50761,35.13035,0
            138.50763,35.13036,0
            138.50776,35.13046,0
            138.50796,35.1306,0
            138.50814,35.13074,0
            138.50828,35.13084,0
            138.50831,35.13087,0
            138.50851,35.13102,0
            138.50898,35.1314,0
            138.50908,35.13149,0
            138.50937,35.13172,0
            138.51001,35.13228,0
            138.5107,35.13292,0
            138.51083,35.13303,0
            138.51167,35.13386,0
            138.51175,35.13395,0
            138.51246,35.13469,0
            138.5129,35.13519,0
            138.5129,35.1352,0
            138.51296,35.13526,0
            138.5136,35.13602,0
            138.5145,35.13713,0
            138.51537,35.13828,0
            138.51545,35.1384,0
            138.51643,35.13976,0
            138.51644,35.13978,0
            138.51654,35.13991,0
            138.51676,35.14022,0
            138.51676,35.14023,0
            138.51678,35.14025,0
            138.51687,35.14038,0
            138.5184,35.14245,0
            138.51866,35.14277,0
            138.51889,35.14307,0
            138.51895,35.14314,0
            138.51898,35.14317,0
            138.5195,35.14378,0
            138.5196,35.14391,0
            138.51966,35.14396,0
            138.51971,35.14403,0
            138.51972,35.14403,0
            138.5198,35.14413,0
            138.51989,35.14423,0
            138.51998,35.14432,0
            138.52003,35.14438,0
            138.52083,35.14522,0
            138.52089,35.14527,0
            138.52097,35.14536,0
            138.52202,35.14634,0
            138.52232,35.1466,0
            138.52235,35.14662,0
            138.52246,35.14672,0
            138.52258,35.14682,0
            138.52262,35.14686,0
            138.52267,35.1469,0
            138.52287,35.14708,0
            138.52365,35.14771,0
            138.52467,35.14847,0
            138.52552,35.14906,0
            138.52601,35.14938,0
            138.52603,35.14939,0
            138.52621,35.14951,0
            138.52656,35.14972,0
            138.52681,35.14988,0
            138.52814,35.15064,0
            138.52871,35.15094,0
            138.52871,35.15095,0
            138.52887,35.15103,0
            138.52933,35.15124,0
            138.52934,35.15125,0
            138.5305,35.15182,0
            138.53063,35.15189,0
            138.53096,35.15204,0
            138.53097,35.15205,0
            138.53114,35.15212,0
            138.53236,35.15267,0
            138.53293,35.1529,0
            138.53314,35.153,0
            138.53332,35.15307,0
            138.53414,35.15343,0
            138.53517,35.15386,0
            138.53567,35.15405,0
            138.5357,35.15407,0
            138.53592,35.15415,0
            138.53609,35.15422,0
            138.53627,35.15428,0
            138.53633,35.15431,0
            138.53675,35.15447,0
            138.53679,35.15448,0
            138.53687,35.15451,0
            138.53693,35.15454,0
            138.53714,35.15462,0
            138.5373,35.15467,0
            138.5373,35.15468,0
            138.53764,35.1548,0
            138.53792,35.15491,0
            138.538,35.15493,0
            138.53817,35.15499,0
            138.53826,35.15503,0
            138.53834,35.15505,0
            138.53858,35.15514,0
            138.53878,35.1552,0
            138.53898,35.15528,0
            138.54219,35.15633,0
            138.54284,35.15653,0
            138.54327,35.15665,0
            138.54348,35.15672,0
            138.54496,35.15713,0
            138.54656,35.15754,0
            138.54677,35.1576,0
            138.54851,35.158,0
            138.54874,35.15806,0
            138.54956,35.15823,0
            138.54981,35.15829,0
            138.55009,35.15834,0
            138.5505,35.15843,0
            138.55232,35.15878,0
            138.55263,35.15885,0
            138.57496,35.16318,0
            138.57517,35.16323,0
            138.57539,35.16327,0
            138.5754,35.16327,0
            138.5829,35.16473,0
            138.58352,35.16484,0
            138.58401,35.16494,0
            138.58404,35.16494,0
            138.58663,35.16548,0
            138.58884,35.16603,0
            138.59069,35.16656,0
            138.59107,35.16668,0
            138.59115,35.16671,0
            138.59123,35.16673,0
            138.59228,35.16709,0
            138.59335,35.16748,0
            138.59518,35.16824,0
            138.59648,35.16885,0
            138.59692,35.16907,0
            138.59697,35.16909,0
            138.59844,35.16991,0
            138.59853,35.16997,0
            138.5986,35.17,0
            138.59884,35.17015,0
            138.59934,35.17044,0
            138.59959,35.1706,0
            138.59966,35.17064,0
            138.59981,35.17074,0
            138.60029,35.17103,0
            138.60065,35.17126,0
            138.60078,35.17135,0
            138.60091,35.17145,0
            138.60105,35.17154,0
            138.60119,35.17164,0
            138.60133,35.17173,0
            138.60135,35.17175,0
            138.6016,35.17195,0
            138.60166,35.17199,0
            138.60214,35.17235,0
            138.60318,35.17318,0
            138.60354,35.17348,0
            138.60359,35.17353,0
            138.60381,35.17371,0
            138.60436,35.17419,0
            138.60458,35.17441,0
            138.60467,35.17449,0
            138.6053,35.17515,0
            138.60615,35.17607,0
            138.60621,35.17615,0
            138.6063,35.17624,0
            138.60704,35.17708,0
            138.6072,35.17728,0
            138.6074,35.17751,0
            138.60761,35.17778,0
            138.60866,35.179,0
            138.60916,35.17955,0
            138.60918,35.17958,0
            138.60945,35.17986,0
            138.60947,35.17989,0
            138.60971,35.18015,0
            138.61044,35.181,0
            138.61057,35.18114,0
            138.61103,35.1816,0
            138.61111,35.18169,0
            138.61116,35.18173,0
            138.61129,35.18186,0
            138.61141,35.18197,0
            138.61146,35.18201,0
            138.61174,35.18227,0
            138.61176,35.18228,0
            138.61191,35.18242,0
            138.6122,35.18266,0
            138.61222,35.18267,0
            138.61229,35.18274,0
            138.6125,35.1829,0
            138.61253,35.18293,0
            138.6132,35.18346,0
            138.61331,35.18356,0
            138.61332,35.18356,0
            138.61347,35.18368,0
            138.61362,35.18381,0
            138.61363,35.18381,0
            138.61378,35.18393,0
            138.61379,35.18394,0
            138.61393,35.18405,0
            138.61394,35.18406,0
            138.61395,35.18406,0
            138.61409,35.18418,0
            138.6141,35.18418,0
            138.61411,35.18419,0
            138.61425,35.1843,0
            138.61425,35.18431,0
            138.61426,35.18432,0
            138.61427,35.18432,0
            138.61439,35.18442,0
            138.6144,35.18442,0
            138.61441,35.18443,0
            138.61456,35.18454,0
            138.61457,35.18455,0
            138.61465,35.18461,0
            138.61473,35.18466,0
            138.61475,35.18468,0
            138.61476,35.18468,0
            138.61489,35.18478,0
            138.6149,35.18478,0
            138.61522,35.18501,0
            138.61523,35.18502,0
            138.61538,35.18513,0
            138.61542,35.18515,0
            138.61558,35.18527,0
            138.61559,35.18527,0
            138.61571,35.18536,0
            138.61572,35.18537,0
            138.61573,35.18537,0
            138.61575,35.18538,0
            138.61576,35.18539,0
            138.61588,35.18547,0
            138.61589,35.18548,0
            138.61598,35.18555,0
            138.61605,35.18559,0
            138.61672,35.18605,0
            138.61702,35.18624,0
            138.61716,35.18634,0
            138.61752,35.18656,0
            138.61765,35.18665,0
            138.61781,35.18674,0
            138.61864,35.18725,0
            138.6189,35.1874,0
            138.61899,35.18746,0
            138.61917,35.18755,0
            138.62008,35.18806,0
            138.62009,35.18807,0
            138.62132,35.18871,0
            138.62157,35.18883,0
            138.62175,35.18893,0
            138.62176,35.18893,0
            138.62193,35.18901,0
            138.62194,35.18902,0
            138.62195,35.18902,0
            138.62213,35.18911,0
            138.62214,35.18912,0
            138.62233,35.18921,0
            138.62236,35.18922,0
            138.62347,35.18974,0
            138.62348,35.18974,0
            138.62405,35.19,0
            138.62406,35.19,0
            138.62461,35.19025,0
            138.62462,35.19026,0
            138.62464,35.19027,0
            138.62482,35.19034,0
            138.62501,35.19043,0
            138.62542,35.1906,0
            138.62561,35.19069,0
            138.62637,35.19102,0
            138.62653,35.1911,0
            138.62754,35.19153,0
            138.62773,35.19162,0
            138.62776,35.19163,0
            138.62791,35.1917,0
            138.62792,35.1917,0
            138.62795,35.19172,0
            138.62811,35.19179,0
            138.62814,35.1918,0
            138.6293,35.1923,0
            138.62931,35.19231,0
            138.62935,35.19232,0
            138.63009,35.19265,0
            138.63016,35.19267,0
            138.63047,35.19281,0
            138.63049,35.19281,0
            138.63085,35.19296,0
            138.63088,35.19297,0
            138.63119,35.19311,0
            138.63127,35.19314,0
            138.63146,35.19323,0
            138.63147,35.19323,0
            138.63151,35.19325,0
            138.63165,35.1933,0
            138.63166,35.19331,0
            138.63185,35.19339,0
            138.63186,35.1934,0
            138.63223,35.19355,0
            138.63224,35.19356,0
            138.63233,35.1936,0
            138.63241,35.19363,0
            138.63242,35.19364,0
            138.63243,35.19364,0
            138.63244,35.19365,0
            138.63245,35.19365,0
            138.63281,35.19381,0
            138.63283,35.19381,0
            138.63304,35.19391,0
            138.63343,35.19408,0
            138.63423,35.1944,0
            138.63436,35.19446,0
            138.63438,35.19446,0
            138.63439,35.19447,0
            138.63452,35.19452,0
            138.63456,35.19454,0
            138.63479,35.19463,0
            138.63482,35.19465,0
            138.63494,35.1947,0
            138.63497,35.1947,0
            138.63522,35.19481,0
            138.63533,35.19485,0
            138.63534,35.19486,0
            138.63536,35.19487,0
            138.63567,35.19499,0
            138.63577,35.19504,0
            138.63583,35.19506,0
            138.6367,35.19542,0
            138.63717,35.1956,0
            138.6373,35.19566,0
            138.63744,35.19571,0
            138.63789,35.19589,0
            138.63801,35.19593,0
            138.64152,35.19729,0
            138.64198,35.19748,0
            138.64256,35.1977,0
            138.64311,35.19793,0
            138.64318,35.19795,0
            138.64421,35.19837,0
            138.64443,35.19847,0
            138.64454,35.19851,0
            138.64496,35.19869,0
            138.64514,35.19876,0
            138.64532,35.19884,0
            138.64566,35.19897,0
            138.64584,35.19905,0
            138.64593,35.19908,0
            138.64611,35.19915,0
            138.64622,35.1992,0
            138.64654,35.19932,0
            138.64704,35.19953,0
            138.64706,35.19953,0
            138.64707,35.19954,0
            138.64708,35.19954,0
            138.64717,35.19958,0
            138.64724,35.1996,0
            138.64745,35.19969,0
            138.64822,35.19998,0
            138.64927,35.20034,0
            138.64928,35.20035,0
            138.64995,35.20056,0
            138.65027,35.20065,0
            138.65031,35.20067,0
            138.65068,35.20078,0
            138.65076,35.20081,0
            138.65089,35.20084,0
            138.65241,35.20126,0
            138.65264,35.20131,0
            138.65285,35.20137,0
            138.6531,35.20142,0
            138.65405,35.20164,0
            138.65484,35.2018,0
            138.65493,35.20181,0
            138.65499,35.20183,0
            138.65522,35.20187,0
            138.65525,35.20188,0
            138.65539,35.2019,0
            138.65553,35.20193,0
            138.65656,35.2021,0
            138.65773,35.20227,0
            138.65795,35.20229,0
            138.65927,35.20245,0
            138.66007,35.20251,0
            138.6601,35.20252,0
            138.66114,35.20259,0
            138.66126,35.20259,0
            138.6615,35.20261,0
            138.66165,35.20261,0
            138.66213,35.20263,0
            138.66221,35.20264,0
            138.66374,35.20269,0
            138.66678,35.20272,0
            138.66699,35.20271,0
            138.66819,35.2027,0
            138.66835,35.20269,0
            138.66843,35.20269,0
            138.66849,35.20268,0
            138.66859,35.20268,0
            138.66869,35.20267,0
            138.67139,35.20257,0
            138.67177,35.20254,0
            138.67286,35.20248,0
            138.6734,35.20243,0
            138.67408,35.20239,0
            138.67623,35.20218,0
            138.67834,35.20193,0
            138.68088,35.20157,0
            138.68319,35.20117,0
            138.6834,35.20114,0
            138.68426,35.20097,0
            138.6844,35.20095,0
            138.6852,35.20079,0
            138.68522,35.20079,0
            138.68607,35.20061,0
            138.68622,35.20056,0
            138.68861,35.19999,0
            138.68867,35.19997,0
            138.68888,35.19992,0
            138.68914,35.19987,0
            138.69136,35.19928,0
            138.6914,35.19926,0
            138.6916,35.19921,0
            138.69437,35.19841,0
            138.6945,35.19839,0
            138.69458,35.19836,0
            138.69658,35.19776,0
            138.69663,35.19774,0
            138.69874,35.19708,0
            138.69885,35.19706,0
            138.69898,35.19701,0
            138.70139,35.19621,0
            138.70145,35.19618,0
            138.70159,35.19614,0
            138.70281,35.19572,0
            138.70282,35.19572,0
            138.70334,35.19554,0
            138.70344,35.1955,0
            138.70365,35.19543,0
            138.70385,35.19535,0
            138.70404,35.19529,0
            138.70405,35.19529,0
            138.70426,35.19521,0
            138.70447,35.19514,0
            138.70454,35.19511,0
            138.70466,35.19507,0
            138.70508,35.19491,0
            138.70521,35.19487,0
            138.70528,35.19484,0
            138.70665,35.19434,0
            138.7073,35.19409,0
            138.70748,35.19403,0
            138.70806,35.1938,0
            138.70842,35.19367,0
            138.7086,35.19359,0
            138.7088,35.19352,0
            138.70916,35.19337,0
            138.70977,35.19314,0
            138.71156,35.19241,0
            138.7116,35.19239,0
            138.71236,35.19207,0
            138.7124,35.19205,0
            138.71244,35.19204,0
            138.71255,35.19198,0
            138.71314,35.19172,0
            138.71317,35.19171,0
            138.71321,35.19169,0
            138.71334,35.19164,0
            138.71338,35.19161,0
            138.71354,35.19153,0
            138.71432,35.19117,0
            138.7155,35.1906,0
            138.71573,35.19048,0
            138.71611,35.1903,0
            138.71678,35.18996,0
            138.71695,35.18986,0
            138.71763,35.18951,0
            138.71871,35.18891,0
            138.71887,35.18881,0
            138.7189,35.1888,0
            138.71923,35.1886,0
            138.71946,35.18848,0
            138.72049,35.18787,0
            138.72099,35.18756,0
            138.72101,35.18754,0
            138.72112,35.18747,0
            138.72116,35.18745,0
            138.7213,35.18736,0
            138.72134,35.18734,0
            138.72166,35.18714,0
            138.72399,35.1856,0
            138.7242,35.18544,0
            138.72421,35.18544,0
            138.72437,35.18532,0
            138.72483,35.185,0
            138.72493,35.18492,0
            138.72505,35.18484,0
            138.72506,35.18484,0
            138.72509,35.18481,0
            138.72624,35.18397,0
            138.72738,35.18312,0
            138.72762,35.18293,0
            138.72969,35.18137,0
            138.72987,35.18122,0
            138.73016,35.18101,0
            138.73057,35.18069,0
            138.73172,35.17985,0
            138.73174,35.17984,0
            138.73241,35.17936,0
            138.73243,35.17935,0
            138.73312,35.17887,0
            138.7338,35.17842,0
            138.73478,35.1778,0
            138.73623,35.17694,0
            138.73644,35.17684,0
            138.73751,35.17626,0
            138.73823,35.17589,0
            138.73926,35.1754,0
            138.73935,35.17535,0
            138.73941,35.17533,0
            138.73947,35.1753,0
            138.73966,35.17522,0
            138.741,35.17458,0
            138.7417,35.17426,0
            138.74177,35.17422,0
            138.74234,35.17395,0
            138.74239,35.17392,0
            138.7425,35.17387,0
            138.74294,35.17364,0
            138.74304,35.1736,0
            138.74304,35.17359,0
            138.74332,35.17345,0
            138.74339,35.17342,0
            138.74346,35.17338,0
            138.74359,35.17332,0
            138.74475,35.1727,0
            138.74544,35.17228,0
            138.74554,35.17223,0
            138.7458,35.17208,0
            138.7459,35.17203,0
            138.74658,35.1716,0
            138.74662,35.17158,0
            138.74687,35.17141,0
            138.74707,35.17129,0
            138.74795,35.17071,0
            138.74816,35.17059,0
            138.74824,35.17053,0
            138.74847,35.17039,0
            138.74903,35.16997,0
            138.74909,35.16991,0
            138.74979,35.16941,0
            138.75008,35.16917,0
            138.7504,35.16893,0
            138.75198,35.16782,0
            138.75213,35.16773,0
            138.7535,35.16682,0
            138.75391,35.1666,0
            138.75404,35.16651,0
            138.75413,35.16646,0
            138.75453,35.16621,0
            138.75472,35.16608,0
            138.75579,35.16546,0
            138.75627,35.1652,0
            138.75634,35.16517,0
            138.75728,35.16468,0
            138.75729,35.16468,0
            138.75823,35.16421,0
            138.75826,35.1642,0
            138.75844,35.16411,0
            138.75846,35.16411,0
            138.75889,35.16392,0
            138.75895,35.1639,0
            138.75946,35.16365,0
            138.75983,35.16349,0
            138.75987,35.16348,0
            138.76016,35.16335,0
            138.76095,35.16302,0
            138.76144,35.16284,0
            138.76151,35.16282,0
            138.76153,35.16281,0
            138.76276,35.16235,0
            138.76283,35.16233,0
            138.76372,35.16202,0
            138.76419,35.16187,0
            138.76423,35.16186,0
            138.76495,35.16163,0
            138.76607,35.1613,0
            138.7682,35.16075,0
            138.76935,35.1605,0
            138.76957,35.16046,0
            138.76978,35.16041,0
            138.76979,35.16041,0
            138.77128,35.16013,0
            138.77141,35.1601,0
            138.77202,35.15999,0
            138.77218,35.15997,0
            138.77235,35.15993,0
            138.77257,35.1599,0
            138.77396,35.15964,0
            138.7741,35.15962,0
            138.77429,35.15958,0
            138.77447,35.15955,0
            138.77527,35.15939,0
            138.77551,35.15935,0
            138.77813,35.15881,0
            138.77826,35.15879,0
            138.78138,35.15811,0
            138.78149,35.15808,0
            138.78171,35.15804,0
            138.78373,35.1576,0
            138.78379,35.15758,0
            138.78703,35.15687,0
            138.78719,35.15684,0
            138.78722,35.15683,0
            138.78776,35.15671,0
            138.78797,35.15667,0
            138.78988,35.15624,0
            138.79009,35.1562,0
            138.79243,35.15568,0
            138.79286,35.1556,0
            138.79478,35.15519,0
            138.79485,35.15517,0
            138.79563,35.15501,0
            138.7957,35.15499,0
            138.79627,35.15488,0
            138.79648,35.15483,0
            138.79805,35.15454,0
            138.7982,35.15452,0
            138.79866,35.15443,0
            138.79927,35.15433,0
            138.79957,35.15429,0
            138.79984,35.15424,0
            138.80036,35.15416,0
            138.80053,35.15414,0
            138.80071,35.15411,0
            138.80076,35.15411,0
            138.80241,35.1539,0
            138.80244,35.15389,0
            138.80315,35.15381,0
            138.80319,35.1538,0
            138.80542,35.15357,0
            138.80649,35.1535,0
            138.80658,35.15349,0
            138.80791,35.1534,0
            138.80899,35.15335,0
            138.8091,35.15335,0
            138.80921,35.15334,0
            138.81009,35.15333,0
            138.81028,35.15332,0
            138.81164,35.15333,0
            138.81272,35.15337,0
            138.81355,35.15343,0
            138.81387,35.15344,0
            138.81501,35.15354,0
            138.81605,35.15368,0
            138.81611,35.15368,0
            138.81637,35.15371,0
            138.81678,35.15378,0
            138.81777,35.15392,0
            138.81969,35.15423,0
            138.81971,35.15423,0
            138.82221,35.15459,0
            138.82287,35.15466,0
            138.82309,35.15469,0
            138.82387,35.15476,0
            138.82555,35.15486,0
            138.82584,35.15486,0
            138.82595,35.15487,0
            138.82769,35.15488,0
            138.82875,35.15485,0
            138.82884,35.15484,0
            138.82892,35.15484,0
            138.82982,35.15479,0
            138.83004,35.15476,0
            138.83084,35.1547,0
            138.8309,35.15469,0
            138.83132,35.15465,0
            138.83279,35.15447,0
            138.8328,35.15447,0
            138.83313,35.15442,0
            138.83322,35.1544,0
            138.83344,35.15437,0
            138.83443,35.1542,0
            138.83473,35.15414,0
            138.8348,35.15412,0
            138.83495,35.1541,0
            138.83654,35.15376,0
            138.83707,35.15363,0
            138.83906,35.15318,0
            138.84049,35.15288,0
            138.84142,35.1527,0
            138.84149,35.15269,0
            138.84153,35.15269,0
            138.8417,35.15265,0
            138.84333,35.15241,0
            138.84476,35.15226,0
            138.84487,35.15226,0
            138.84578,35.15219,0
            138.84591,35.15219,0
            138.84718,35.15213,0
            138.84866,35.15211,0
            138.85002,35.15215,0
            138.85062,35.15218,0
            138.85176,35.15227,0
            138.85322,35.15242,0
            138.85416,35.15255,0
            138.85558,35.15279,0
            138.85606,35.15289,0
            138.85614,35.1529,0
            138.85773,35.15326,0
            138.85929,35.15368,0
            138.85957,35.15377,0
            138.86006,35.15391,0
            138.8608,35.15415,0
            138.86216,35.15463,0
            138.86296,35.15493,0
            138.86296,35.15494,0
            138.86339,35.1551,0
            138.86434,35.15549,0
            138.86546,35.15599,0
            138.8666,35.15652,0
            138.86702,35.15673,0
            138.86705,35.15675,0
            138.86734,35.15689,0
            138.86763,35.15705,0
            138.86764,35.15706,0
            138.86788,35.15718,0
            138.86837,35.15745,0
            138.86838,35.15745,0
            138.86851,35.15753,0
            138.86947,35.15805,0
            138.87013,35.15843,0
            138.87055,35.15869,0
            138.87247,35.15995,0
            138.87336,35.16058,0
            138.8745,35.16144,0
            138.87463,35.16155,0
            138.87517,35.16197,0
            138.87528,35.16208,0
            138.87604,35.16271,0
            138.87721,35.16378,0
            138.87805,35.16461,0
            138.87879,35.1654,0
            138.87932,35.16599,0
            138.87999,35.16679,0
            138.88048,35.16741,0
            138.88114,35.1683,0
            138.88128,35.16851,0
            138.88135,35.1686,0
            138.88186,35.16935,0
            138.88223,35.16994,0
            138.88246,35.17033,0
            138.88251,35.1704,0
            138.88258,35.17053,0
            138.88277,35.17085,0
            138.883,35.17127,0
            138.88314,35.17155,0
            138.88334,35.17198,0
            138.88407,35.17343,0
            138.88422,35.17382,0
            138.88427,35.17392,0
            138.88469,35.17492,0
            138.88486,35.17538,0
            138.88493,35.17554,0
            138.885,35.17577,0
            138.88507,35.17593,0
            138.88522,35.17635,0
            138.88543,35.17705,0
            138.88605,35.17888,0
            138.88629,35.17965,0
            138.88629,35.17966,0
            138.88635,35.17982,0
            138.88635,35.17984,0
            138.88655,35.18047,0
            138.88656,35.18052,0
            138.88657,35.18054,0
            138.88669,35.18089,0
            138.88706,35.18185,0
            138.88728,35.18252,0
            138.88753,35.18349,0
            138.88773,35.18419,0
            138.88777,35.18436,0
            138.88797,35.18509,0
            138.88802,35.18524,0
            138.88804,35.18535,0
            138.88806,35.18541,0
            138.88815,35.18581,0
            138.88819,35.18595,0
            138.88861,35.18809,0
            138.88866,35.18846,0
            138.88871,35.18872,0
            138.88875,35.18907,0
            138.88877,35.18916,0
            138.88887,35.19005,0
            138.88887,35.19014,0
            138.8889,35.19041,0
            138.8889,35.19058,0
            138.88891,35.19066,0
            138.88901,35.1921,0
            138.88903,35.19229,0
            138.88904,35.19252,0
            138.88904,35.19303,0
            138.88903,35.19316,0
            138.88903,35.19329,0
            138.889,35.1938,0
            138.88898,35.19396,0
            138.88888,35.19543,0
            138.88872,35.19684,0
            138.88869,35.19702,0
            138.88867,35.1972,0
            138.88843,35.1986,0
            138.88841,35.19868,0
            138.88839,35.19881,0
            138.88831,35.19917,0
            138.8883,35.19924,0
            138.88828,35.1993,0
            138.88816,35.19979,0
            138.88795,35.20088,0
            138.88789,35.20107,0
            138.88744,35.2027,0
            138.88691,35.20474,0
            138.88688,35.20489,0
            138.88684,35.20505,0
            138.8868,35.20526,0
            138.88672,35.20557,0
            138.88635,35.20784,0
            138.88627,35.20847,0
            138.88621,35.20908,0
            138.88617,35.20961,0
            138.88616,35.20991,0
            138.88614,35.21015,0
            138.88613,35.21088,0
            138.88612,35.21109,0
            138.88615,35.2121,0
            138.88618,35.21267,0
            138.88627,35.21376,0
            138.88627,35.21386,0
            138.88657,35.21575,0
            138.88657,35.21576,0
            138.88679,35.21682,0
            138.88697,35.21753,0
            138.88708,35.21789,0
            138.88712,35.21805,0
            138.88729,35.21857,0
            138.88736,35.21875,0
            138.88741,35.21893,0
            138.88744,35.21901,0
            138.88753,35.21932,0
            138.8876,35.21953,0
            138.88776,35.21995,0
            138.88779,35.22001,0
            138.88809,35.22079,0
            138.88814,35.2209,0
            138.88815,35.22096,0
            138.88817,35.221,0
            138.88819,35.22107,0
            138.88821,35.2211,0
            138.88827,35.22124,0
            138.88828,35.22127,0
            138.88845,35.22166,0
            138.88852,35.2218,0
            138.88924,35.22337,0
            138.89015,35.22511,0
            138.89063,35.22592,0
            138.89194,35.22783,0
            138.89199,35.22789,0
            138.89292,35.22911,0
            138.89365,35.22999,0
            138.89501,35.23146,0
            138.89531,35.23174,0
            138.89544,35.23188,0
            138.89555,35.23198,0
            138.89578,35.23221,0
            138.89671,35.23309,0
            138.89697,35.23336,0
            138.89905,35.23522,0
            138.89939,35.2355,0
            138.90149,35.23736,0
            138.90266,35.23848,0
            138.90309,35.23891,0
            138.90343,35.23927,0
            138.90367,35.23951,0
            138.90433,35.24023,0
            138.90516,35.24119,0
            138.90565,35.2418,0
            138.90626,35.24261,0
            138.90654,35.24302,0
            138.9066,35.2431,0
            138.90663,35.24315,0
            138.90681,35.2434,0
            138.90696,35.24366,0
            138.90707,35.24383,0
            138.90712,35.24392,0
            138.90718,35.244,0
            138.90772,35.24493,0
            138.90785,35.24518,0
            138.90794,35.24533,0
            138.90797,35.2454,0
            138.90833,35.24608,0
            138.9084,35.24624,0
            138.90854,35.24653,0
            138.90879,35.24709,0
            138.90891,35.24739,0
            138.90894,35.24745,0
            138.90916,35.248,0
            138.90921,35.24816,0
            138.9095,35.24895,0
            138.90965,35.24944,0
            138.90968,35.24952,0
            138.9097,35.24959,0
            138.90979,35.24985,0
            138.90981,35.24994,0
            138.90984,35.25002,0
            138.90986,35.25012,0
            138.90993,35.25036,0
            138.90997,35.25054,0
            138.90999,35.2506,0
            138.91006,35.25092,0
            138.91011,35.25119,0
            138.91015,35.25134,0
            138.91017,35.25149,0
            138.91024,35.25183,0
            138.91026,35.25196,0
            138.91029,35.25208,0
            138.9103,35.25217,0
            138.91033,35.2523,0
            138.91034,35.25239,0
            138.91049,35.25324,0
            138.91063,35.25426,0
            138.91064,35.25437,0
            138.9108,35.25561,0
            138.91077,35.25575,0
            138.91078,35.25597,0
            138.9108,35.25619,0
            138.91084,35.25697,0
            138.91087,35.25799,0
            138.91087,35.25837,0
            138.91088,35.25852,0
            138.91088,35.25865,0
            138.91086,35.25918,0
            138.91084,35.25939,0
            138.91084,35.25953,0
            138.91076,35.26024,0
            138.91068,35.2607,0
            138.91062,35.26114,0
            138.91058,35.26158,0
            138.91058,35.2617,0
            138.91057,35.26178,0
            138.91057,35.26202,0
            138.91058,35.26209,0
            138.91058,35.26214,0
            138.91065,35.26278,0
            138.9107,35.26305,0
            138.91081,35.26345,0
            138.91097,35.2639,0
            138.91117,35.26433,0
            138.91125,35.26448,0
            138.91126,35.26449,0
            138.91158,35.265,0
            138.91181,35.26531,0
            138.91216,35.26573,0
            138.91236,35.26595,0
            138.91242,35.26601,0
            138.91251,35.26611,0
            138.91255,35.26616,0
            138.91264,35.26625,0
            138.9127,35.26634,0
            138.91271,35.26634,0
            138.9131,35.2668,0
            138.9132,35.26691,0
            138.91343,35.26719,0
            138.91345,35.26722,0
            138.91357,35.26736,0
            138.91363,35.26742,0
            138.91364,35.26744,0
            138.91385,35.26771,0
            138.91389,35.26775,0
            138.91459,35.26869,0
            138.91462,35.26875,0
            138.91464,35.26877,0
            138.91465,35.26879,0
            138.91469,35.26883,0
            138.91472,35.26884,0
            138.91484,35.26887,0
            138.91511,35.26931,0
            138.91515,35.26939,0
            138.9152,35.26946,0
            138.91545,35.26986,0
            138.91553,35.27,0
            138.91566,35.2702,0
            138.91615,35.27112,0
            138.91617,35.27117,0
            138.9162,35.27122,0
            138.91651,35.27187,0
            138.91653,35.27193,0
            138.91656,35.27198,0
            138.91687,35.27266,0
            138.91711,35.27323,0
            138.91714,35.27328,0
            138.9174,35.27386,0
            138.91752,35.27417,0
            138.91776,35.27468,0
            138.91784,35.27487,0
            138.91835,35.27593,0
            138.91893,35.27701,0
            138.91924,35.27754,0
            138.91927,35.27758,0
            138.91937,35.27776,0
            138.91984,35.27848,0
            138.91998,35.27867,0
            138.92006,35.27879,0
            138.92028,35.27909,0
            138.92109,35.28011,0
            138.92113,35.28017,0
            138.92167,35.28079,0
            138.92168,35.28081,0
            138.92188,35.28103,0
            138.92277,35.28194,0
            138.92315,35.2823,0
            138.92341,35.28256,0
            138.92346,35.2826,0
            138.92352,35.28266,0
            138.92408,35.28316,0
            138.92413,35.2832,0
            138.92416,35.28323,0
            138.92419,35.28325,0
            138.92457,35.2836,0
            138.92503,35.28398,0
            138.92509,35.28402,0
            138.9252,35.28411,0
            138.9255,35.28433,0
            138.92573,35.28451,0
            138.9259,35.28463,0
            138.92607,35.28476,0
            138.92651,35.28506,0
            138.92656,35.28509,0
            138.92661,35.28513,0
            138.92782,35.28589,0
            138.92802,35.286,0
            138.92832,35.28618,0
            138.92856,35.28631,0
            138.92888,35.2865,0
            138.92935,35.28675,0
            138.9294,35.28677,0
            138.92947,35.28681,0
            138.92954,35.28684,0
            138.93002,35.2871,0
            138.93074,35.28745,0
            138.93159,35.28783,0
            138.93217,35.28807,0
            138.93341,35.28855,0
            138.93469,35.289,0
            138.93485,35.28905,0
            138.9349,35.28907,0
            138.93494,35.28909,0
            138.93594,35.28941,0
            138.93606,35.28944,0
            138.93697,35.28974,0
            138.93753,35.28991,0
            138.93806,35.29009,0
            138.93814,35.29011,0
            138.93822,35.29014,0
            138.93855,35.29024,0
            138.93967,35.29061,0
            138.93981,35.29065,0
            138.94103,35.29108,0
            138.94126,35.29117,0
            138.94163,35.2913,0
            138.94191,35.29141,0
            138.94202,35.29146,0
            138.94211,35.29149,0
            138.94353,35.29208,0
            138.94499,35.29274,0
            138.9451,35.2928,0
            138.94577,35.29312,0
            138.94689,35.29371,0
            138.94735,35.29397,0
            138.94795,35.29429,0
            138.94872,35.29473,0
            138.9496,35.29528,0
            138.94961,35.29529,0
            138.95035,35.29578,0
            138.95036,35.29578,0
            138.95057,35.29592,0
            138.95082,35.2961,0
            138.95123,35.29637,0
            138.95211,35.297,0
            138.95218,35.29706,0
            138.95234,35.29717,0
            138.95265,35.29741,0
            138.95278,35.29752,0
            138.95294,35.29763,0
            138.95298,35.29767,0
            138.95301,35.29769,0
            138.95307,35.29775,0
            138.95316,35.29782,0
            138.95333,35.29794,0
            138.95337,35.29798,0
            138.95353,35.2981,0
            138.95433,35.29877,0
            138.9544,35.29884,0
            138.95571,35.30003,0
            138.95589,35.30021,0
            138.95603,35.30034,0
            138.9563,35.30062,0
            138.95633,35.30063,0
            138.9566,35.3009,0
            138.95661,35.30092,0
            138.95703,35.30134,0
            138.95708,35.3014,0
            138.95714,35.30146,0
            138.95793,35.30234,0
            138.95799,35.3024,0
            138.95839,35.30286,0
            138.95881,35.30337,0
            138.95954,35.3043,0
            138.95974,35.30457,0
            138.9598,35.30466,0
            138.95987,35.30475,0
            138.96037,35.30548,0
            138.96038,35.30551,0
            138.96043,35.30557,0
            138.96063,35.30589,0
            138.96095,35.30645,0
            138.96145,35.30741,0
            138.96159,35.30771,0
            138.96166,35.30788,0
            138.96167,35.30789,0
            138.96239,35.30945,0
            138.96263,35.30992,0
            138.96265,35.30997,0
            138.96269,35.31003,0
            138.96271,35.31008,0
            138.96278,35.31021,0
            138.9628,35.31026,0
            138.96288,35.3104,0
            138.96298,35.31055,0
            138.96345,35.31136,0
            138.9635,35.31143,0
            138.96381,35.31193,0
            138.96401,35.31221,0
            138.96408,35.31232,0
            138.96432,35.31265,0
            138.96435,35.31268,0
            138.96446,35.31284,0
            138.96482,35.31329,0
            138.96486,35.31333,0
            138.96501,35.31352,0
            138.96529,35.31383,0
            138.96533,35.31388,0
            138.96546,35.31402,0
            138.96546,35.31403,0
            138.96556,35.31413,0
            138.96561,35.31419,0
            138.96569,35.31427,0
            138.96574,35.31433,0
            138.96589,35.31449,0
            138.966,35.31459,0
            138.96642,35.31501,0
            138.96694,35.31549,0
            138.96708,35.31563,0
            138.96789,35.31637,0
            138.96897,35.3174,0
            138.96957,35.31803,0
            138.96996,35.31848,0
            138.9702,35.3188,0
            138.97021,35.31881,0
            138.97031,35.31894,0
            138.97035,35.319,0
            138.97046,35.31914,0
            138.97082,35.31969,0
            138.97084,35.31974,0
            138.97088,35.31979,0
            138.97105,35.32008,0
            138.97109,35.32016,0
            138.97124,35.32042,0
            138.97133,35.32062,0
            138.97146,35.32087,0
            138.97158,35.32114,0
            138.97159,35.32118,0
            138.97161,35.32122,0
            138.97174,35.32154,0
            138.9718,35.32173,0
            138.97181,35.32175,0
            138.97183,35.32181,0
            138.97186,35.32188,0
            138.97204,35.32246,0
            138.97217,35.32303,0
            138.97231,35.3238,0
            138.97237,35.32445,0
            138.97239,35.32504,0
            138.97237,35.32588,0
            138.97235,35.3262,0
            138.97234,35.32651,0
            138.97233,35.32654,0
            138.97232,35.32672,0
            138.97212,35.32872,0
            138.97212,35.32874,0
            138.97206,35.32933,0
            138.97206,35.32941,0
            138.97202,35.32979,0
            138.97202,35.32992,0
            138.97199,35.33029,0
            138.97199,35.33049,0
            138.97197,35.33085,0
            138.97197,35.33175,0
            138.97199,35.3321,0
            138.972,35.33246,0
            138.97207,35.33324,0
            138.97213,35.33369,0
            138.97214,35.33372,0
            138.97217,35.33389,0
            138.97217,35.3339,0
            138.9722,35.33408,0
            138.97227,35.33442,0
            138.97241,35.33492,0
            138.97251,35.33522,0
            138.97265,35.33558,0
            138.97279,35.3359,0
            138.97283,35.33598,0
            138.97289,35.33612,0
            138.97314,35.3366,0
            138.97335,35.33691,0
            138.97337,35.33695,0
            138.97354,35.33721,0
            138.97356,35.33723,0
            138.97371,35.33745,0
            138.97377,35.33753,0
            138.97377,35.33754,0
            138.97384,35.33763,0
            138.97437,35.33826,0
            138.97439,35.33829,0
            138.97444,35.33835,0
            138.97466,35.33857,0
            138.97476,35.33868,0
            138.97484,35.33875,0
            138.97501,35.33892,0
            138.97509,35.33898,0
            138.97534,35.3392,0
            138.97575,35.33953,0
            138.97648,35.34008,0
            138.97682,35.34032,0
            138.97756,35.34091,0
            138.97799,35.34129,0
            138.97804,35.34134,0
            138.97805,35.34134,0
            138.97869,35.34194,0
            138.9794,35.34267,0
            138.97946,35.34274,0
            138.97953,35.34281,0
            138.98043,35.34388,0
            138.98138,35.34512,0
            138.98219,35.34626,0
            138.98239,35.34658,0
            138.98241,35.3466,0
            138.98261,35.34694,0
            138.98293,35.34759,0
            138.983,35.34777,0
            138.98323,35.34842,0
            138.98323,35.34844,0
            138.98333,35.34872,0
            138.98344,35.34911,0
            138.98358,35.3497,0
            138.9837,35.35028,0
            138.9838,35.3507,0
            138.98404,35.35139,0
            138.98418,35.35174,0
            138.9842,35.35177,0
            138.98438,35.3521,0
            138.98454,35.35235,0
            138.98484,35.35274,0
            138.98513,35.35304,0
            138.98535,35.35325,0
            138.98571,35.35354,0
            138.98589,35.35367,0
            138.98623,35.35389,0
            138.98681,35.35419,0
            138.98755,35.35448,0
            138.98778,35.35455,0
            138.9881,35.35463,0
            138.98835,35.35468,0
            138.98838,35.35469,0
            138.989,35.35479,0
            138.98926,35.35482,0
            138.99009,35.35485,0
            138.99084,35.35485,0
            138.99155,35.35478,0
            138.99158,35.35478,0
            138.99177,35.35475,0
            138.99198,35.35473,0
            138.99228,35.35469,0
            138.99307,35.35455,0
            138.99315,35.35454,0
            138.99328,35.35451,0
            138.9935,35.35447,0
            138.99371,35.35442,0
            138.99392,35.35438,0
            138.99483,35.35411,0
            138.99542,35.35389,0
            138.99579,35.35373,0
            138.99583,35.35372,0
            138.99628,35.3535,0
            138.99645,35.35341,0
            138.99648,35.3534,0
            138.99683,35.3532,0
            138.99718,35.35298,0
            138.99766,35.35271,0
            138.99804,35.35247,0
            138.99914,35.35187,0
            138.9995,35.35166,0
            139.00018,35.35129,0
            139.00024,35.35127,0
            139.00043,35.35117,0
            139.00078,35.351,0
            139.00081,35.35099,0
            139.00139,35.35074,0
            139.00198,35.35054,0
            139.00202,35.35053,0
            139.0023,35.35041,0
            139.00303,35.35017,0
            139.00312,35.35015,0
            139.00326,35.3501,0
            139.00354,35.35003,0
            139.00366,35.35001,0
            139.00375,35.34999,0
            139.00382,35.34997,0
            139.00425,35.3499,0
            139.00499,35.34981,0
            139.00503,35.34981,0
            139.00523,35.34979,0
            139.00568,35.34977,0
            139.00583,35.34977,0
            139.00632,35.34979,0
            139.00683,35.34985,0
            139.00686,35.34985,0
            139.00719,35.3499,0
            139.00783,35.35005,0
            139.00815,35.35014,0
            139.00857,35.35029,0
            139.00887,35.35041,0
            139.0093,35.35062,0
            139.00974,35.35087,0
            139.01017,35.35119,0
            139.01026,35.35125,0
            139.01028,35.35128,0
            139.01043,35.3514,0
            139.01077,35.35171,0
            139.01113,35.35207,0
            139.01152,35.35254,0
            139.01187,35.35301,0
            139.01202,35.35325,0
            139.01208,35.35333,0
            139.01208,35.35334,0
            139.01226,35.35358,0
            139.01252,35.35399,0
            139.01258,35.35407,0
            139.0126,35.35412,0
            139.01287,35.35453,0
            139.01327,35.35507,0
            139.01378,35.35567,0
            139.01394,35.35582,0
            139.01396,35.35585,0
            139.01418,35.35607,0
            139.01457,35.35642,0
            139.01458,35.35642,0
            139.01503,35.35679,0
            139.01556,35.35717,0
            139.0161,35.35752,0
            139.01617,35.35756,0
            139.01636,35.35769,0
            139.01727,35.3582,0
            139.0173,35.35822,0
            139.01764,35.35841,0
            139.01806,35.35863,0
            139.01807,35.35863,0
            139.01856,35.35891,0
            139.01971,35.35948,0
            139.02051,35.35986,0
            139.02052,35.35987,0
            139.02119,35.36014,0
            139.02176,35.36039,0
            139.0225,35.36068,0
            139.02332,35.36096,0
            139.02334,35.36097,0
            139.02412,35.36123,0
            139.02416,35.36124,0
            139.02459,35.36131,0
            139.025,35.36139,0
            139.02502,35.36139,0
            139.02524,35.36141,0
            139.02546,35.36142,0
            139.02563,35.36144,0
            139.02612,35.36147,0
            139.027,35.36147,0
            139.02702,35.36146,0
            139.02787,35.36135,0
            139.02873,35.36118,0
            139.02881,35.36116,0
            139.02994,35.36076,0
            139.03083,35.3604,0
            139.03108,35.36029,0
            139.03162,35.36007,0
            139.03245,35.35978,0
            139.03249,35.35977,0
            139.03254,35.35975,0
            139.03292,35.35964,0
            139.03352,35.3595,0
            139.03417,35.35941,0
            139.03461,35.35937,0
            139.03473,35.35935,0
            139.03483,35.35935,0
            139.03502,35.35933,0
            139.03527,35.35933,0
            139.03542,35.35934,0
            139.03571,35.35934,0
            139.03593,35.35935,0
            139.03629,35.35938,0
            139.03659,35.35942,0
            139.03681,35.35944,0
            139.03702,35.35948,0
            139.0372,35.3595,0
            139.03745,35.35956,0
            139.03761,35.35959,0
            139.03829,35.35978,0
            139.03832,35.35978,0
            139.0387,35.35991,0
            139.0389,35.35999,0
            139.0391,35.36006,0
            139.03929,35.36015,0
            139.03949,35.36023,0
            139.03986,35.36043,0
            139.04003,35.36051,0
            139.04004,35.36052,0
            139.04022,35.36063,0
            139.04097,35.36105,0
            139.04135,35.36128,0
            139.04205,35.36164,0
            139.04278,35.36205,0
            139.04392,35.36272,0
            139.04401,35.36276,0
            139.04518,35.36345,0
            139.0453,35.36353,0
            139.0464,35.36413,0
            139.04677,35.36431,0
            139.04696,35.36441,0
            139.04715,35.3645,0
            139.04744,35.36465,0
            139.04772,35.36478,0
            139.04791,35.36486,0
            139.04854,35.36515,0
            139.0493,35.36552,0
            139.04954,35.36562,0
            139.05025,35.36594,0
            139.05031,35.36596,0
            139.05146,35.3665,0
            139.05149,35.36651,0
            139.05167,35.36655,0
            139.05249,35.3667,0
            139.05253,35.36671,0
            139.05437,35.36689,0
            139.05585,35.36689,0
            139.05671,35.36685,0
            139.05737,35.36679,0
            139.05741,35.36679,0
            139.05781,35.36675,0
            139.05823,35.36672,0
            139.05825,35.36671,0
            139.05999,35.36647,0
            139.06096,35.36632,0
            139.06152,35.36621,0
            139.06155,35.36621,0
            139.06319,35.36594,0
            139.06448,35.36567,0
            139.06456,35.36566,0
            139.06604,35.36535,0
            139.06646,35.36523,0
            139.06667,35.36518,0
            139.06688,35.36512,0
            139.06752,35.36497,0
            139.06773,35.36491,0
            139.06815,35.36481,0
            139.06836,35.36475,0
            139.06857,35.3647,0
            139.06878,35.36464,0
            139.06899,35.36459,0
            139.0692,35.36453,0
            139.06945,35.36448,0
            139.06953,35.36445,0
            139.07151,35.36387,0
            139.07163,35.36383,0
            139.07176,35.3638,0
            139.07308,35.36341,0
            139.07328,35.36336,0
            139.07329,35.36336,0
            139.07345,35.36331,0
            139.07351,35.3633,0
            139.07368,35.36325,0
            139.0737,35.36325,0
            139.07386,35.36321,0
            139.07392,35.3632,0
            139.07393,35.3632,0
            139.07428,35.36313,0
            139.07436,35.36312,0
            139.07447,35.3631,0
            139.07456,35.36309,0
            139.07458,35.36309,0
            139.07465,35.36308,0
            139.0751,35.36305,0
            139.07545,35.36305,0
            139.07564,35.36306,0
            139.07608,35.3631,0
            139.07618,35.36312,0
            139.07628,35.36313,0
            139.07666,35.3632,0
            139.07685,35.36325,0
            139.07737,35.36341,0
            139.07767,35.36352,0
            139.07885,35.364,0
            139.07891,35.36402,0
            139.07941,35.36422,0
            139.07945,35.36423,0
            139.07958,35.36428,0
            139.07998,35.3644,0
            139.08007,35.36442,0
            139.08017,35.36445,0
            139.08073,35.36456,0
            139.0813,35.36464,0
            139.08188,35.36467,0
            139.08228,35.36467,0
            139.08278,35.36464,0
            139.08415,35.36453,0
            139.08476,35.36452,0
            139.08526,35.36454,0
            139.08567,35.3646,0
            139.086,35.36468,0
            139.08629,35.36477,0
            139.08641,35.36482,0
            139.08657,35.36487,0
            139.08672,35.36493,0
            139.08685,35.365,0
            139.08698,35.36506,0
            139.08715,35.36515,0
            139.08726,35.36522,0
            139.08731,35.36526,0
            139.08748,35.36536,0
            139.08834,35.36597,0
            139.08839,35.36601,0
            139.08849,35.36607,0
            139.08861,35.36615,0
            139.08885,35.36628,0
            139.08911,35.36641,0
            139.08927,35.36648,0
            139.08952,35.36657,0
            139.0899,35.36668,0
            139.09013,35.36673,0
            139.09047,35.36679,0
            139.09075,35.36682,0
            139.0912,35.36684,0
            139.09203,35.36685,0
            139.09248,35.36688,0
            139.09258,35.36688,0
            139.09264,35.36689,0
            139.09269,35.36689,0
            139.09322,35.36696,0
            139.09376,35.36707,0
            139.0942,35.36718,0
            139.09454,35.36729,0
            139.09489,35.36739,0
            139.09522,35.3675,0
            139.09524,35.36751,0
            139.09567,35.36763,0
            139.09579,35.36767,0
            139.09597,35.36771,0
            139.09598,35.36772,0
            139.09621,35.36777,0
            139.09657,35.36783,0
            139.0972,35.36788,0
            139.0977,35.36788,0
            139.09801,35.36785,0
            139.0981,35.36785,0
            139.09831,35.36782,0
            139.09839,35.3678,0
            139.09851,35.36779,0
            139.09862,35.36777,0
            139.09914,35.36764,0
            139.0993,35.36758,0
            139.09939,35.36756,0
            139.09957,35.36748,0
            139.09966,35.36745,0
            139.10012,35.36723,0
            139.10022,35.36717,0
            139.10066,35.36688,0
            139.10106,35.36655,0
            139.10127,35.36632,0
            139.10157,35.36593,0
            139.10174,35.36566,0
            139.10192,35.36527,0
            139.10198,35.3651,0
            139.10201,35.36503,0
            139.10207,35.36485,0
            139.10207,35.36483,0
            139.1021,35.36475,0
            139.10228,35.36409,0
            139.10232,35.36398,0
            139.10234,35.36388,0
            139.10235,35.36385,0
            139.10236,35.36383,0
            139.10245,35.36358,0
            139.10248,35.36346,0
            139.10255,35.36331,0
            139.10255,35.3633,0
            139.10262,35.36314,0
            139.10264,35.36311,0
            139.1027,35.36297,0
            139.10283,35.36274,0
            139.10295,35.36255,0
            139.10326,35.36216,0
            139.10354,35.36185,0
            139.1038,35.36161,0
            139.10399,35.36145,0
            139.10412,35.36135,0
            139.10447,35.3611,0
            139.10451,35.36106,0
            139.10521,35.3606,0
            139.106,35.36019,0
            139.10677,35.35985,0
            139.10698,35.35977,0
            139.10781,35.35942,0
            139.10811,35.35928,0
            139.10819,35.35925,0
            139.1082,35.35924,0
            139.10859,35.35904,0
            139.1089,35.35887,0
            139.10957,35.35844,0
            139.11031,35.35794,0
            139.11036,35.35791,0
            139.11102,35.35746,0
            139.11149,35.35717,0
            139.11156,35.35712,0
            139.11165,35.35708,0
            139.11194,35.35693,0
            139.1121,35.35684,0
            139.11268,35.35657,0
            139.11269,35.35656,0
            139.11372,35.35613,0
            139.11379,35.35611,0
            139.11385,35.35608,0
            139.11435,35.3559,0
            139.11439,35.35588,0
            139.11518,35.35561,0
            139.11611,35.35533,0
            139.11659,35.3552,0
            139.11758,35.35496,0
            139.11873,35.35472,0
            139.11885,35.3547,0
            139.11887,35.3547,0
            139.11909,35.35465,0
            139.11922,35.35463,0
            139.11985,35.3545,0
            139.12015,35.35445,0
            139.12036,35.3544,0
            139.12037,35.3544,0
            139.12073,35.35433,0
            139.12187,35.35408,0
            139.12254,35.35391,0
            139.12255,35.35391,0
            139.12294,35.3538,0
            139.12368,35.35357,0
            139.12417,35.35339,0
            139.12486,35.35311,0
            139.1253,35.35292,0
            139.12579,35.35269,0
            139.12707,35.35214,0
            139.1279,35.35185,0
            139.12822,35.35175,0
            139.12882,35.35159,0
            139.12978,35.35139,0
            139.12989,35.35138,0
            139.13,35.35136,0
            139.13039,35.35131,0
            139.13307,35.35107,0
            139.13393,35.35095,0
            139.13404,35.35093,0
            139.13415,35.35092,0
            139.13541,35.35063,0
            139.13542,35.35063,0
            139.1357,35.35055,0
            139.13741,35.35011,0
            139.13823,35.34992,0
            139.13849,35.34987,0
            139.13857,35.34985,0
            139.13865,35.34984,0
            139.13873,35.34982,0
            139.13933,35.34972,0
            139.14024,35.34961,0
            139.14178,35.3495,0
            139.14196,35.3495,0
            139.1438,35.34941,0
            139.14388,35.3494,0
            139.14397,35.3494,0
            139.14418,35.34938,0
            139.14428,35.34938,0
            139.14434,35.34937,0
            139.14442,35.34937,0
            139.14544,35.34928,0
            139.14609,35.34919,0
            139.14723,35.34897,0
            139.14738,35.34893,0
            139.14741,35.34893,0
            139.14832,35.3487,0
            139.14908,35.34847,0
            139.14978,35.34823,0
            139.15018,35.34808,0
            139.15027,35.34804,0
            139.15038,35.348,0
            139.15049,35.34795,0
            139.15055,35.34793,0
            139.15087,35.3478,0
            139.15105,35.34771,0
            139.15112,35.34767,0
            139.15192,35.34727,0
            139.15201,35.34723,0
            139.1521,35.34718,0
            139.15211,35.34718,0
            139.1523,35.34707,0
            139.15242,35.34701,0
            139.15284,35.34676,0
            139.15294,35.34669,0
            139.15305,35.34663,0
            139.15323,35.34652,0
            139.15328,35.34648,0
            139.15382,35.34612,0
            139.15393,35.34603,0
            139.15408,35.34593,0
            139.15427,35.34577,0
            139.15434,35.34572,0
            139.15475,35.34538,0
            139.15493,35.34522,0
            139.15652,35.34362,0
            139.15686,35.3433,0
            139.15709,35.3431,0
            139.15713,35.34307,0
            139.15716,35.34304,0
            139.1576,35.34271,0
            139.15765,35.34266,0
            139.15782,35.34254,0
            139.15819,35.34225,0
            139.15862,35.34198,0
            139.15877,35.3419,0
            139.15913,35.34169,0
            139.15938,35.34156,0
            139.15997,35.34128,0
            139.16028,35.34115,0
            139.16125,35.34082,0
            139.1622,35.34058,0
            139.16259,35.3405,0
            139.16261,35.3405,0
            139.16301,35.3404,0
            139.16335,35.34035,0
            139.16347,35.34034,0
            139.16351,35.34033,0
            139.16412,35.34026,0
            139.16486,35.34022,0
            139.1654,35.34021,0
            139.16553,35.3402,0
            139.16726,35.34019,0
            139.16811,35.34017,0
            139.16879,35.34014,0
            139.16917,35.3401,0
            139.1692,35.3401,0
            139.16988,35.34002,0
            139.1703,35.33995,0
            139.17054,35.33992,0
            139.17113,35.33982,0
            139.17136,35.33977,0
            139.17138,35.33977,0
            139.17158,35.33973,0
            139.17159,35.33972,0
            139.17223,35.33957,0
            139.17224,35.33957,0
            139.17262,35.33947,0
            139.17306,35.33934,0
            139.17312,35.33933,0
            139.17368,35.33916,0
            139.17369,35.33916,0
            139.17452,35.33892,0
            139.17457,35.33891,0
            139.17484,35.33883,0
            139.17512,35.33876,0
            139.17515,35.33875,0
            139.1756,35.33864,0
            139.17634,35.33849,0
            139.17642,35.33847,0
            139.17678,35.33841,0
            139.17688,35.3384,0
            139.17711,35.33836,0
            139.17761,35.33831,0
            139.17766,35.3383,0
            139.17811,35.33827,0
            139.17818,35.33826,0
            139.17863,35.33823,0
            139.1792,35.33821,0
            139.17952,35.33821,0
            139.18027,35.33824,0
            139.18034,35.33825,0
            139.1804,35.33825,0
            139.18046,35.33826,0
            139.18056,35.33826,0
            139.18099,35.3383,0
            139.18193,35.33844,0
            139.18249,35.33854,0
            139.18364,35.33884,0
            139.18394,35.33893,0
            139.18414,35.339,0
            139.18421,35.33902,0
            139.18478,35.33922,0
            139.18495,35.33929,0
            139.18515,35.33936,0
            139.18555,35.33952,0
            139.18668,35.33994,0
            139.18676,35.33996,0
            139.18757,35.34021,0
            139.18839,35.34041,0
            139.18858,35.34045,0
            139.1893,35.34057,0
            139.18995,35.34066,0
            139.19031,35.3407,0
            139.19038,35.3407,0
            139.19063,35.34072,0
            139.19153,35.34076,0
            139.19347,35.34075,0
            139.19405,35.34073,0
            139.19457,35.34073,0
            139.1948,35.34074,0
            139.19485,35.34075,0
            139.19497,35.34075,0
            139.19585,35.34079,0
            139.19595,35.3408,0
            139.196,35.34081,0
            139.19691,35.34091,0
            139.19774,35.34103,0
            139.19778,35.34104,0
            139.19808,35.34109,0
            139.19809,35.34109,0
            139.19909,35.34131,0
            139.19936,35.34138,0
            139.19966,35.34147,0
            139.2001,35.34162,0
            139.20017,35.34164,0
            139.20018,35.34164,0
            139.20081,35.34189,0
            139.2009,35.34192,0
            139.20091,35.34193,0
            139.20097,35.34195,0
            139.20098,35.34196,0
            139.20111,35.34202,0
            139.20113,35.34204,0
            139.20116,35.34205,0
            139.20147,35.34221,0
            139.2017,35.34235,0
            139.20178,35.34239,0
            139.2023,35.34277,0
            139.20252,35.34296,0
            139.20285,35.34329,0
            139.20305,35.34352,0
            139.20305,35.34353,0
            139.20315,35.34365,0
            139.20327,35.34381,0
            139.20338,35.34399,0
            139.20347,35.34411,0
            139.2035,35.34417,0
            139.20358,35.3443,0
            139.20371,35.34456,0
            139.20389,35.34507,0
            139.20395,35.34528,0
            139.20401,35.34553,0
            139.20415,35.34655,0
            139.20425,35.34706,0
            139.20435,35.34743,0
            139.20448,35.34776,0
            139.20469,35.34821,0
            139.20477,35.34835,0
            139.20497,35.34866,0
            139.20524,35.349,0
            139.20573,35.34952,0
            139.20624,35.34993,0
            139.20669,35.35022,0
            139.20711,35.35044,0
            139.20737,35.35056,0
            139.2077,35.3507,0
            139.20828,35.35091,0
            139.20878,35.35106,0
            139.20924,35.35118,0
            139.2097,35.35128,0
            139.21011,35.35135,0
            139.2106,35.35145,0
            139.2117,35.35159,0
            139.2124,35.35165,0
            139.21295,35.35168,0
            139.21373,35.3517,0
            139.21406,35.3517,0
            139.21494,35.35166,0
            139.21581,35.3516,0
            139.21706,35.35144,0
            139.2172,35.35141,0
            139.21736,35.35139,0
            139.21842,35.35121,0
            139.21866,35.35116,0
            139.21927,35.35106,0
            139.21991,35.35094,0
            139.2212,35.35073,0
            139.22213,35.35061,0
            139.22231,35.3506,0
            139.22276,35.35055,0
            139.22388,35.35048,0
            139.2244,35.35046,0
            139.22478,35.35046,0
            139.22503,35.35045,0
            139.22532,35.35046,0
            139.2257,35.35046,0
            139.22597,35.35047,0
            139.22614,35.35047,0
            139.22727,35.35054,0
            139.22824,35.35064,0
            139.22924,35.35078,0
            139.22939,35.35081,0
            139.2297,35.35086,0
            139.23032,35.35098,0
            139.23036,35.35098,0
            139.23046,35.35101,0
            139.23139,35.35122,0
            139.23203,35.35138,0
            139.23215,35.35142,0
            139.23225,35.35144,0
            139.23247,35.3515,0
            139.23356,35.35185,0
            139.23375,35.35192,0
            139.23394,35.35198,0
            139.23395,35.35199,0
            139.23463,35.35224,0
            139.2349,35.35235,0
            139.23505,35.35242,0
            139.2354,35.35256,0
            139.23616,35.35291,0
            139.23663,35.35315,0
            139.23673,35.35321,0
            139.23702,35.35336,0
            139.23711,35.3534,0
            139.2373,35.35351,0
            139.23747,35.3536,0
            139.23862,35.35428,0
            139.2389,35.35446,0
            139.23896,35.35449,0
            139.2401,35.35522,0
            139.24218,35.35651,0
            139.24287,35.35689,0
            139.24292,35.35693,0
            139.24351,35.35724,0
            139.24354,35.35726,0
            139.24367,35.35733,0
            139.24524,35.35809,0
            139.24605,35.35844,0
            139.24612,35.35848,0
            139.24682,35.35877,0
            139.24698,35.35883,0
            139.24704,35.35886,0
            139.24729,35.35895,0
            139.24736,35.35898,0
            139.24744,35.35902,0
            139.2482,35.35932,0
            139.24829,35.35936,0
            139.24838,35.35939,0
            139.24903,35.35965,0
            139.24922,35.35974,0
            139.2503,35.36019,0
            139.25042,35.36025,0
            139.25078,35.36041,0
            139.25156,35.36079,0
            139.25262,35.36135,0
            139.25274,35.36142,0
            139.25279,35.36146,0
            139.25314,35.36165,0
            139.25378,35.36204,0
            139.25461,35.36258,0
            139.2551,35.36292,0
            139.2557,35.36336,0
            139.25676,35.3642,0
            139.25783,35.36515,0
            139.25799,35.36531,0
            139.25808,35.36539,0
            139.25866,35.36597,0
            139.2592,35.36654,0
            139.25973,35.36713,0
            139.25985,35.36725,0
            139.26015,35.36759,0
            139.26079,35.36835,0
            139.26141,35.36913,0
            139.26151,35.36927,0
            139.26165,35.36944,0
            139.26171,35.36953,0
            139.26197,35.36988,0
            139.26199,35.3699,0
            139.26232,35.37036,0
            139.26241,35.3705,0
            139.26254,35.37067,0
            139.26296,35.37129,0
            139.26304,35.37142,0
            139.26314,35.37156,0
            139.26337,35.37192,0
            139.26352,35.37214,0
            139.26378,35.37256,0
            139.26393,35.37278,0
            139.26405,35.37297,0
            139.2641,35.37304,0
            139.26466,35.37392,0
            139.26468,35.37396,0
            139.26527,35.37486,0
            139.26536,35.37501,0
            139.26542,35.3751,0
            139.26547,35.37516,0
            139.26554,35.37527,0
            139.26632,35.37637,0
            139.26704,35.37732,0
            139.2674,35.37776,0
            139.26744,35.37782,0
            139.26808,35.37859,0
            139.26816,35.37867,0
            139.26839,35.37895,0
            139.26977,35.38044,0
            139.27168,35.3823,0
            139.27177,35.38237,0
            139.27185,35.38244,0
            139.2719,35.38249,0
            139.27221,35.38275,0
            139.27224,35.38278,0
            139.27233,35.38285,0
            139.27272,35.38319,0
            139.27359,35.3839,0
            139.27366,35.38395,0
            139.27418,35.3844,0
            139.27424,35.38446,0
            139.27613,35.38608,0
            139.2765,35.38641,0
            139.2766,35.38651,0
            139.27691,35.38678,0
            139.27782,35.38765,0
            139.27782,35.38766,0
            139.27822,35.38805,0
            139.27887,35.38871,0
            139.27914,35.389,0
            139.27929,35.38915,0
            139.27958,35.38946,0
            139.27963,35.38952,0
            139.2798,35.3897,0
            139.28039,35.39037,0
            139.28045,35.39043,0
            139.2806,35.39061,0
            139.28063,35.39064,0
            139.28075,35.39079,0
            139.2808,35.39083,0
            139.28108,35.39118,0
            139.28125,35.39137,0
            139.2816,35.3918,0
            139.28165,35.39187,0
            139.28171,35.39193,0
            139.282,35.39231,0
            139.28206,35.39238,0
            139.28251,35.39296,0
            139.28363,35.39453,0
            139.28409,35.39521,0
            139.2841,35.39522,0
            139.28419,35.39535,0
            139.2842,35.39536,0
            139.28502,35.39659,0
            139.2851,35.39669,0
            139.28595,35.39793,0
            139.28607,35.39809,0
            139.28609,35.39813,0
            139.28613,35.39817,0
            139.28616,35.39822,0
            139.28644,35.39859,0
            139.28666,35.3989,0
            139.28726,35.39967,0
            139.2873,35.39973,0
            139.28735,35.39979,0
            139.28741,35.39985,0
            139.28767,35.40017,0
            139.28808,35.40065,0
            139.28828,35.40086,0
            139.28844,35.40104,0
            139.28849,35.40109,0
            139.28855,35.40116,0
            139.28861,35.40122,0
            139.28871,35.40134,0
            139.2891,35.40174,0
            139.28912,35.40177,0
            139.28925,35.40189,0
            139.28989,35.40252,0
            139.28991,35.40253,0
            139.29076,35.40331,0
            139.29174,35.40413,0
            139.29301,35.40509,0
            139.29305,35.40513,0
            139.2931,35.40517,0
            139.29315,35.4052,0
            139.29387,35.4057,0
            139.29429,35.40597,0
            139.29431,35.40599,0
            139.29443,35.40606,0
            139.29448,35.4061,0
            139.29478,35.40628,0
            139.29512,35.4065,0
            139.29518,35.40653,0
            139.29523,35.40656,0
            139.29527,35.40659,0
            139.29562,35.4068,0
            139.29671,35.40741,0
            139.29745,35.4078,0
            139.29803,35.40808,0
            139.29809,35.40812,0
            139.29816,35.40815,0
            139.29817,35.40816,0
            139.29946,35.40875,0
            139.30018,35.40905,0
            139.30125,35.40946,0
            139.30129,35.40948,0
            139.30137,35.4095,0
            139.30144,35.40953,0
            139.30233,35.40985,0
            139.30278,35.40999,0
            139.30294,35.41005,0
            139.30412,35.4104,0
            139.30427,35.41045,0
            139.30508,35.41067,0
            139.30529,35.41072,0
            139.30543,35.41076,0
            139.30573,35.41083,0
            139.30586,35.41087,0
            139.3066,35.41105,0
            139.30666,35.41106,0
            139.3082,35.41144,0
            139.31029,35.41188,0
            139.31035,35.4119,0
            139.31303,35.41245,0
            139.31336,35.41251,0
            139.31358,35.41257,0
            139.31389,35.41263,0
            139.31556,35.41303,0
            139.31567,35.41305,0
            139.31632,35.41322,0
            139.31644,35.41324,0
            139.3172,35.41345,0
            139.31736,35.4135,0
            139.31737,35.4135,0
            139.31745,35.41353,0
            139.31776,35.41362,0
            139.31786,35.41364,0
            139.31792,35.41366,0
            139.31799,35.41369,0
            139.31823,35.41375,0
            139.31851,35.41383,0
            139.31862,35.41387,0
            139.31914,35.41403,0
            139.31931,35.41409,0
            139.31935,35.4141,0
            139.31942,35.41413,0
            139.31964,35.4142,0
            139.32148,35.41487,0
            139.32206,35.4151,0
            139.32207,35.4151,0
            139.32417,35.41598,0
            139.32522,35.41646,0
            139.32556,35.41664,0
            139.32628,35.41699,0
            139.327,35.41737,0
            139.3281,35.41798,0
            139.32818,35.41803,0
            139.32825,35.41806,0
            139.3292,35.41862,0
            139.32933,35.41869,0
            139.32934,35.4187,0
            139.32965,35.41888,0
            139.32969,35.41891,0
            139.32973,35.41893,0
            139.33012,35.41917,0
            139.33024,35.41923,0
            139.3303,35.41927,0
            139.33047,35.41937,0
            139.33062,35.41947,0
            139.33065,35.41948,0
            139.33086,35.41961,0
            139.33095,35.41966,0
            139.33136,35.41992,0
            139.33319,35.42102,0
            139.33419,35.4216,0
            139.33422,35.42161,0
            139.33537,35.42223,0
            139.33644,35.42274,0
            139.33719,35.42306,0
            139.33759,35.42322,0
            139.33775,35.42327,0
            139.33868,35.42361,0
            139.3394,35.42384,0
            139.34033,35.4241,0
            139.34038,35.42412,0
            139.34044,35.42413,0
            139.34064,35.42419,0
            139.34157,35.4244,0
            139.34248,35.42458,0
            139.34257,35.42459,0
            139.34328,35.42471,0
            139.34405,35.42481,0
            139.34412,35.42481,0
            139.34418,35.42482,0
            139.34475,35.42488,0
            139.34496,35.42491,0
            139.34552,35.42495,0
            139.34556,35.42496,0
            139.34592,35.42498,0
            139.34599,35.42499,0
            139.34606,35.42499,0
            139.34654,35.42503,0
            139.34754,35.42508,0
            139.3476,35.42508,0
            139.34822,35.42512,0
            139.34919,35.42514,0
            139.35033,35.42514,0
            139.35167,35.42511,0
            139.35178,35.4251,0
            139.35195,35.4251,0
            139.35233,35.42508,0
            139.35242,35.42508,0
            139.35252,35.42507,0
            139.35309,35.42504,0
            139.35535,35.42486,0
            139.35546,35.42484,0
            139.35552,35.42484,0
            139.35641,35.42475,0
            139.35654,35.42473,0
            139.35669,35.42472,0
            139.35708,35.42467,0
            139.35711,35.42467,0
            139.35715,35.42466,0
            139.35754,35.42462,0
            139.36056,35.42422,0
            139.36058,35.42421,0
            139.36119,35.42413,0
            139.36167,35.42405,0
            139.36168,35.42405,0
            139.36261,35.42392,0
            139.36283,35.42388,0
            139.36528,35.42352,0
            139.36538,35.42351,0
            139.36546,35.42349,0
            139.36783,35.42317,0
            139.36807,35.42313,0
            139.36852,35.42308,0
            139.36856,35.42308,0
            139.36866,35.42306,0
            139.36879,35.42305,0
            139.36968,35.42294,0
            139.36981,35.42293,0
            139.3703,35.42287,0
            139.3724,35.42268,0
            139.374,35.42259,0
            139.37423,35.42257,0
            139.37593,35.42253,0
            139.3768,35.42253,0
            139.3769,35.42254,0
            139.37721,35.42254,0
            139.37732,35.42255,0
            139.37764,35.42255,0
            139.37777,35.42256,0
            139.37795,35.42256,0
            139.37797,35.42257,0
            139.37821,35.42257,0
            139.38016,35.42271,0
            139.38041,35.42274,0
            139.38045,35.42275,0
            139.3805,35.42275,0
            139.38089,35.42279,0
            139.38179,35.42291,0
            139.3819,35.42293,0
            139.38219,35.42297,0
            139.38346,35.42319,0
            139.38369,35.42324,0
            139.38377,35.42325,0
            139.38479,35.42347,0
            139.38583,35.42373,0
            139.38589,35.42374,0
            139.38673,35.42397,0
            139.3874,35.42417,0
            139.38747,35.4242,0
            139.38754,35.42422,0
            139.389,35.42471,0
            139.39074,35.4254,0
            139.39096,35.4255,0
            139.39107,35.42554,0
            139.39192,35.42593,0
            139.39284,35.42639,0
            139.39293,35.42643,0
            139.39319,35.42657,0
            139.39324,35.42659,0
            139.39362,35.4268,0
            139.39375,35.42688,0
            139.39453,35.42732,0
            139.39514,35.42769,0
            139.3961,35.42831,0
            139.39616,35.42836,0
            139.39673,35.42875,0
            139.39685,35.42884,0
            139.39692,35.42891,0
            139.39778,35.42956,0
            139.39779,35.42957,0
            139.39836,35.43003,0
            139.39902,35.4306,0
            139.39952,35.43106,0
            139.40015,35.43167,0
            139.40048,35.43201,0
            139.40048,35.43202,0
            139.40068,35.43222,0
            139.4012,35.4328,0
            139.40134,35.43297,0
            139.40155,35.4332,0
            139.40252,35.43443,0
            139.40254,35.43446,0
            139.40256,35.43448,0
            139.404,35.43648,0
            139.40405,35.43656,0
            139.40427,35.43686,0
            139.40441,35.43707,0
            139.4046,35.43732,0
            139.4046,35.43733,0
            139.40519,35.43812,0
            139.40526,35.4382,0
            139.40569,35.43875,0
            139.40572,35.43878,0
            139.40593,35.43903,0
            139.40678,35.43998,0
            139.4078,35.441,0
            139.40816,35.44133,0
            139.40899,35.44205,0
            139.409,35.44205,0
            139.40937,35.44236,0
            139.40965,35.44257,0
            139.40976,35.44266,0
            139.41052,35.44322,0
            139.41061,35.44328,0
            139.41068,35.44334,0
            139.41101,35.44357,0
            139.41155,35.44392,0
            139.41159,35.44395,0
            139.41224,35.44435,0
            139.41225,35.44436,0
            139.41266,35.44461,0
            139.41339,35.44503,0
            139.41345,35.44506,0
            139.41361,35.44516,0
            139.41473,35.44577,0
            139.41495,35.44588,0
            139.41533,35.4461,0
            139.4157,35.44629,0
            139.4158,35.44635,0
            139.41658,35.44675,0
            139.41672,35.44683,0
            139.41756,35.44726,0
            139.41975,35.44845,0
            139.42038,35.44881,0
            139.42132,35.44939,0
            139.42136,35.44942,0
            139.42152,35.44952,0
            139.42162,35.44959,0
            139.42181,35.44971,0
            139.42196,35.44982,0
            139.42209,35.4499,0
            139.42294,35.45051,0
            139.42362,35.45103,0
            139.42419,35.45149,0
            139.42422,35.45152,0
            139.42431,35.45159,0
            139.42437,35.45165,0
            139.42449,35.45175,0
            139.42465,35.4519,0
            139.42475,35.45198,0
            139.42557,35.45275,0
            139.42623,35.45344,0
            139.42635,35.45355,0
            139.4267,35.45392,0
            139.42673,35.45397,0
            139.42682,35.45406,0
            139.42699,35.45425,0
            139.42766,35.45507,0
            139.42787,35.45536,0
            139.42799,35.45551,0
            139.42839,35.45606,0
            139.42902,35.45697,0
            139.42916,35.45719,0
            139.43039,35.45902,0
            139.43045,35.4591,0
            139.43056,35.45927,0
            139.43134,35.46037,0
            139.43206,35.4613,0
            139.43209,35.46133,0
            139.43264,35.46199,0
            139.43269,35.46204,0
            139.43282,35.46219,0
            139.43361,35.46305,0
            139.43472,35.46414,0
            139.43475,35.46416,0
            139.43495,35.46436,0
            139.43576,35.46507,0
            139.43591,35.46519,0
            139.43608,35.46534,0
            139.43645,35.46564,0
            139.43656,35.46572,0
            139.43716,35.46619,0
            139.43768,35.46658,0
            139.43771,35.46659,0
            139.43799,35.4668,0
            139.43835,35.46705,0
            139.43837,35.46706,0
            139.43854,35.46718,0
            139.43868,35.46727,0
            139.43885,35.46739,0
            139.43936,35.46772,0
            139.43951,35.46781,0
            139.44005,35.46816,0
            139.44265,35.46977,0
            139.44265,35.46978,0
            139.44351,35.47033,0
            139.44407,35.47071,0
            139.44485,35.47127,0
            139.44521,35.47155,0
            139.44547,35.47174,0
            139.44596,35.47213,0
            139.44596,35.47214,0
            139.44662,35.47267,0
            139.44709,35.47308,0
            139.44713,35.47311,0
            139.44716,35.47314,0
            139.44723,35.4732,0
            139.44814,35.47406,0
            139.44821,35.47412,0
            139.44828,35.4742,0
            139.44908,35.475,0
            139.44914,35.47505,0
            139.44922,35.47514,0
            139.45106,35.47696,0
            139.45118,35.47707,0
            139.45121,35.47711,0
            139.45159,35.47748,0
            139.45238,35.47819,0
            139.4525,35.47828,0
            139.4532,35.47886,0
            139.45338,35.479,0
            139.4534,35.47902,0
            139.45357,35.47916,0
            139.45359,35.47917,0
            139.45374,35.47929,0
            139.45456,35.4799,0
            139.45457,35.4799,0
            139.45511,35.48028,0
            139.45561,35.48061,0
            139.45564,35.48064,0
            139.45624,35.48104,0
            139.45757,35.48183,0
            139.45788,35.482,0
            139.45796,35.48203,0
            139.45893,35.48254,0
            139.45907,35.48262,0
            139.45957,35.48288,0
            139.46223,35.48415,0
            139.4626,35.48434,0
            139.46332,35.48468,0
            139.46478,35.48543,0
            139.46495,35.48553,0
            139.46509,35.4856,0
            139.46518,35.48566,0
            139.46577,35.486,0
            139.46583,35.48604,0
            139.46589,35.48607,0
            139.46647,35.48643,0
            139.46719,35.48692,0
            139.46749,35.48714,0
            139.46798,35.48753,0
            139.46808,35.48762,0
            139.46819,35.4877,0
            139.46881,35.48826,0
            139.46901,35.48846,0
            139.46905,35.48851,0
            139.4691,35.48855,0
            139.46953,35.489,0
            139.47002,35.48957,0
            139.47039,35.49003,0
            139.47045,35.49013,0
            139.47075,35.49054,0
            139.47097,35.49088,0
            139.47125,35.49134,0
            139.47173,35.4922,0
            139.47198,35.4927,0
            139.472,35.49275,0
            139.47263,35.49405,0
            139.47264,35.49408,0
            139.47321,35.49528,0
            139.47383,35.49647,0
            139.47407,35.49689,0
            139.47447,35.49754,0
            139.47458,35.4977,0
            139.47467,35.49785,0
            139.47508,35.49847,0
            139.47554,35.49908,0
            139.47608,35.49975,0
            139.47615,35.49983,0
            139.47615,35.49984,0
            139.47648,35.50023,0
            139.47707,35.50088,0
            139.47736,35.50117,0
            139.47747,35.50129,0
            139.47784,35.50166,0
            139.47795,35.50175,0
            139.47801,35.50181,0
            139.47804,35.50183,0
            139.47816,35.50195,0
            139.47818,35.50198,0
            139.47828,35.50207,0
            139.4784,35.50219,0
            139.47858,35.50235,0
            139.47865,35.50242,0
            139.47872,35.50248,0
            139.47879,35.50255,0
            139.47945,35.50313,0
            139.48027,35.50388,0
            139.48041,35.504,0
            139.48081,35.50437,0
            139.48147,35.50501,0
            139.4816,35.50515,0
            139.48166,35.5052,0
            139.48215,35.50573,0
            139.48227,35.50587,0
            139.48232,35.50592,0
            139.48258,35.50622,0
            139.48348,35.50735,0
            139.48431,35.50847,0
            139.48438,35.50855,0
            139.48452,35.50875,0
            139.48547,35.50998,0
            139.48548,35.50998,0
            139.48555,35.51007,0
            139.48624,35.51087,0
            139.48638,35.51101,0
            139.48655,35.5112,0
            139.48681,35.51146,0
            139.48695,35.51159,0
            139.48723,35.51187,0
            139.48744,35.51203,0
            139.48779,35.51232,0
            139.48821,35.51265,0
            139.48862,35.51293,0
            139.48881,35.51307,0
            139.48931,35.51339,0
            139.4894,35.51344,0
            139.48941,35.51345,0
            139.49016,35.51386,0
            139.49117,35.51433,0
            139.49165,35.51453,0
            139.49269,35.51493,0
            139.49276,35.51495,0
            139.49328,35.51515,0
            139.49486,35.51572,0
            139.49537,35.51592,0
            139.4956,35.516,0
            139.49662,35.51643,0
            139.49743,35.51681,0
            139.4982,35.5172,0
            139.49905,35.51769,0
            139.49956,35.518,0
            139.50002,35.5183,0
            139.50065,35.51874,0
            139.50066,35.51874,0
            139.50149,35.51937,0
            139.50176,35.51959,0
            139.50192,35.51971,0
            139.50269,35.52035,0
            139.50301,35.52064,0
            139.50327,35.52085,0
            139.50494,35.52234,0
            139.50583,35.52311,0
            139.50663,35.52377,0
            139.50731,35.5243,0
            139.50733,35.52432,0
            139.50749,35.52444,0
            139.50757,35.52449,0
            139.50795,35.52478,0
            139.50799,35.5248,0
            139.50873,35.52532,0
            139.5094,35.52576,0
            139.50941,35.52577,0
            139.50947,35.52581,0
            139.50968,35.52593,0
            139.50981,35.52602,0
            139.51026,35.52629,0
            139.51027,35.5263,0
            139.51044,35.52641,0
            139.51052,35.52645,0
            139.51077,35.52661,0
            139.51093,35.52669,0
            139.51156,35.52705,0
            139.51178,35.52716,0
            139.51216,35.52737,0
            139.51219,35.52738,0
            139.51272,35.52765,0
            139.51351,35.52803,0
            139.51368,35.5281,0
            139.514,35.52825,0
            139.51457,35.5285,0
            139.51524,35.52877,0
            139.51524,35.52878,0
            139.51533,35.52881,0
            139.51685,35.52939,0
            139.51748,35.52959,0
            139.51761,35.52964,0
            139.51855,35.52995,0
            139.51922,35.53015,0
            139.5193,35.53017,0
            139.51937,35.5302,0
            139.51969,35.53029,0
            139.51985,35.53035,0
            139.52017,35.53045,0
            139.52019,35.53045,0
            139.52021,35.53046,0
            139.52149,35.53084,0
            139.52157,35.53087,0
            139.52251,35.53114,0
            139.52256,35.53115,0
            139.52263,35.53117,0
            139.52265,35.53118,0
            139.52445,35.53171,0
            139.52509,35.53192,0
            139.52518,35.53194,0
            139.52573,35.53212,0
            139.52574,35.53212,0
            139.52581,35.53215,0
            139.52684,35.53251,0
            139.52721,35.53265,0
            139.52725,35.53267,0
            139.52741,35.53273,0
            139.52742,35.53273,0
            139.52746,35.53275,0
            139.52828,35.53309,0
            139.52857,35.53322,0
            139.52864,35.53326,0
            139.5287,35.53328,0
            139.52871,35.53329,0
            139.52934,35.5336,0
            139.53034,35.53412,0
            139.53081,35.53439,0
            139.53172,35.53497,0
            139.53189,35.53509,0
            139.53206,35.5352,0
            139.53248,35.5355,0
            139.5332,35.53605,0
            139.53329,35.53613,0
            139.53356,35.53635,0
            139.53427,35.53697,0
            139.53497,35.53765,0
            139.53543,35.53814,0
            139.53549,35.53821,0
            139.53555,35.53827,0
            139.53563,35.53837,0
            139.53577,35.53852,0
            139.53615,35.53898,0
            139.53626,35.5391,0
            139.53662,35.53957,0
            139.53684,35.53984,0
            139.53694,35.53998,0
            139.53699,35.54004,0
            139.53704,35.54011,0
            139.53708,35.54018,0
            139.53718,35.5403,0
            139.53744,35.54065,0
            139.53759,35.54083,0
            139.53762,35.54088,0
            139.53794,35.5413,0
            139.53817,35.54162,0
            139.53838,35.54189,0
            139.53839,35.54191,0
            139.53845,35.54198,0
            139.53846,35.542,0
            139.53865,35.54224,0
            139.53874,35.54234,0
            139.53882,35.54245,0
            139.53883,35.54247,0
            139.53885,35.54248,0
            139.53888,35.54254,0
            139.53895,35.54261,0
            139.53907,35.54276,0
            139.53915,35.54287,0
            139.53916,35.54289,0
            139.53981,35.54366,0
            139.54024,35.54414,0
            139.54034,35.54424,0
            139.54036,35.54427,0
            139.54076,35.54469,0
            139.5411,35.54503,0
            139.54114,35.54508,0
            139.54124,35.54517,0
            139.5417,35.54563,0
            139.54178,35.5457,0
            139.54188,35.5458,0
            139.54193,35.54583,0
            139.54202,35.54592,0
            139.54208,35.54599,0
            139.54254,35.54641,0
            139.54257,35.54643,0
            139.54271,35.54657,0
            139.54285,35.54669,0
            139.54333,35.54713,0
            139.54337,35.54718,0
            139.54386,35.54762,0
            139.54517,35.54887,0
            139.54518,35.54889,0
            139.54527,35.54897,0
            139.54554,35.54924,0
            139.54635,35.5501,0
            139.54706,35.55093,0
            139.54754,35.55154,0
            139.54765,35.5517,0
            139.54777,35.55185,0
            139.54799,35.55216,0
            139.548,35.55217,0
            139.54841,35.55276,0
            139.54913,35.55387,0
            139.54925,35.55404,0
            139.54934,35.55419,0
            139.55038,35.5558,0
            139.55071,35.55628,0
            139.55073,35.55632,0
            139.55077,35.55637,0
            139.551,35.55671,0
            139.55107,35.5568,0
            139.55109,35.55683,0
            139.55114,35.55689,0
            139.55135,35.55719,0
            139.55142,35.5573,0
            139.55143,35.55731,0
            139.55181,35.55781,0
            139.55206,35.55811,0
            139.5521,35.55817,0
            139.55231,35.55842,0
            139.55244,35.55856,0
            139.5526,35.55875,0
            139.55263,35.55878,0
            139.55268,35.55884,0
            139.55278,35.55894,0
            139.55304,35.55923,0
            139.55361,35.5598,0
            139.55412,35.56027,0
            139.55442,35.56053,0
            139.55445,35.56056,0
            139.55516,35.56116,0
            139.55577,35.56165,0
            139.55579,35.56167,0
            139.55591,35.56176,0
            139.55658,35.56231,0
            139.55706,35.56268,0
            139.55715,35.56276,0
            139.55765,35.56317,0
            139.55788,35.56337,0
            139.55791,35.56339,0
            139.558,35.56346,0
            139.55804,35.5635,0
            139.55846,35.56387,0
            139.55876,35.56415,0
            139.55918,35.56457,0
            139.55921,35.56459,0
            139.55954,35.56493,0
            139.56011,35.56556,0
            139.56028,35.56577,0
            139.56032,35.56581,0
            139.56068,35.56626,0
            139.56122,35.56699,0
            139.56155,35.56747,0
            139.56159,35.56754,0
            139.56162,35.56757,0
            139.56164,35.56761,0
            139.56174,35.56776,0
            139.56175,35.56779,0
            139.56176,35.56781,0
            139.56178,35.56782,0
            139.56179,35.56785,0
            139.56181,35.56789,0
            139.56183,35.56791,0
            139.56184,35.56793,0
            139.56191,35.56804,0
            139.56196,35.56814,0
            139.5622,35.56856,0
            139.56238,35.5689,0
            139.56282,35.56982,0
            139.56296,35.57014,0
            139.56306,35.57042,0
            139.56315,35.57063,0
            139.56329,35.57101,0
            139.56335,35.57121,0
            139.56337,35.57125,0
            139.56338,35.5713,0
            139.56348,35.57163,0
            139.56374,35.57258,0
            139.56375,35.57265,0
            139.56383,35.57302,0
            139.56385,35.57309,0
            139.56391,35.57341,0
            139.56391,35.57343,0
            139.56392,35.57346,0
            139.5641,35.57461,0
            139.56421,35.57549,0
            139.5644,35.57733,0
            139.56445,35.57772,0
            139.56446,35.57787,0
            139.56454,35.57857,0
            139.56463,35.5792,0
            139.56463,35.57921,0
            139.56467,35.57953,0
            139.56467,35.57955,0
            139.5647,35.57969,0
            139.56472,35.57982,0
            139.56472,35.57985,0
            139.56476,35.58009,0
            139.56478,35.58017,0
            139.56488,35.5807,0
            139.56495,35.58097,0
            139.56502,35.58129,0
            139.56506,35.58141,0
            139.56508,35.5815,0
            139.56508,35.58152,0
            139.56513,35.58168,0
            139.56517,35.58185,0
            139.5652,35.58192,0
            139.56524,35.58208,0
            139.56531,35.58231,0
            139.56534,35.58238,0
            139.56534,35.58239,0
            139.56545,35.58273,0
            139.56547,35.58278,0
            139.56549,35.58286,0
            139.56568,35.58337,0
            139.5661,35.58443,0
            139.56615,35.58457,0
            139.56621,35.58469,0
            139.56626,35.58481,0
            139.56626,35.58482,0
            139.56637,35.58509,0
            139.5665,35.58536,0
            139.56652,35.58541,0
            139.56684,35.58607,0
            139.56709,35.58655,0
            139.5671,35.58658,0
            139.56757,35.58742,0
            139.56761,35.5875,0
            139.56782,35.58785,0
            139.56798,35.58814,0
            139.56831,35.58865,0
            139.56876,35.58931,0
            139.56913,35.58981,0
            139.56915,35.58983,0
            139.56936,35.5901,0
            139.56938,35.59013,0
            139.56981,35.59068,0
            139.56989,35.59077,0
            139.57035,35.59133,0
            139.57121,35.59231,0
            139.57165,35.59277,0
            139.57177,35.59292,0
            139.57201,35.59319,0
            139.5726,35.59381,0
            139.57292,35.59413,0
            139.57351,35.59466,0
            139.57479,35.59567,0
            139.57543,35.59613,0
            139.57545,35.59615,0
            139.57553,35.59619,0
            139.5756,35.59624,0
            139.57564,35.59626,0
            139.57604,35.59656,0
            139.57693,35.59727,0
            139.57702,35.59733,0
            139.57707,35.59738,0
            139.5777,35.59789,0
            139.5783,35.59841,0
            139.57887,35.59893,0
            139.57902,35.59908,0
            139.5791,35.59915,0
            139.57968,35.59972,0
            139.58008,35.60015,0
            139.58022,35.60032,0
            139.5803,35.6004,0
            139.58037,35.60049,0
            139.58059,35.60073,0
            139.58063,35.60079,0
            139.58067,35.60083,0
            139.58113,35.60141,0
            139.58114,35.60142,0
            139.58116,35.60146,0
            139.58124,35.60156,0
            139.58152,35.60196,0
            139.58153,35.60198,0
            139.58159,35.60206,0
            139.58205,35.60274,0
            139.58207,35.60278,0
            139.58242,35.60333,0
            139.58304,35.60439,0
            139.58308,35.60447,0
            139.58318,35.60463,0
            139.5833,35.60484,0
            139.58334,35.60492,0
            139.5842,35.60644,0
            139.58425,35.60652,0
            139.58428,35.60658,0
            139.58444,35.60684,0
            139.58444,35.60685,0
            139.5847,35.60727,0
            139.58473,35.60733,0
            139.58477,35.60739,0
            139.58483,35.6075,0
            139.58484,35.6075,0
            139.58484,35.60751,0
            139.58493,35.60765,0
            139.585,35.60777,0
            139.58511,35.60793,0
            139.5852,35.60808,0
            139.58561,35.60869,0
            139.5861,35.60937,0
            139.5863,35.60961,0
            139.58635,35.60968,0
            139.58651,35.60987,0
            139.58661,35.61,0
            139.58697,35.61042,0
            139.58704,35.61051,0
            139.58708,35.61054,0
            139.58712,35.61059,0
            139.58722,35.6107,0
            139.58734,35.61082,0
            139.58759,35.61109,0
            139.58808,35.61157,0
            139.58813,35.61161,0
            139.58817,35.61166,0
            139.58823,35.61172,0
            139.58841,35.61187,0
            139.58846,35.61193,0
            139.58848,35.61194,0
            139.58854,35.61199,0
            139.58855,35.61201,0
            139.58865,35.61209,0
            139.58875,35.61218,0
            139.5888,35.61222,0
            139.58884,35.61226,0
            139.58902,35.61242,0
            139.58915,35.61252,0
            139.58922,35.61258,0
            139.58925,35.6126,0
            139.58975,35.61301,0
            139.5898,35.61304,0
            139.58999,35.61319,0
            139.59063,35.61366,0
            139.59073,35.61374,0
            139.59126,35.61412,0
            139.59149,35.6143,0
            139.59167,35.61442,0
            139.59205,35.61471,0
            139.59214,35.61477,0
            139.59217,35.6148,0
            139.59251,35.61506,0
            139.59252,35.61506,0
            139.59261,35.61514,0
            139.59288,35.61535,0
            139.59291,35.61538,0
            139.59295,35.6154,0
            139.59303,35.61547,0
            139.59341,35.61577,0
            139.59371,35.61602,0
            139.59379,35.61608,0
            139.59404,35.6163,0
            139.59413,35.61637,0
            139.59422,35.61645,0
            139.59431,35.61655,0
            139.5947,35.61694,0
            139.59547,35.61778,0
            139.59575,35.6181,0
            139.59595,35.61835,0
            139.59685,35.61955,0
            139.59721,35.62009,0
            139.59728,35.62021,0
            139.59735,35.62031,0
            139.59743,35.62046,0
            139.5975,35.62056,0
            139.59758,35.62066,0
            139.59831,35.62182,0
            139.59842,35.62198,0
            139.59904,35.62278,0
            139.59915,35.62291,0
            139.59945,35.62322,0
            139.59953,35.62329,0
            139.5996,35.62336,0
            139.59966,35.62341,0
            139.5997,35.62345,0
            139.60008,35.62378,0
            139.60016,35.62384,0
            139.6003,35.62397,0
            139.6005,35.62412,0
            139.60103,35.62446,0
            139.60145,35.6247,0
            139.60157,35.62478,0
            139.6017,35.62485,0
            139.60177,35.62488,0
            139.60239,35.62518,0
            139.60274,35.62533,0
            139.60311,35.62547,0
            139.6033,35.62555,0
            139.60378,35.62569,0
            139.60412,35.6258,0
            139.60532,35.62606,0
            139.60648,35.62625,0
            139.60732,35.62644,0
            139.6079,35.62661,0
            139.60832,35.62676,0
            139.60873,35.62692,0
            139.60884,35.62697,0
            139.60889,35.62698,0
            139.60907,35.62707,0
            139.60937,35.6272,0
            139.60977,35.6274,0
            139.60986,35.62745,0
            139.60992,35.62747,0
            139.60997,35.6275,0
            139.61052,35.62774,0
            139.61057,35.62777,0
            139.61078,35.62785,0
            139.61093,35.62792,0
            139.61113,35.62799,0
            139.61125,35.62804,0
            139.61187,35.62825,0
            139.61232,35.62837,0
            139.61234,35.62838,0
            139.61287,35.62849,0
            139.61342,35.62858,0
            139.61372,35.62862,0
            139.61403,35.62865,0
            139.61454,35.62868,0
            139.61506,35.62868,0
            139.61569,35.62866,0
            139.61609,35.62863,0
            139.61811,35.62839,0
            139.61873,35.62829,0
            139.61894,35.62827,0
            139.61929,35.62822,0
            139.61931,35.62822,0
            139.62046,35.62808,0
            139.62048,35.62808,0
            139.62053,35.62807,0
            139.62058,35.62807,0
            139.62062,35.62806,0
            139.62067,35.62806,0
            139.62095,35.62802,0
            139.62123,35.62799,0
            139.6214,35.62798,0
            139.62146,35.62797,0
            139.62151,35.62797,0
            139.62163,35.62795,0
            139.62185,35.62793,0
            139.62202,35.6279,0
            139.62279,35.62781,0
            139.62291,35.62779,0
            139.62488,35.62755,0
            139.6251,35.62753,0
            139.62531,35.6275,0
            139.62619,35.6274,0
            139.6263,35.62738,0
            139.62667,35.62734,0
            139.62831,35.62709,0
            139.62837,35.62707,0
            139.62851,35.62705,0
            139.62908,35.62692,0
            139.62991,35.62668,0
            139.62995,35.62668,0
            139.63004,35.62665,0
            139.63026,35.6266,0
            139.63035,35.62657,0
            139.63044,35.62655,0
            139.63063,35.62648,0
            139.63064,35.62647,0
            139.63082,35.62641,0
            139.63099,35.62634,0
            139.63101,35.62634,0
            139.63111,35.6263,0
            139.63116,35.62627,0
            139.63132,35.62621,0
            139.63147,35.62614,0
            139.63152,35.62611,0
            139.63156,35.62608,0
            139.6317,35.62601,0
            139.63185,35.62595,0
            139.63203,35.62586,0
            139.63209,35.62584,0
            139.63221,35.62578,0
            139.63227,35.62576,0
            139.63307,35.62544,0
            139.6331,35.62542,0
            139.63324,35.62536,0
            139.6333,35.62534,0
            139.63344,35.62528,0
            139.63406,35.62504,0
            139.6341,35.62502,0
            139.63488,35.6247,0
            139.63516,35.6246,0
            139.6353,35.62454,0
            139.63556,35.62445,0
            139.6357,35.62441,0
            139.63585,35.62436,0
            139.63587,35.62436,0
            139.63602,35.62432,0
            139.63625,35.62427,0
            139.63629,35.62427,0
            139.63654,35.62423,0
            139.63664,35.62422,0
            139.63675,35.62422,0
            139.63684,35.62421,0
            139.637,35.62421,0
            139.63723,35.62422,0
            139.63741,35.62424,0
            139.63781,35.6243,0
            139.63781,35.62431,0
            139.63788,35.62432,0
            139.63817,35.62441,0
            139.63832,35.62445,0
            139.63879,35.62464,0
            139.63907,35.62477,0
            139.6391,35.62478,0
            139.64038,35.62537,0
            139.64044,35.62539,0
            139.64065,35.62549,0
            139.64077,35.62554,0
            139.64087,35.62559,0
            139.64092,35.62561,0
            139.64103,35.62567,0
            139.64115,35.62572,0
            139.64134,35.62581,0
            139.64144,35.62585,0
            139.64167,35.62596,0
            139.64313,35.62658,0
            139.64314,35.62659,0
            139.64368,35.62681,0
            139.64376,35.62685,0
            139.6439,35.6269,0
            139.64427,35.62705,0
            139.64444,35.62713,0
            139.64486,35.6273,0
            139.64499,35.62736,0
            139.64631,35.62789,0
            139.64638,35.62791,0
            139.64658,35.62799,0
            139.64685,35.62808,0
            139.64689,35.6281,0
            139.64696,35.62812,0
            139.65031,35.62926,0
            139.65035,35.62927,0
            139.65038,35.62929,0
            139.65046,35.62931,0
            139.65066,35.62938,0
            139.6507,35.62939,0
            139.65086,35.62945,0
            139.65168,35.62972,0
            139.65198,35.62983,0
            139.65245,35.62998,0
            139.65305,35.63019,0
            139.65377,35.6304,0
            139.65379,35.63041,0
            139.6538,35.63041,0
            139.65442,35.63057,0
            139.65448,35.63059,0
            139.65774,35.6314,0
            139.658,35.63149,0
            139.65818,35.63156,0
            139.6585,35.63171,0
            139.65855,35.63174,0
            139.6586,35.63176,0
            139.65956,35.63231,0
            139.65973,35.6324,0
            139.66115,35.63322,0
            139.66121,35.63325,0
            139.66156,35.63346,0
            139.66177,35.63357,0
            139.66212,35.63378,0
            139.66346,35.63471,0
            139.66363,35.63484,0
            139.66471,35.6356,0
            139.66473,35.63562,0
            139.66497,35.63581,0
            139.66527,35.63608,0
            139.66533,35.63615,0
            139.66542,35.63624,0
            139.6656,35.63645,0
            139.66563,35.63648,0
            139.66572,35.63659,0
            139.666,35.63697,0
            139.66601,35.63698,0
            139.66635,35.63745,0
            139.66646,35.63759,0
            139.66657,35.63775,0
            139.66658,35.63776,0
            139.6668,35.63806,0
            139.66681,35.63808,0
            139.66691,35.63821,0
            139.66702,35.63837,0
            139.66714,35.63852,0
            139.66715,35.63854,0
            139.66725,35.63868,0
            139.66733,35.63878,0
            139.66735,35.63882,0
            139.66772,35.63932,0
            139.66773,35.63933,0
            139.66806,35.63978,0
            139.66809,35.63983,0
            139.66828,35.64008,0
            139.66846,35.64034,0
            139.66861,35.64053,0
            139.66867,35.64062,0
            139.66892,35.64096,0
            139.66895,35.64099,0
            139.66903,35.64111,0
            139.66937,35.64157,0
            139.66948,35.64173,0
            139.66957,35.64185,0
            139.6696,35.64188,0
            139.66985,35.64223,0
            139.66998,35.6424,0
            139.67036,35.64282,0
            139.67036,35.64283,0
            139.6705,35.64297,0
            139.67069,35.64318,0
            139.67077,35.64326,0
            139.67092,35.64339,0
            139.67097,35.64344,0
            139.67105,35.64349,0
            139.67112,35.64355,0
            139.67121,35.64361,0
            139.67148,35.64375,0
            139.67156,35.64378,0
            139.6716,35.6438,0
            139.67165,35.64383,0
            139.67171,35.64385,0
            139.67222,35.64405,0
            139.67243,35.64414,0
            139.6728,35.64433,0
            139.67294,35.64441,0
            139.67298,35.64444,0
            139.67301,35.64445,0
            139.67315,35.64454,0
            139.67316,35.64455,0
            139.67332,35.64466,0
            139.67337,35.64469,0
            139.67341,35.64471,0
            139.67358,35.64483,0
            139.674,35.64509,0
            139.6741,35.64516,0
            139.67421,35.64522,0
            139.67428,35.64527,0
            139.67443,35.64535,0
            139.67463,35.64547,0
            139.67552,35.64597,0
            139.67574,35.64608,0
            139.67607,35.64626,0
            139.6761,35.64628,0
            139.6767,35.6466,0
            139.67716,35.64686,0
            139.67718,35.64686,0
            139.67742,35.647,0
            139.67753,35.64705,0
            139.67756,35.64706,0
            139.67763,35.64709,0
            139.67786,35.64721,0
            139.67793,35.64724,0
            139.6781,35.64733,0
            139.67811,35.64733,0
            139.68,35.64836,0
            139.68009,35.64842,0
            139.68036,35.64855,0
            139.68053,35.64864,0
            139.68056,35.64866,0
            139.68116,35.64898,0
            139.68131,35.64905,0
            139.68143,35.64912,0
            139.68199,35.64941,0
            139.68204,35.64944,0
            139.68219,35.64951,0
            139.6824,35.64963,0
            139.6826,35.64973,0
            139.68272,35.6498,0
            139.68285,35.64986,0
            139.68295,35.64992,0
            139.683,35.64994,0
            139.68348,35.65019,0
            139.6836,35.65026,0
            139.68385,35.65039,0
            139.68386,35.65039,0
            139.68387,35.6504,0
            139.68399,35.65046,0
            139.68404,35.65049,0
            139.68408,35.65051,0
            139.68413,35.65054,0
            139.68414,35.65055,0
            139.68417,35.65056,0
            139.68421,35.65058,0
            139.68424,35.6506,0
            139.68559,35.6513,0
            139.68564,35.65133,0
            139.6861,35.65157,0
            139.68644,35.65173,0
            139.68671,35.65184,0
            139.68674,35.65186,0
            139.68707,35.65198,0
            139.68713,35.65201,0
            139.68733,35.65208,0
            139.68735,35.65208,0
            139.68754,35.65215,0
            139.68755,35.65215,0
            139.68771,35.6522,0
            139.68773,35.6522,0
            139.68792,35.65227,0
            139.68922,35.65269,0
            139.68932,35.65273,0
            139.68957,35.6528,0
            139.68961,35.65282,0
            139.68978,35.65287,0
            139.68998,35.65294,0
            139.69015,35.65299,0
            139.6902,35.65301,0
            139.69035,35.65305,0
            139.69083,35.6532,0
            139.69175,35.65346,0
            139.692,35.65354,0
            139.69204,35.65354,0
            139.69214,35.65357,0
            139.69225,35.65361,0
            139.69235,35.65363,0
            139.69245,35.65367,0
            139.69273,35.65376,0
            139.69297,35.65386,0
            139.69315,35.65395,0
            139.69343,35.65412,0
            139.6936,35.65425,0
            139.69373,35.65436,0
            139.69381,35.65444,0
            139.69386,35.6545,0
            139.69388,35.65452,0
            139.6941,35.65479,0
            139.69412,35.65481,0
            139.69421,35.65494,0
            139.69434,35.65509,0
            139.69436,35.65512,0
            139.69439,35.65515,0
            139.69445,35.65522,0
            139.69459,35.65536,0
            139.69475,35.6555,0
            139.69492,35.6556,0
            139.69496,35.65563,0
            139.69504,35.65567,0
            139.69507,35.65569,0
            139.6951,35.6557,0
            139.69518,35.65574,0
            139.69528,35.65578,0
            139.69532,35.6558,0
            139.69569,35.65591,0
            139.69598,35.65597,0
            139.69599,35.65598,0
            139.69654,35.65608,0
            139.69664,35.65611,0
            139.69726,35.65624,0
            139.69784,35.65639,0
            139.69814,35.65648,0
            139.69839,35.65657,0
            139.69882,35.6567,0
            139.69895,35.65675,0
            139.70008,35.6571,0
            139.70049,35.65724,0
            139.7005,35.65724,0
            139.7006,35.65728,0
            139.70072,35.65731,0
            139.70079,35.65734,0
            139.70081,35.65734,0
            139.70084,35.65735,0
            139.70088,35.65737,0
            139.70108,35.65743,0
            139.7012,35.65748,0
            139.70174,35.65767,0
            139.70208,35.65778,0
            139.7021,35.65779,0
            139.70228,35.65786,0
            139.70248,35.65792,0
            139.70256,35.65795,0
            139.70291,35.65804,0
            139.70293,35.65805,0
            139.70301,35.65807,0
            139.70311,35.65808,0
            139.7032,35.6581,0
            139.70323,35.6581,0
            139.70326,35.65811,0
            139.70328,35.65811,0
            139.70337,35.65812,0
            139.7034,35.65812,0
            139.70371,35.65816,0
            139.70376,35.65816,0
            139.70447,35.65822,0
            139.70454,35.65822,0
            139.70496,35.65825,0
            139.70512,35.65825,0
            139.70565,35.65828,0
            139.70584,35.65828,0
            139.70612,35.6583,0
            139.70627,35.6583,0
            139.70827,35.6584,0
            139.70834,35.6584,0
            139.70866,35.65842,0
            139.70873,35.65843,0
            139.70877,35.65843,0
            139.71443,35.65898,0
            139.71461,35.65899,0
            139.71478,35.65901,0
            139.71515,35.65904,0
            139.71538,35.65907,0
            139.71546,35.65907,0
            139.71591,35.65912,0
            139.71597,35.65912,0
            139.71615,35.65914,0
            139.71619,35.65914,0
            139.71644,35.65917,0
            139.71662,35.65918,0
            139.71707,35.65923,0
            139.71948,35.65944,0
            139.71965,35.65946,0
            139.71993,35.65947,0
            139.72145,35.65957,0
            139.72264,35.65967,0
            139.72271,35.65967,0
            139.72282,35.65969,0
            139.72285,35.65969,0
            139.72289,35.6597,0
            139.72293,35.6597,0
            139.72301,35.65972,0
            139.72327,35.65976,0
            139.72328,35.65977,0
            139.72348,35.6598,0
            139.72371,35.65985,0
            139.72395,35.65989,0
            139.72429,35.65997,0
            139.72482,35.66013,0
            139.72493,35.66017,0
            139.72495,35.66018,0
            139.72496,35.66018,0
            139.72523,35.66028,0
            139.72621,35.6606,0
            139.72625,35.66062,0
            139.72648,35.6607,0
            139.72649,35.6607,0
            139.72742,35.66103,0
            139.72801,35.66126,0
            139.72817,35.66133,0
            139.72827,35.66138,0
            139.72832,35.6614,0
            139.72866,35.66156,0
            139.72953,35.662,0
            139.73108,35.66273,0
            139.73123,35.66279,0
            139.73161,35.66297,0
            139.73178,35.66304,0
            139.73195,35.66312,0
            139.73206,35.66318,0
            139.73218,35.66323,0
            139.73302,35.66365,0
            139.73313,35.6637,0
            139.73331,35.6638,0
            139.7334,35.66384,0
            139.73378,35.66403,0
            139.73392,35.66411,0
            139.73462,35.66447,0
            139.73465,35.66448,0
            139.73467,35.6645,0
            139.73501,35.66467,0
            139.73504,35.66469,0
            139.73511,35.66472,0
            139.73531,35.66483,0
            139.73587,35.66511,0
            139.73669,35.66555,0
            139.73712,35.6658,0
            139.73751,35.66606,0
            139.73757,35.66611,0
            139.73765,35.66616,0
            139.7377,35.6662,0
            139.73773,35.66622,0
            139.73777,35.66624,0
            139.73807,35.66644,0
            139.73809,35.66646,0
            139.73838,35.66665,0
            139.73843,35.66669,0
            139.73866,35.66685,0
            139.73867,35.66686,0
            139.73893,35.66705,0
            139.73899,35.6671,0
            139.73935,35.66743,0
            139.73948,35.66756,0
            139.73961,35.66771,0
            139.74002,35.66815,0
            139.74013,35.66828,0
            139.74052,35.66871,0
            139.74078,35.66897,0
            139.74088,35.66909,0
            139.74123,35.66947,0
            139.74136,35.66959,0
            139.74157,35.6698,0
            139.74169,35.6699,0
            139.74206,35.67026,0
            139.74215,35.67034,0
            139.74234,35.67053,0
            139.7424,35.67058,0
            139.74247,35.67065,0
            139.74252,35.67069,0
            139.74273,35.6709,0
            139.74313,35.67127,0
            139.74327,35.67139,0
            139.7433,35.67142,0
            139.74341,35.67151,0
            139.74348,35.67156,0
            139.7435,35.67157,0
            139.74352,35.67159,0
            139.74371,35.67169,0
            139.74371,35.6717,0
            139.74383,35.67175,0
            139.74389,35.67177,0
            139.74396,35.6718,0
            139.74417,35.67186,0
            139.74435,35.6719,0
            139.74442,35.67191,0
            139.74448,35.67193,0
            139.74489,35.67203,0
            139.74499,35.67205,0
            139.74504,35.67207,0
            139.74525,35.67214,0
            139.74544,35.67219,0
            139.74556,35.67216,0
            139.74557,35.67216,0
            139.74569,35.67219,0
            139.7459,35.67226,0
            139.74615,35.67237,0
            139.74627,35.67244,0
            139.74631,35.67247,0
            139.74632,35.67247,0
            139.74648,35.67259,0
            139.7465,35.6726,0
            139.74661,35.67269,0
            139.74679,35.67286,0
            139.74691,35.67299,0
            139.74734,35.67341,0
            139.74749,35.67357,0
            139.7475,35.67357,0
            139.74751,35.67369,0
            139.74768,35.67389,0
            139.74789,35.67419,0
            139.74825,35.67481,0
            139.74826,35.67481,0
            139.74835,35.67497,0
            139.74836,35.67497,0
            139.74853,35.67524,0
            139.74858,35.67531,0
            139.74859,35.67533,0
            139.74859,35.67534,0
            139.74875,35.67558,0
            139.74877,35.67562,0
            139.74889,35.67577,0
            139.74919,35.67619,0
            139.74921,35.67623,0
            139.74975,35.67708,0
            139.74986,35.67713,0
            139.74989,35.67714,0
            139.74993,35.67716,0
            139.74996,35.67718,0
            139.74998,35.67718,0
            139.75,35.67719,0
            139.75004,35.6772,0
            139.7501,35.67722,0
            139.75016,35.67723,0
            139.75022,35.67725,0
            139.75028,35.67726,0
            139.75041,35.67729,0
            139.75073,35.67727,0
            139.75087,35.67727,0
            139.75109,35.67729,0
            139.75114,35.67729,0
            139.75117,35.6773,0
            139.75158,35.67737,0
            139.75193,35.67748,0
            139.75202,35.6775,0
            139.75261,35.67769,0
            139.75269,35.67771,0
            139.75281,35.67775,0
            139.75296,35.67778,0
            139.75302,35.6778,0
            139.75318,35.67782,0
            139.7534,35.67782,0
            139.75349,35.67781,0
            139.75388,35.67766,0
            139.75574,35.67685,0
            139.75585,35.67679,0
            139.75745,35.67613,0
            139.75746,35.67613,0
            139.75776,35.67601,0
            139.75789,35.67595,0
            139.75801,35.67591,0
            139.75809,35.67587,0
            139.75827,35.6758,0
            139.75871,35.67561,0
            139.75879,35.67562,0
            139.75886,35.67561,0
            139.759,35.67557,0
            139.75958,35.67537,0
            139.75975,35.67537,0
            139.75977,35.67539,0
            139.7598,35.67543,0
            139.75983,35.67548,0
            139.75997,35.67586,0
            139.76004,35.67603,0
            139.76043,35.67718,0
            139.76045,35.67722,0
            139.7607,35.67796,0
            139.76072,35.678,0
            139.76077,35.67817,0
            139.76092,35.6786,0
            139.76166,35.67845,0
            139.76228,35.67831,0
            139.76238,35.67828,0
            139.76277,35.6782,0
            139.76346,35.67804,0
            139.76357,35.67839,0
            139.7636,35.67847,0
            139.76366,35.67868,0
            139.76375,35.67895,0
            139.76378,35.67906,0
            139.76386,35.6793,0
            139.76387,35.67931,0
            139.76391,35.67941,0
            139.76396,35.67959,0
            139.76399,35.67965,0
            139.76408,35.67994,0
            139.7641,35.68002,0
            139.76412,35.68006,0
            139.76413,35.68012,0
            139.76422,35.68037,0
            139.76425,35.68048,0
            139.76437,35.68045,0
            139.76494,35.68033,0
            139.76497,35.68042,0
            139.765,35.68049,0
            139.765,35.68053,0
            139.76497,35.68059,0
            139.76488,35.68071,0
            139.76479,35.68087,0
            139.76475,35.68093,0
            139.76474,35.68097,0
            139.76474,35.68103,0
            139.76479,35.68115,0
            139.76481,35.68118,0
            139.76483,35.68119,0
            139.76484,35.6812,0
            139.76485,35.6812,0
            139.76487,35.68119,0
            139.765,35.68117,0
            139.76505,35.68115,0
            139.76506,35.68115,0
            139.76512,35.68113,0
            139.76521,35.68113,0
            139.76529,35.68112,0
            139.76538,35.6811,0
            139.7654,35.6811,0
            139.76551,35.68108,0
            139.76554,35.68107,0
            139.76556,35.68105,0
          </coordinates>
        </LineString>
      </Placemark>
      <Placemark>
        <name>日本京都府京都市下京区 Higashishiokōji Kamadonochō, 京都站</name>
        <styleUrl>#icon-1899-DB4436-nodesc</styleUrl>
        <Point>
          <coordinates>
            135.7596687,34.9865105,0
          </coordinates>
        </Point>
      </Placemark>
      <Placemark>
        <name>东京站</name>
        <styleUrl>#icon-1899-DB4436-nodesc</styleUrl>
        <Point>
          <coordinates>
            139.7655636,35.6810502,0
          </coordinates>
        </Point>
      </Placemark>
    </Folder>
    <Folder>
      <name>从Minn 奥浅草 (Minn Oku Asakusa)到镰仓市的路线</name>
      <Placemark>
        <name>从Minn 奥浅草 (Minn Oku Asakusa)到镰仓市的路线</name>
        <styleUrl>#line-1267FF-5000-nodesc</styleUrl>
        <LineString>
          <tessellate>1</tessellate>
          <coordinates>
            139.79654,35.71743,0
            139.79623,35.71653,0
            139.79622,35.71647,0
            139.79621,35.71644,0
            139.79621,35.7164,0
            139.79489,35.71674,0
            139.79483,35.71675,0
            139.79384,35.717,0
            139.79378,35.71702,0
            139.79328,35.71715,0
            139.79299,35.71724,0
            139.79276,35.71724,0
            139.79058,35.7178,0
            139.78989,35.71795,0
            139.78932,35.7181,0
            139.78921,35.71814,0
            139.7866,35.71895,0
            139.7852,35.71941,0
            139.78506,35.71944,0
            139.78467,35.71956,0
            139.78463,35.71958,0
            139.78391,35.71981,0
            139.78374,35.71958,0
            139.78369,35.71954,0
            139.78367,35.71953,0
            139.78362,35.71948,0
            139.78333,35.7191,0
            139.78322,35.71897,0
            139.78311,35.71882,0
            139.78259,35.71818,0
            139.78252,35.71808,0
            139.78244,35.71798,0
            139.78239,35.71793,0
            139.78235,35.71787,0
            139.78227,35.71777,0
            139.78224,35.71774,0
            139.78164,35.71699,0
            139.7808,35.71589,0
            139.78,35.71478,0
            139.77992,35.71465,0
            139.77942,35.71394,0
            139.77937,35.71388,0
            139.77934,35.71382,0
            139.77926,35.71371,0
            139.7792,35.71364,0
            139.7787,35.71293,0
            139.7787,35.71292,0
            139.77843,35.71256,0
            139.77835,35.71247,0
            139.77833,35.71244,0
            139.77832,35.71244,0
            139.77825,35.71237,0
            139.77808,35.71224,0
            139.77799,35.71218,0
            139.77797,35.71216,0
            139.77787,35.71211,0
            139.77726,35.71174,0
            139.77712,35.71163,0
            139.77694,35.71145,0
            139.77684,35.71131,0
            139.7768,35.71124,0
            139.77678,35.71122,0
            139.77672,35.7111,0
            139.77672,35.71108,0
            139.7767,35.71103,0
            139.77669,35.71099,0
            139.77667,35.71094,0
            139.77667,35.71093,0
            139.77664,35.71076,0
            139.77664,35.71072,0
            139.77663,35.71068,0
            139.77663,35.71018,0
            139.77662,35.71007,0
            139.77662,35.70995,0
            139.77661,35.70993,0
            139.77661,35.70988,0
            139.7766,35.70979,0
            139.7766,35.70976,0
            139.77656,35.70947,0
            139.77649,35.70875,0
            139.77649,35.70869,0
            139.77644,35.70828,0
            139.77644,35.70825,0
            139.77636,35.70753,0
            139.77628,35.70705,0
            139.77628,35.70701,0
            139.77627,35.70697,0
            139.7762,35.70615,0
            139.77617,35.70592,0
            139.77617,35.70584,0
            139.77605,35.70475,0
            139.77605,35.70468,0
            139.77604,35.70464,0
            139.77604,35.7046,0
            139.77602,35.70445,0
            139.77601,35.70431,0
            139.77592,35.70356,0
            139.77591,35.70341,0
            139.7759,35.70337,0
            139.7759,35.70333,0
            139.77589,35.70329,0
            139.77589,35.70322,0
            139.77588,35.70319,0
            139.77588,35.70313,0
            139.77584,35.70282,0
            139.77584,35.70275,0
            139.77563,35.70094,0
            139.77563,35.70087,0
            139.77562,35.70077,0
            139.7756,35.70067,0
            139.7756,35.70046,0
            139.77559,35.7004,0
            139.77558,35.6996,0
            139.77557,35.69951,0
            139.77557,35.69908,0
            139.77556,35.69889,0
            139.77556,35.69839,0
            139.77555,35.69823,0
            139.77555,35.6977,0
            139.77554,35.69767,0
            139.77554,35.69723,0
            139.77553,35.69716,0
            139.77553,35.69699,0
            139.77551,35.69671,0
            139.77543,35.69606,0
            139.77542,35.69602,0
            139.77542,35.69596,0
            139.77533,35.69538,0
            139.77533,35.69531,0
            139.77531,35.69522,0
            139.77529,35.69499,0
            139.77529,35.69489,0
            139.7752,35.69409,0
            139.77517,35.69393,0
            139.77494,35.69228,0
            139.77494,35.69223,0
            139.77492,35.69208,0
            139.77491,35.69204,0
            139.77491,35.6918,0
            139.77492,35.69166,0
            139.77494,35.69154,0
            139.77502,35.69127,0
            139.77509,35.6911,0
            139.77514,35.691,0
            139.77518,35.69089,0
            139.77593,35.68912,0
            139.77594,35.68911,0
            139.77598,35.689,0
            139.77609,35.68878,0
            139.77634,35.68822,0
            139.77634,35.68821,0
            139.77652,35.68781,0
            139.77666,35.68741,0
            139.77671,35.68724,0
            139.77672,35.68719,0
            139.77673,35.68718,0
            139.77673,35.68714,0
            139.77674,35.68711,0
            139.77676,35.68702,0
            139.77678,35.68683,0
            139.77678,35.6868,0
            139.7768,35.68667,0
            139.77693,35.68521,0
            139.77696,35.68507,0
            139.777,35.68497,0
            139.77705,35.6849,0
            139.7771,35.68481,0
            139.77718,35.68474,0
            139.77733,35.68466,0
            139.77742,35.68463,0
            139.77791,35.6845,0
            139.77797,35.68449,0
            139.77813,35.68441,0
            139.77819,35.68437,0
            139.77824,35.68432,0
            139.77828,35.68427,0
            139.77835,35.6842,0
            139.77836,35.68418,0
            139.77837,35.68415,0
            139.77839,35.68412,0
            139.77839,35.6841,0
            139.77841,35.68406,0
            139.77842,35.68402,0
            139.77843,35.684,0
            139.77843,35.68394,0
            139.77844,35.68391,0
            139.77844,35.68384,0
            139.77843,35.68381,0
            139.77842,35.68379,0
            139.77842,35.68376,0
            139.77837,35.68369,0
            139.77835,35.68365,0
            139.7783,35.68358,0
            139.77829,35.68356,0
            139.77828,35.68353,0
            139.77822,35.68346,0
            139.7782,35.68341,0
            139.77818,35.68339,0
            139.77816,35.68336,0
            139.77814,35.68332,0
            139.77803,35.68316,0
            139.77795,35.683,0
            139.77791,35.68295,0
            139.77791,35.68293,0
            139.7778,35.68276,0
            139.77769,35.68256,0
            139.77759,35.6824,0
            139.77758,35.68239,0
            139.77749,35.68227,0
            139.77742,35.6821,0
            139.77691,35.68125,0
            139.77684,35.68115,0
            139.77587,35.67948,0
            139.77584,35.67945,0
            139.77575,35.67929,0
            139.77548,35.67887,0
            139.77543,35.67877,0
            139.7754,35.67873,0
            139.77501,35.6781,0
            139.7749,35.6779,0
            139.77444,35.67714,0
            139.77442,35.67707,0
            139.774,35.67639,0
            139.774,35.67638,0
            139.7735,35.67562,0
            139.77347,35.6756,0
            139.77346,35.6756,0
            139.77344,35.67558,0
            139.77337,35.67547,0
            139.77335,35.67543,0
            139.77331,35.67538,0
            139.77325,35.67527,0
            139.77316,35.67514,0
            139.77313,35.67508,0
            139.77312,35.67508,0
            139.77305,35.67496,0
            139.77295,35.67482,0
            139.77292,35.67476,0
            139.77278,35.67454,0
            139.77277,35.6745,0
            139.77275,35.67447,0
            139.77273,35.67443,0
            139.77273,35.67441,0
            139.77272,35.67438,0
            139.77271,35.6743,0
            139.77271,35.67417,0
            139.7727,35.67412,0
            139.77269,35.67364,0
            139.77268,35.67354,0
            139.77267,35.67349,0
            139.77265,35.67343,0
            139.7726,35.67318,0
            139.77253,35.67296,0
            139.77253,35.67295,0
            139.7723,35.67219,0
            139.77223,35.672,0
            139.7719,35.67134,0
            139.77171,35.67105,0
            139.77169,35.67103,0
            139.77164,35.67095,0
            139.77156,35.67086,0
            139.771,35.6703,0
            139.77078,35.67012,0
            139.77051,35.66992,0
            139.77049,35.6699,0
            139.77011,35.66961,0
            139.77006,35.66958,0
            139.76992,35.66945,0
            139.7683,35.66814,0
            139.76809,35.66795,0
            139.76808,35.66795,0
            139.76791,35.66778,0
            139.76777,35.66759,0
            139.76775,35.66754,0
            139.76773,35.66751,0
            139.7677,35.66741,0
            139.76769,35.66739,0
            139.76769,35.66736,0
            139.76768,35.66732,0
            139.76766,35.66716,0
            139.76765,35.66714,0
            139.76765,35.66709,0
            139.76762,35.66693,0
            139.7676,35.66687,0
            139.76753,35.66671,0
            139.76748,35.66665,0
            139.76746,35.66661,0
            139.76742,35.66657,0
            139.76741,35.66655,0
            139.7674,35.66655,0
            139.76733,35.66648,0
            139.76632,35.66569,0
            139.76626,35.66565,0
            139.76602,35.66546,0
            139.76599,35.66543,0
            139.76593,35.66539,0
            139.76568,35.66514,0
            139.76542,35.66482,0
            139.76529,35.66468,0
            139.76526,35.66464,0
            139.76516,35.66454,0
            139.76509,35.66445,0
            139.765,35.66437,0
            139.76499,35.66435,0
            139.76496,35.66432,0
            139.76477,35.66416,0
            139.76468,35.6641,0
            139.76461,35.66404,0
            139.76452,35.66398,0
            139.76444,35.66394,0
            139.76441,35.66392,0
            139.76438,35.66391,0
            139.76433,35.66388,0
            139.76432,35.66388,0
            139.76419,35.66382,0
            139.76415,35.66381,0
            139.7641,35.66379,0
            139.76407,35.66377,0
            139.76344,35.66354,0
            139.76329,35.66347,0
            139.76325,35.66346,0
            139.76319,35.66343,0
            139.76315,35.66342,0
            139.76285,35.66325,0
            139.76272,35.66316,0
            139.76266,35.66311,0
            139.76255,35.663,0
            139.76251,35.66297,0
            139.76243,35.66289,0
            139.7624,35.66285,0
            139.76219,35.66262,0
            139.76195,35.66231,0
            139.76183,35.66217,0
            139.76162,35.6619,0
            139.76158,35.66186,0
            139.76155,35.66181,0
            139.76129,35.6615,0
            139.76124,35.66145,0
            139.76113,35.6613,0
            139.76067,35.66074,0
            139.76063,35.66068,0
            139.75987,35.65974,0
            139.75984,35.65969,0
            139.7597,35.6595,0
            139.75967,35.65943,0
            139.75963,35.65929,0
            139.75961,35.65925,0
            139.7596,35.65922,0
            139.7596,35.65921,0
            139.75959,35.65918,0
            139.75959,35.65914,0
            139.75958,35.6591,0
            139.75958,35.65901,0
            139.75959,35.65898,0
            139.75959,35.65895,0
            139.75962,35.65883,0
            139.75964,35.65877,0
            139.75969,35.65866,0
            139.75972,35.65862,0
            139.75981,35.65847,0
            139.7601,35.65804,0
            139.76016,35.65788,0
            139.76018,35.65784,0
            139.76019,35.65781,0
            139.7602,35.65776,0
            139.7602,35.65773,0
            139.76022,35.65765,0
            139.76022,35.65759,0
            139.76023,35.65748,0
            139.76023,35.65697,0
            139.76022,35.6569,0
            139.76023,35.65679,0
            139.76023,35.65487,0
            139.76025,35.65387,0
            139.76027,35.6538,0
            139.7603,35.65333,0
            139.76029,35.65322,0
            139.76029,35.65313,0
            139.76027,35.65304,0
            139.76027,35.65299,0
            139.76026,35.65298,0
            139.76025,35.65289,0
            139.76019,35.65269,0
            139.76016,35.65261,0
            139.76002,35.6523,0
            139.75957,35.6514,0
            139.75953,35.65134,0
            139.75915,35.65058,0
            139.75914,35.65057,0
            139.75906,35.6504,0
            139.7588,35.64991,0
            139.75878,35.64986,0
            139.75867,35.64965,0
            139.7586,35.64948,0
            139.75856,35.64941,0
            139.75852,35.64932,0
            139.75836,35.64903,0
            139.75835,35.64899,0
            139.75819,35.64871,0
            139.75816,35.64864,0
            139.75759,35.64754,0
            139.75755,35.64745,0
            139.75725,35.64687,0
            139.7572,35.64679,0
            139.75696,35.6463,0
            139.75695,35.64629,0
            139.75654,35.64547,0
            139.75654,35.64546,0
            139.75548,35.64327,0
            139.75537,35.64301,0
            139.75533,35.64293,0
            139.75526,35.64276,0
            139.75513,35.64252,0
            139.75492,35.64209,0
            139.75486,35.64193,0
            139.75484,35.6419,0
            139.75476,35.64172,0
            139.7546,35.64143,0
            139.75459,35.6414,0
            139.75439,35.64107,0
            139.75335,35.63901,0
            139.75335,35.639,0
            139.75277,35.63787,0
            139.75275,35.63782,0
            139.75256,35.63747,0
            139.75254,35.63742,0
            139.75196,35.63629,0
            139.75194,35.63624,0
            139.75174,35.63586,0
            139.7517,35.63576,0
            139.75126,35.63499,0
            139.75122,35.63493,0
            139.7509,35.63429,0
            139.75078,35.63399,0
            139.75072,35.63378,0
            139.75069,35.63364,0
            139.75066,35.63342,0
            139.7506,35.63271,0
            139.75059,35.63265,0
            139.75052,35.63176,0
            139.7505,35.6316,0
            139.75049,35.6314,0
            139.75047,35.63124,0
            139.75045,35.63088,0
            139.75037,35.63002,0
            139.75037,35.62995,0
            139.75026,35.62869,0
            139.75024,35.62834,0
            139.75014,35.62725,0
            139.75014,35.62717,0
            139.75013,35.62709,0
            139.75013,35.62703,0
            139.75001,35.62567,0
            139.75001,35.62561,0
            139.75,35.62556,0
            139.75,35.62545,0
            139.74997,35.6252,0
            139.74992,35.62458,0
            139.74992,35.62449,0
            139.74991,35.62444,0
            139.74991,35.62439,0
            139.7499,35.62435,0
            139.7499,35.62403,0
            139.74994,35.62379,0
            139.74996,35.62374,0
            139.74998,35.62366,0
            139.75008,35.62345,0
            139.75015,35.62334,0
            139.75015,35.62333,0
            139.75019,35.62328,0
            139.75109,35.62191,0
            139.7511,35.62189,0
            139.75141,35.62141,0
            139.75154,35.62123,0
            139.75174,35.62088,0
            139.75181,35.62074,0
            139.75188,35.62054,0
            139.75196,35.6202,0
            139.75196,35.62017,0
            139.75197,35.62012,0
            139.75197,35.61973,0
            139.75198,35.61963,0
            139.75192,35.61912,0
            139.75189,35.6187,0
            139.75188,35.61867,0
            139.75182,35.61817,0
            139.75181,35.618,0
            139.75168,35.61712,0
            139.75167,35.6171,0
            139.75167,35.61705,0
            139.75165,35.61694,0
            139.75165,35.61688,0
            139.75162,35.61666,0
            139.75139,35.61416,0
            139.75139,35.61412,0
            139.75135,35.6138,0
            139.75103,35.61042,0
            139.75103,35.61035,0
            139.75085,35.60838,0
            139.75082,35.60816,0
            139.75081,35.60798,0
            139.75072,35.60714,0
            139.75072,35.60704,0
            139.7507,35.60695,0
            139.75069,35.60682,0
            139.75064,35.60655,0
            139.75059,35.60635,0
            139.75059,35.60633,0
            139.75053,35.60616,0
            139.75052,35.60611,0
            139.75044,35.60594,0
            139.75043,35.60591,0
            139.75039,35.60585,0
            139.75031,35.60568,0
            139.75027,35.60562,0
            139.75022,35.60553,0
            139.74989,35.60501,0
            139.74971,35.60476,0
            139.74923,35.60403,0
            139.74919,35.60396,0
            139.74889,35.60352,0
            139.74885,35.60347,0
            139.74882,35.60342,0
            139.74868,35.60323,0
            139.74858,35.60311,0
            139.74848,35.60301,0
            139.74841,35.60295,0
            139.74838,35.60291,0
            139.74837,35.60291,0
            139.74831,35.60285,0
            139.74809,35.60266,0
            139.74722,35.602,0
            139.74699,35.60181,0
            139.74474,35.60008,0
            139.74472,35.60007,0
            139.74431,35.59978,0
            139.74365,35.59939,0
            139.74345,35.59924,0
            139.74331,35.59912,0
            139.74315,35.59895,0
            139.74307,35.59883,0
            139.74307,35.59882,0
            139.74302,35.59876,0
            139.74296,35.59864,0
            139.74288,35.59845,0
            139.74278,35.5981,0
            139.74277,35.59803,0
            139.74276,35.59801,0
            139.74274,35.59794,0
            139.74273,35.59788,0
            139.7427,35.5978,0
            139.74222,35.59604,0
            139.74212,35.5958,0
            139.74156,35.5948,0
            139.74154,35.59475,0
            139.74153,35.59474,0
            139.74151,35.5947,0
            139.74148,35.59466,0
            139.74147,35.59463,0
            139.74145,35.59461,0
            139.74142,35.59454,0
            139.74104,35.59389,0
            139.741,35.59384,0
            139.74092,35.59371,0
            139.74047,35.59307,0
            139.74046,35.59306,0
            139.74002,35.59244,0
            139.74001,35.59243,0
            139.73995,35.59234,0
            139.73983,35.59219,0
            139.73973,35.59204,0
            139.7397,35.59201,0
            139.73944,35.59167,0
            139.73943,35.59165,0
            139.73931,35.5915,0
            139.7393,35.59148,0
            139.73918,35.59133,0
            139.73911,35.59123,0
            139.73907,35.59119,0
            139.73902,35.59111,0
            139.73896,35.59104,0
            139.73888,35.59092,0
            139.73872,35.59059,0
            139.73871,35.59053,0
            139.73869,35.59047,0
            139.73865,35.59023,0
            139.73865,35.59008,0
            139.73868,35.58984,0
            139.7387,35.58979,0
            139.73871,35.58973,0
            139.7388,35.5895,0
            139.7389,35.58934,0
            139.73892,35.5893,0
            139.73895,35.58927,0
            139.73897,35.58924,0
            139.73899,35.58922,0
            139.739,35.5892,0
            139.73906,35.58913,0
            139.73922,35.58897,0
            139.73969,35.58858,0
            139.73973,35.58854,0
            139.74056,35.58785,0
            139.74069,35.58773,0
            139.74135,35.58718,0
            139.74138,35.58715,0
            139.7421,35.58656,0
            139.74244,35.58623,0
            139.74269,35.58596,0
            139.7428,35.58582,0
            139.74282,35.5858,0
            139.74289,35.58571,0
            139.74294,35.58563,0
            139.74303,35.58551,0
            139.74319,35.58525,0
            139.74559,35.58061,0
            139.74563,35.58052,0
            139.74577,35.58026,0
            139.74578,35.58025,0
            139.74622,35.57939,0
            139.74626,35.5793,0
            139.74631,35.57922,0
            139.74723,35.5774,0
            139.74731,35.57726,0
            139.74754,35.5768,0
            139.74761,35.57668,0
            139.74771,35.57647,0
            139.74773,35.57644,0
            139.74808,35.57575,0
            139.74815,35.57563,0
            139.74832,35.5753,0
            139.74833,35.57527,0
            139.74854,35.57488,0
            139.74857,35.5748,0
            139.74874,35.57449,0
            139.74874,35.57447,0
            139.74881,35.57435,0
            139.74898,35.57401,0
            139.749,35.57395,0
            139.74915,35.57361,0
            139.74923,35.57335,0
            139.74929,35.57308,0
            139.74931,35.57291,0
            139.74932,35.57253,0
            139.74929,35.57222,0
            139.74926,35.57207,0
            139.74925,35.57197,0
            139.74919,35.57172,0
            139.74919,35.5717,0
            139.74892,35.57065,0
            139.74885,35.57033,0
            139.74884,35.5703,0
            139.74879,35.57006,0
            139.74879,35.57004,0
            139.74877,35.56996,0
            139.74876,35.56986,0
            139.74872,35.56964,0
            139.74872,35.56961,0
            139.7487,35.56941,0
            139.7487,35.56912,0
            139.74871,35.56904,0
            139.74871,35.56891,0
            139.74872,35.56887,0
            139.74875,35.5686,0
            139.74879,35.5684,0
            139.74893,35.56793,0
            139.74898,35.56779,0
            139.74923,35.5673,0
            139.74938,35.56705,0
            139.74961,35.56674,0
            139.7498,35.56652,0
            139.74987,35.56645,0
            139.74992,35.56639,0
            139.75015,35.56616,0
            139.75015,35.56615,0
            139.75042,35.56589,0
            139.75043,35.56587,0
            139.75079,35.56552,0
            139.75087,35.56543,0
            139.75102,35.56528,0
            139.75106,35.56523,0
            139.75133,35.56495,0
            139.75394,35.56201,0
            139.7541,35.5618,0
            139.75418,35.56167,0
            139.75423,35.5616,0
            139.75428,35.56151,0
            139.75439,35.56126,0
            139.75451,35.56092,0
            139.75453,35.56083,0
            139.75453,35.56081,0
            139.75454,35.56074,0
            139.75455,35.56072,0
            139.75455,35.56066,0
            139.75457,35.56055,0
            139.75457,35.56046,0
            139.75458,35.56041,0
            139.75458,35.56037,0
            139.75457,35.56031,0
            139.75457,35.5602,0
            139.75456,35.56004,0
            139.75451,35.55981,0
            139.75451,35.55979,0
            139.7543,35.55905,0
            139.75427,35.55897,0
            139.75426,35.55891,0
            139.75408,35.55831,0
            139.75396,35.558,0
            139.75387,35.5578,0
            139.75383,35.55774,0
            139.7538,35.55768,0
            139.75375,35.55763,0
            139.75374,35.55761,0
            139.75373,35.5576,0
            139.75368,35.55753,0
            139.75358,35.55743,0
            139.75341,35.55728,0
            139.75338,35.55726,0
            139.75337,35.55725,0
            139.75322,35.55715,0
            139.75289,35.55698,0
            139.75283,35.55696,0
            139.75277,35.55693,0
            139.75177,35.55652,0
            139.75167,35.55647,0
            139.75129,35.55632,0
            139.75126,35.5563,0
            139.7511,35.55624,0
            139.75106,35.55622,0
            139.74991,35.55575,0
            139.74988,35.55573,0
            139.74913,35.55542,0
            139.74809,35.55494,0
            139.74806,35.55492,0
            139.74723,35.55454,0
            139.74714,35.55449,0
            139.74709,35.55447,0
            139.74683,35.55431,0
            139.7467,35.5542,0
            139.74663,35.55413,0
            139.74653,35.554,0
            139.7465,35.55397,0
            139.74646,35.5539,0
            139.74645,35.55387,0
            139.74641,35.5538,0
            139.74635,35.55367,0
            139.74576,35.55211,0
            139.74576,35.5521,0
            139.7455,35.55142,0
            139.7455,35.55141,0
            139.7452,35.55064,0
            139.74499,35.55021,0
            139.74497,35.55016,0
            139.74482,35.54988,0
            139.74476,35.54975,0
            139.7447,35.54965,0
            139.74464,35.54952,0
            139.74447,35.5492,0
            139.74444,35.54913,0
            139.74432,35.5489,0
            139.74429,35.54886,0
            139.74403,35.5483,0
            139.744,35.54825,0
            139.74395,35.54814,0
            139.74383,35.54783,0
            139.74378,35.54766,0
            139.74376,35.54756,0
            139.74376,35.54752,0
            139.74375,35.54749,0
            139.74366,35.54705,0
            139.74366,35.54701,0
            139.74365,35.54697,0
            139.7436,35.54651,0
            139.74359,35.54647,0
            139.74359,35.54642,0
            139.74353,35.54587,0
            139.74352,35.54582,0
            139.74352,35.5458,0
            139.74346,35.54551,0
            139.74345,35.5454,0
            139.74338,35.54515,0
            139.74329,35.54477,0
            139.74315,35.54441,0
            139.74223,35.54244,0
            139.7422,35.5424,0
            139.74212,35.54223,0
            139.74188,35.54166,0
            139.74187,35.54165,0
            139.74163,35.54114,0
            139.74162,35.5411,0
            139.74159,35.54103,0
            139.74146,35.54057,0
            139.74144,35.54046,0
            139.74141,35.54017,0
            139.74141,35.5401,0
            139.74142,35.54004,0
            139.74142,35.53995,0
            139.74143,35.53986,0
            139.74144,35.53964,0
            139.74145,35.53957,0
            139.74145,35.53934,0
            139.74146,35.53934,0
            139.74147,35.53902,0
            139.74146,35.53897,0
            139.74146,35.53871,0
            139.74145,35.53866,0
            139.74145,35.5386,0
            139.74144,35.53852,0
            139.74144,35.53845,0
            139.74142,35.53835,0
            139.74141,35.53832,0
            139.7414,35.53814,0
            139.74141,35.53737,0
            139.74142,35.53722,0
            139.74142,35.53697,0
            139.74144,35.53669,0
            139.74144,35.53648,0
            139.74145,35.53638,0
            139.74151,35.53469,0
            139.74151,35.53443,0
            139.74148,35.53419,0
            139.74146,35.53412,0
            139.74144,35.53399,0
            139.74142,35.53392,0
            139.74132,35.53364,0
            139.74121,35.53341,0
            139.74108,35.5332,0
            139.74106,35.53316,0
            139.74057,35.53238,0
            139.74052,35.53229,0
            139.74051,35.53229,0
            139.7405,35.53228,0
            139.7402,35.5318,0
            139.7402,35.53179,0
            139.73882,35.52964,0
            139.73879,35.52957,0
            139.73868,35.52942,0
            139.73827,35.52877,0
            139.73825,35.52873,0
            139.73808,35.52847,0
            139.73805,35.52841,0
            139.73796,35.52828,0
            139.7379,35.52817,0
            139.73772,35.5279,0
            139.73767,35.52781,0
            139.73743,35.52743,0
            139.73711,35.52697,0
            139.73709,35.52693,0
            139.73676,35.52656,0
            139.73654,35.52634,0
            139.73604,35.52593,0
            139.73558,35.5256,0
            139.73535,35.52545,0
            139.73492,35.52514,0
            139.73491,35.52513,0
            139.73474,35.52502,0
            139.72768,35.52003,0
            139.72761,35.51997,0
            139.72574,35.51865,0
            139.72545,35.51842,0
            139.72545,35.51841,0
            139.72527,35.51826,0
            139.72491,35.51789,0
            139.72459,35.51752,0
            139.72262,35.5151,0
            139.72258,35.51504,0
            139.72232,35.51476,0
            139.72218,35.51464,0
            139.72211,35.51457,0
            139.72209,35.51456,0
            139.72203,35.51451,0
            139.72165,35.51426,0
            139.72156,35.51421,0
            139.72149,35.51418,0
            139.72142,35.51414,0
            139.72129,35.51408,0
            139.7212,35.51405,0
            139.72098,35.51396,0
            139.72,35.51364,0
            139.71992,35.51362,0
            139.71605,35.51231,0
            139.71597,35.51229,0
            139.71589,35.51225,0
            139.71461,35.51181,0
            139.71437,35.51171,0
            139.71425,35.51165,0
            139.71413,35.51158,0
            139.71401,35.51152,0
            139.71387,35.51143,0
            139.71372,35.51132,0
            139.71368,35.51128,0
            139.71362,35.51124,0
            139.71308,35.51077,0
            139.71307,35.51077,0
            139.71293,35.51065,0
            139.71292,35.51063,0
            139.7118,35.50966,0
            139.71165,35.50954,0
            139.71154,35.50947,0
            139.71145,35.5094,0
            139.71122,35.50925,0
            139.71094,35.5091,0
            139.71073,35.509,0
            139.7101,35.50873,0
            139.70998,35.50867,0
            139.70955,35.50849,0
            139.70937,35.5084,0
            139.70916,35.50831,0
            139.70909,35.50827,0
            139.709,35.50823,0
            139.70894,35.50819,0
            139.70891,35.50818,0
            139.70881,35.50812,0
            139.70876,35.5081,0
            139.70661,35.50677,0
            139.70654,35.50672,0
            139.7033,35.50471,0
            139.70323,35.50466,0
            139.7029,35.50447,0
            139.70284,35.50443,0
            139.70228,35.50415,0
            139.70148,35.50383,0
            139.70139,35.5038,0
            139.70118,35.50371,0
            139.70082,35.50353,0
            139.70052,35.50336,0
            139.69983,35.50289,0
            139.69977,35.50286,0
            139.69807,35.50171,0
            139.69771,35.50149,0
            139.69707,35.50117,0
            139.69706,35.50116,0
            139.69618,35.50077,0
            139.6961,35.50074,0
            139.695,35.50024,0
            139.69471,35.50012,0
            139.69174,35.49877,0
            139.6914,35.49863,0
            139.69115,35.49854,0
            139.69052,35.49836,0
            139.68952,35.49812,0
            139.68935,35.49809,0
            139.68729,35.49759,0
            139.68661,35.49739,0
            139.68616,35.49724,0
            139.68261,35.49594,0
            139.68254,35.49592,0
            139.68226,35.49581,0
            139.68222,35.4958,0
            139.68218,35.49578,0
            139.67545,35.4933,0
            139.6734,35.4925,0
            139.67335,35.49241,0
            139.67334,35.49241,0
            139.67297,35.49225,0
            139.67288,35.49222,0
            139.67282,35.49219,0
            139.67237,35.49202,0
            139.67224,35.49196,0
            139.67215,35.4919,0
            139.67201,35.49182,0
            139.67199,35.4918,0
            139.67193,35.49176,0
            139.67191,35.49175,0
            139.67175,35.49159,0
            139.6717,35.49152,0
            139.6717,35.49151,0
            139.67167,35.49148,0
            139.67161,35.49138,0
            139.67159,35.49132,0
            139.67156,35.49127,0
            139.67155,35.49122,0
            139.67153,35.49116,0
            139.67151,35.49105,0
            139.67151,35.49094,0
            139.67154,35.49079,0
            139.67159,35.49064,0
            139.67159,35.49063,0
            139.67165,35.49049,0
            139.67166,35.49048,0
            139.67166,35.49047,0
            139.67167,35.49045,0
            139.67167,35.49044,0
            139.67185,35.49015,0
            139.67206,35.48975,0
            139.67207,35.48974,0
            139.67219,35.48956,0
            139.67221,35.48952,0
            139.67231,35.48937,0
            139.67233,35.48933,0
            139.67299,35.48831,0
            139.67301,35.48827,0
            139.67318,35.48799,0
            139.67319,35.48799,0
            139.67328,35.48783,0
            139.67377,35.48704,0
            139.67499,35.48523,0
            139.67528,35.48476,0
            139.67555,35.48429,0
            139.67556,35.48428,0
            139.67563,35.48412,0
            139.67571,35.48387,0
            139.67574,35.48371,0
            139.67575,35.48359,0
            139.67575,35.48333,0
            139.67567,35.48269,0
            139.67565,35.4826,0
            139.67547,35.48145,0
            139.67545,35.48126,0
            139.67542,35.4811,0
            139.67542,35.48109,0
            139.67536,35.48073,0
            139.67536,35.48071,0
            139.67528,35.48021,0
            139.67528,35.48019,0
            139.67512,35.47914,0
            139.67511,35.47912,0
            139.675,35.47841,0
            139.67498,35.47823,0
            139.67495,35.47807,0
            139.67493,35.4777,0
            139.67493,35.47744,0
            139.6751,35.47482,0
            139.67513,35.47463,0
            139.6752,35.47402,0
            139.6753,35.47359,0
            139.67531,35.47357,0
            139.67537,35.47322,0
            139.67537,35.47321,0
            139.67541,35.47304,0
            139.67541,35.47303,0
            139.67544,35.47286,0
            139.67545,35.47285,0
            139.67548,35.47269,0
            139.67549,35.47268,0
            139.6755,35.47259,0
            139.67553,35.47251,0
            139.67553,35.4725,0
            139.67555,35.47242,0
            139.67558,35.47234,0
            139.67558,35.47233,0
            139.6757,35.47198,0
            139.67609,35.4711,0
            139.67612,35.47105,0
            139.67625,35.4707,0
            139.6763,35.47052,0
            139.67633,35.47044,0
            139.67634,35.47038,0
            139.67639,35.47018,0
            139.67642,35.47,0
            139.67643,35.46999,0
            139.67648,35.4697,0
            139.67661,35.46911,0
            139.67663,35.46904,0
            139.67663,35.46903,0
            139.67673,35.46853,0
            139.67674,35.46851,0
            139.67676,35.4684,0
            139.6768,35.46824,0
            139.6768,35.46823,0
            139.67688,35.46787,0
            139.67689,35.4678,0
            139.67692,35.4677,0
            139.67693,35.46762,0
            139.67696,35.46752,0
            139.67697,35.46744,0
            139.67707,35.46699,0
            139.67714,35.46673,0
            139.67736,35.46551,0
            139.6775,35.46485,0
            139.6775,35.46484,0
            139.67754,35.46468,0
            139.6776,35.46432,0
            139.67761,35.46431,0
            139.67773,35.4638,0
            139.67773,35.46377,0
            139.67778,35.46361,0
            139.67778,35.46359,0
            139.67783,35.46343,0
            139.67783,35.46341,0
            139.6779,35.46324,0
            139.67796,35.46306,0
            139.67803,35.4629,0
            139.67803,35.46289,0
            139.67821,35.46257,0
            139.67837,35.46234,0
            139.67855,35.46212,0
            139.67856,35.4621,0
            139.67861,35.46204,0
            139.67876,35.46189,0
            139.6788,35.46186,0
            139.67881,35.46186,0
            139.67883,35.46184,0
            139.67916,35.4616,0
            139.67917,35.46159,0
            139.67933,35.46147,0
            139.67968,35.46124,0
            139.68006,35.46103,0
            139.68063,35.46083,0
            139.681,35.46076,0
            139.68109,35.46075,0
            139.68114,35.46075,0
            139.68121,35.46076,0
            139.68132,35.46076,0
            139.68136,35.46077,0
            139.68152,35.46079,0
            139.68171,35.46085,0
            139.68194,35.46094,0
            139.68199,35.461,0
            139.6821,35.46107,0
            139.68225,35.46119,0
            139.68232,35.46126,0
            139.68244,35.46142,0
            139.68248,35.46149,0
            139.68253,35.46161,0
            139.68255,35.46169,0
            139.68255,35.46174,0
            139.68256,35.46178,0
            139.68256,35.46198,0
            139.68254,35.46209,0
            139.68252,35.46213,0
            139.68251,35.46217,0
            139.68247,35.46227,0
            139.68244,35.46233,0
            139.68242,35.46235,0
            139.68241,35.46238,0
            139.68233,35.4625,0
            139.68221,35.46262,0
            139.68211,35.4627,0
            139.68194,35.46281,0
            139.68181,35.46287,0
            139.68168,35.46291,0
            139.68163,35.46293,0
            139.68156,35.46295,0
            139.6813,35.46299,0
            139.68112,35.46299,0
            139.68105,35.46298,0
            139.68099,35.46298,0
            139.68086,35.46296,0
            139.6808,35.46294,0
            139.68074,35.46293,0
            139.68057,35.46287,0
            139.68044,35.46281,0
            139.68034,35.46275,0
            139.68026,35.46271,0
            139.6802,35.46266,0
            139.68013,35.46262,0
            139.68007,35.46256,0
            139.67963,35.46219,0
            139.67887,35.46142,0
            139.67856,35.46106,0
            139.67854,35.46106,0
            139.67844,35.46104,0
            139.67824,35.46079,0
            139.67811,35.46061,0
            139.67804,35.46053,0
            139.67757,35.45988,0
            139.67752,35.45983,0
            139.67751,35.45981,0
            139.67685,35.45885,0
            139.67665,35.45853,0
            139.67556,35.45689,0
            139.67555,35.45688,0
            139.67546,35.45673,0
            139.6752,35.45636,0
            139.67462,35.45547,0
            139.67462,35.45546,0
            139.67451,35.45531,0
            139.674,35.45452,0
            139.67399,35.45451,0
            139.67325,35.45342,0
            139.67325,35.45341,0
            139.67315,35.45326,0
            139.67315,35.45325,0
            139.67314,35.45325,0
            139.67305,35.4531,0
            139.67304,35.45309,0
            139.67297,35.45298,0
            139.67288,35.45286,0
            139.6716,35.45092,0
            139.67144,35.4507,0
            139.67142,35.45065,0
            139.67122,35.45034,0
            139.67121,35.45033,0
            139.67111,35.45019,0
            139.6709,35.44986,0
            139.67087,35.44982,0
            139.67085,35.44978,0
            139.67079,35.4497,0
            139.67028,35.44893,0
            139.67026,35.44889,0
            139.66935,35.4475,0
            139.66919,35.44728,0
            139.66826,35.44572,0
            139.66796,35.44516,0
            139.66784,35.44489,0
            139.66781,35.4448,0
            139.66765,35.4444,0
            139.6675,35.44391,0
            139.66739,35.44345,0
            139.66738,35.44343,0
            139.66732,35.44298,0
            139.66728,35.44249,0
            139.66727,35.44225,0
            139.66727,35.44163,0
            139.66733,35.44091,0
            139.66737,35.44057,0
            139.66752,35.43992,0
            139.66753,35.43991,0
            139.6676,35.43966,0
            139.66773,35.43932,0
            139.66775,35.43925,0
            139.66792,35.43884,0
            139.66822,35.43822,0
            139.66828,35.43808,0
            139.66874,35.43721,0
            139.66877,35.43714,0
            139.66898,35.43673,0
            139.669,35.4367,0
            139.669,35.43669,0
            139.66901,35.43668,0
            139.66907,35.43658,0
            139.66917,35.43637,0
            139.66918,35.43636,0
            139.66937,35.43592,0
            139.66951,35.43564,0
            139.66977,35.43497,0
            139.66977,35.43495,0
            139.6699,35.43458,0
            139.66993,35.43451,0
            139.67029,35.43329,0
            139.67043,35.4329,0
            139.67045,35.4328,0
            139.67054,35.43253,0
            139.67058,35.43237,0
            139.67063,35.43222,0
            139.67063,35.43219,0
            139.67072,35.4319,0
            139.67077,35.4317,0
            139.67078,35.43168,0
            139.6708,35.4316,0
            139.67085,35.43145,0
            139.67086,35.4314,0
            139.67088,35.43136,0
            139.67102,35.43081,0
            139.6712,35.43019,0
            139.67122,35.4301,0
            139.67128,35.4299,0
            139.67139,35.42937,0
            139.67144,35.4288,0
            139.67144,35.42845,0
            139.67143,35.42826,0
            139.6714,35.42805,0
            139.67139,35.42791,0
            139.67125,35.42706,0
            139.6712,35.42682,0
            139.67118,35.42668,0
            139.67117,35.42666,0
            139.6711,35.42614,0
            139.6711,35.42611,0
            139.67107,35.42593,0
            139.67099,35.42525,0
            139.67093,35.42448,0
            139.6709,35.42379,0
            139.67089,35.42372,0
            139.67087,35.42332,0
            139.67087,35.42317,0
            139.67086,35.42307,0
            139.67086,35.42289,0
            139.67081,35.42195,0
            139.67081,35.42183,0
            139.6708,35.42168,0
            139.6708,35.42154,0
            139.67075,35.42075,0
            139.67075,35.42062,0
            139.67067,35.41939,0
            139.67067,35.41891,0
            139.67066,35.4187,0
            139.67064,35.41855,0
            139.67064,35.41851,0
            139.67061,35.4183,0
            139.67053,35.41789,0
            139.67047,35.41765,0
            139.67039,35.41741,0
            139.67027,35.41712,0
            139.67027,35.41711,0
            139.66999,35.41659,0
            139.66976,35.41625,0
            139.66964,35.4161,0
            139.66915,35.41558,0
            139.66899,35.41544,0
            139.66881,35.41533,0
            139.66877,35.41531,0
            139.66835,35.415,0
            139.668,35.41478,0
            139.66754,35.41452,0
            139.6675,35.41451,0
            139.6668,35.41413,0
            139.66672,35.41408,0
            139.66519,35.41329,0
            139.66465,35.41304,0
            139.66462,35.41302,0
            139.66449,35.41297,0
            139.66429,35.41288,0
            139.66422,35.41286,0
            139.66402,35.41278,0
            139.66401,35.41278,0
            139.66381,35.41271,0
            139.66347,35.41262,0
            139.66342,35.4126,0
            139.6633,35.41258,0
            139.6631,35.41253,0
            139.6626,35.41245,0
            139.66254,35.41245,0
            139.66237,35.41243,0
            139.66232,35.41243,0
            139.66214,35.41241,0
            139.66152,35.41241,0
            139.66107,35.41244,0
            139.6606,35.4125,0
            139.66048,35.41253,0
            139.66044,35.41253,0
            139.66019,35.41258,0
            139.66011,35.41261,0
            139.65983,35.41268,0
            139.65954,35.41277,0
            139.65883,35.41306,0
            139.65867,35.41314,0
            139.65821,35.41341,0
            139.6582,35.41342,0
            139.65794,35.41359,0
            139.65767,35.4138,0
            139.65682,35.41452,0
            139.65673,35.41461,0
            139.65618,35.41507,0
            139.65612,35.41513,0
            139.65597,35.41526,0
            139.65596,35.41526,0
            139.65591,35.41531,0
            139.65581,35.41539,0
            139.65566,35.41553,0
            139.65551,35.41565,0
            139.65551,35.41566,0
            139.65545,35.4157,0
            139.65507,35.41603,0
            139.6546,35.4164,0
            139.65426,35.41664,0
            139.65408,35.41675,0
            139.65363,35.417,0
            139.6533,35.41716,0
            139.65319,35.4172,0
            139.65311,35.41724,0
            139.65271,35.4174,0
            139.6515,35.41783,0
            139.65038,35.41819,0
            139.64984,35.41832,0
            139.64943,35.41839,0
            139.64935,35.41841,0
            139.64904,35.41846,0
            139.64899,35.41846,0
            139.64894,35.41847,0
            139.64874,35.41849,0
            139.64852,35.4185,0
            139.64821,35.4185,0
            139.64811,35.41849,0
            139.64781,35.41848,0
            139.64733,35.41842,0
            139.64692,35.41835,0
            139.6469,35.41834,0
            139.64646,35.41824,0
            139.64585,35.41808,0
            139.64172,35.41686,0
            139.6417,35.41685,0
            139.63952,35.41621,0
            139.63927,35.41615,0
            139.6392,35.41612,0
            139.6385,35.41594,0
            139.63848,35.41593,0
            139.63565,35.41528,0
            139.63453,35.41496,0
            139.63374,35.41469,0
            139.63331,35.41452,0
            139.63329,35.41452,0
            139.63309,35.41444,0
            139.6329,35.41435,0
            139.63281,35.41432,0
            139.63242,35.41414,0
            139.63234,35.41411,0
            139.63148,35.41368,0
            139.63145,35.41366,0
            139.63142,35.41365,0
            139.63138,35.41362,0
            139.63005,35.41291,0
            139.62996,35.41285,0
            139.62991,35.41283,0
            139.62969,35.41271,0
            139.62897,35.41226,0
            139.62842,35.41188,0
            139.62837,35.41184,0
            139.62832,35.41181,0
            139.62803,35.41159,0
            139.62738,35.41105,0
            139.62678,35.41048,0
            139.62641,35.4101,0
            139.62609,35.40975,0
            139.62594,35.40955,0
            139.6259,35.40951,0
            139.62559,35.40913,0
            139.62554,35.40908,0
            139.62511,35.40852,0
            139.6251,35.4085,0
            139.62488,35.40821,0
            139.62476,35.40803,0
            139.6247,35.40797,0
            139.62302,35.40557,0
            139.62298,35.4055,0
            139.62112,35.4028,0
            139.6211,35.40278,0
            139.62062,35.40209,0
            139.62054,35.40196,0
            139.62045,35.40185,0
            139.62041,35.40178,0
            139.62009,35.40133,0
            139.61997,35.40118,0
            139.61968,35.40075,0
            139.61961,35.40063,0
            139.61873,35.39936,0
            139.61863,35.3992,0
            139.61767,35.39782,0
            139.61759,35.39768,0
            139.61721,35.39708,0
            139.61697,35.39661,0
            139.61682,35.39627,0
            139.61672,35.396,0
            139.61657,35.39554,0
            139.61644,35.39498,0
            139.61642,35.39482,0
            139.61639,35.39466,0
            139.61639,35.39459,0
            139.61635,35.3942,0
            139.61635,35.39411,0
            139.61634,35.39397,0
            139.61634,35.39384,0
            139.61635,35.39374,0
            139.61635,35.39358,0
            139.61639,35.39303,0
            139.61645,35.39267,0
            139.61652,35.39234,0
            139.61667,35.39183,0
            139.61681,35.39145,0
            139.61702,35.39097,0
            139.6172,35.39062,0
            139.61749,35.39011,0
            139.6178,35.38962,0
            139.61825,35.38901,0
            139.61828,35.38898,0
            139.61834,35.3889,0
            139.61835,35.38888,0
            139.61843,35.38877,0
            139.61846,35.38874,0
            139.61877,35.38836,0
            139.6196,35.38744,0
            139.61962,35.38743,0
            139.61962,35.38742,0
            139.6201,35.38694,0
            139.62013,35.38692,0
            139.62014,35.3869,0
            139.6203,35.38676,0
            139.62054,35.38652,0
            139.62073,35.38636,0
            139.62076,35.38633,0
            139.62082,35.3863,0
            139.62136,35.3858,0
            139.62136,35.38579,0
            139.62152,35.38567,0
            139.62181,35.38543,0
            139.622,35.38529,0
            139.62216,35.38516,0
            139.62232,35.38505,0
            139.62265,35.3848,0
            139.62297,35.38458,0
            139.62302,35.38454,0
            139.62307,35.38451,0
            139.62311,35.38448,0
            139.62316,35.38445,0
            139.6232,35.38442,0
            139.62322,35.38441,0
            139.62323,35.3844,0
            139.62324,35.3844,0
            139.62326,35.38438,0
            139.62327,35.38438,0
            139.62348,35.38424,0
            139.62357,35.38419,0
            139.62367,35.38412,0
            139.62383,35.38403,0
            139.62436,35.3837,0
            139.62508,35.38329,0
            139.62517,35.38325,0
            139.62527,35.38319,0
            139.62565,35.383,0
            139.62583,35.3829,0
            139.62659,35.38254,0
            139.62678,35.38246,0
            139.62686,35.38242,0
            139.6274,35.38219,0
            139.62759,35.38212,0
            139.62787,35.382,0
            139.62859,35.38173,0
            139.62864,35.38172,0
            139.62957,35.38141,0
            139.6307,35.38109,0
            139.6308,35.38107,0
            139.63101,35.38101,0
            139.63147,35.3809,0
            139.63157,35.38087,0
            139.63239,35.3807,0
            139.6325,35.38067,0
            139.63295,35.38059,0
            139.63318,35.38056,0
            139.63334,35.38053,0
            139.6335,35.38051,0
            139.63353,35.3805,0
            139.63356,35.3805,0
            139.63488,35.38027,0
            139.63578,35.38008,0
            139.63902,35.3792,0
            139.63972,35.37897,0
            139.64025,35.37873,0
            139.64059,35.37855,0
            139.64063,35.37852,0
            139.64067,35.3785,0
            139.64096,35.37832,0
            139.64107,35.37824,0
            139.64107,35.37823,0
            139.64119,35.37815,0
            139.64151,35.37789,0
            139.64189,35.37752,0
            139.64199,35.3774,0
            139.64202,35.37737,0
            139.64206,35.37731,0
            139.64219,35.37715,0
            139.64236,35.37691,0
            139.6425,35.37668,0
            139.64276,35.37616,0
            139.64288,35.37582,0
            139.6429,35.37573,0
            139.64291,35.37572,0
            139.64299,35.37538,0
            139.64304,35.37508,0
            139.64308,35.37462,0
            139.64315,35.37335,0
            139.64315,35.37323,0
            139.64318,35.37272,0
            139.64318,35.37254,0
            139.6432,35.3722,0
            139.64326,35.36999,0
            139.64325,35.36992,0
            139.64326,35.36976,0
            139.6433,35.36761,0
            139.64331,35.3675,0
            139.64331,35.36732,0
            139.64336,35.36641,0
            139.64336,35.36593,0
            139.64337,35.36579,0
            139.64337,35.36564,0
            139.64338,35.36557,0
            139.64338,35.36544,0
            139.64339,35.36539,0
            139.64339,35.36526,0
            139.6434,35.36522,0
            139.6434,35.36506,0
            139.64345,35.3641,0
            139.6434,35.3637,0
            139.64337,35.36358,0
            139.64337,35.36357,0
            139.64332,35.3634,0
            139.64332,35.36339,0
            139.64324,35.36315,0
            139.6432,35.363,0
            139.64318,35.36295,0
            139.64305,35.36271,0
            139.64305,35.3627,0
            139.64298,35.36259,0
            139.64274,35.36229,0
            139.64257,35.36211,0
            139.64238,35.36195,0
            139.64173,35.36158,0
            139.64169,35.36157,0
            139.64134,35.36141,0
            139.64088,35.36129,0
            139.64083,35.36127,0
            139.64025,35.36119,0
            139.63957,35.36112,0
            139.63833,35.36108,0
            139.63793,35.36105,0
            139.63786,35.36105,0
            139.6374,35.36102,0
            139.63714,35.36099,0
            139.63697,35.36098,0
            139.63658,35.36093,0
            139.63635,35.36089,0
            139.63628,35.36087,0
            139.63591,35.3608,0
            139.63544,35.36069,0
            139.63541,35.36069,0
            139.635,35.36058,0
            139.63495,35.36056,0
            139.63423,35.36033,0
            139.63388,35.36019,0
            139.63308,35.35981,0
            139.63267,35.3596,0
            139.63214,35.3593,0
            139.63207,35.35925,0
            139.63177,35.35907,0
            139.63143,35.35883,0
            139.63141,35.35882,0
            139.62954,35.35726,0
            139.62948,35.35722,0
            139.62933,35.3571,0
            139.62916,35.35698,0
            139.62871,35.3567,0
            139.62829,35.35647,0
            139.62767,35.3562,0
            139.62711,35.35601,0
            139.62666,35.35589,0
            139.6263,35.35581,0
            139.6256,35.3557,0
            139.62517,35.35566,0
            139.62503,35.35566,0
            139.62466,35.35564,0
            139.62423,35.35564,0
            139.62139,35.35573,0
            139.62109,35.35573,0
            139.62097,35.35574,0
            139.62066,35.35573,0
            139.61811,35.35581,0
            139.61798,35.35582,0
            139.61612,35.35587,0
            139.61599,35.35588,0
            139.60792,35.35612,0
            139.60636,35.35604,0
            139.60549,35.35593,0
            139.60526,35.35588,0
            139.60465,35.35571,0
            139.60438,35.35565,0
            139.60335,35.35532,0
            139.60278,35.35512,0
            139.60273,35.35511,0
            139.60269,35.35509,0
            139.60235,35.35499,0
            139.60214,35.35491,0
            139.60198,35.35483,0
            139.6018,35.35476,0
            139.60129,35.35451,0
            139.60076,35.35422,0
            139.60067,35.35416,0
            139.60063,35.35414,0
            139.6,35.35375,0
            139.59909,35.35323,0
            139.59816,35.35273,0
            139.59692,35.35203,0
            139.5969,35.352,0
            139.59686,35.35196,0
            139.59653,35.35175,0
            139.59627,35.35157,0
            139.59567,35.35112,0
            139.59527,35.3508,0
            139.59516,35.3507,0
            139.59508,35.35064,0
            139.59501,35.35057,0
            139.59498,35.35055,0
            139.59451,35.35013,0
            139.59425,35.34987,0
            139.59419,35.34982,0
            139.59394,35.34957,0
            139.5938,35.34941,0
            139.59374,35.34935,0
            139.59355,35.34911,0
            139.59351,35.34904,0
            139.59343,35.34892,0
            139.59341,35.34888,0
            139.59334,35.3487,0
            139.59328,35.34847,0
            139.59328,35.34842,0
            139.59327,35.34836,0
            139.59325,35.34808,0
            139.59325,35.34708,0
            139.59324,35.34697,0
            139.59317,35.34687,0
            139.59317,35.34672,0
            139.5931,35.34613,0
            139.59306,35.34597,0
            139.59304,35.34584,0
            139.59295,35.34553,0
            139.59282,35.34517,0
            139.59249,35.34453,0
            139.59215,35.34393,0
            139.59213,35.34391,0
            139.59189,35.34349,0
            139.59172,35.34322,0
            139.59148,35.34277,0
            139.59135,35.3425,0
            139.59118,35.34209,0
            139.59117,35.34205,0
            139.59111,35.34191,0
            139.59096,35.34147,0
            139.59088,35.34119,0
            139.59084,35.341,0
            139.59082,35.34093,0
            139.59075,35.34057,0
            139.59068,35.34005,0
            139.59066,35.33967,0
            139.59065,35.33967,0
            139.59065,35.33908,0
            139.59067,35.33879,0
            139.59067,35.33871,0
            139.59068,35.33868,0
            139.59069,35.33858,0
            139.59069,35.33853,0
            139.5907,35.33849,0
            139.59077,35.33799,0
            139.59083,35.33771,0
            139.59092,35.33765,0
            139.59092,35.33764,0
            139.59096,35.3375,0
            139.59104,35.33728,0
            139.59106,35.33721,0
            139.59121,35.33683,0
            139.59122,35.33682,0
            139.59125,35.33673,0
            139.59172,35.33569,0
            139.59175,35.33564,0
            139.5918,35.33553,0
            139.59182,35.3355,0
            139.59184,35.33546,0
            139.59187,35.33542,0
            139.5919,35.33537,0
            139.59194,35.33532,0
            139.59204,35.33522,0
            139.59208,35.33519,0
            139.59212,35.33515,0
            139.59214,35.33514,0
            139.59216,35.33512,0
            139.59226,35.33507,0
            139.59229,35.33505,0
            139.59244,35.33498,0
            139.59257,35.33493,0
            139.59264,35.33491,0
            139.59289,35.33479,0
            139.59301,35.33471,0
            139.59305,35.33469,0
            139.59309,35.33465,0
            139.59312,35.33463,0
            139.59315,35.33459,0
            139.5932,35.33454,0
            139.59326,35.33446,0
            139.59327,35.33443,0
            139.59329,35.3344,0
            139.59333,35.33432,0
            139.5936,35.3335,0
            139.5936,35.33349,0
            139.59371,35.33313,0
            139.59374,35.33298,0
            139.59374,35.33296,0
            139.5938,35.33248,0
            139.59379,35.33242,0
            139.59379,35.33225,0
            139.5938,35.33214,0
            139.5938,35.33183,0
            139.59379,35.33181,0
            139.59379,35.33177,0
            139.59377,35.33162,0
            139.59373,35.33145,0
            139.5937,35.33137,0
            139.59369,35.33133,0
            139.59369,35.33131,0
            139.59367,35.33127,0
            139.59364,35.33117,0
            139.59362,35.33112,0
            139.59358,35.33105,0
            139.59356,35.331,0
            139.5935,35.33089,0
            139.59347,35.33085,0
            139.59337,35.33069,0
            139.59337,35.33068,0
            139.59326,35.33053,0
            139.59322,35.3305,0
            139.5932,35.33047,0
            139.59314,35.33043,0
            139.59312,35.33041,0
            139.59301,35.33034,0
            139.59291,35.33031,0
            139.59286,35.33029,0
            139.59279,35.33029,0
            139.59275,35.33028,0
            139.59273,35.33029,0
            139.59268,35.33029,0
            139.59264,35.3303,0
            139.59262,35.33031,0
            139.59259,35.33031,0
            139.59256,35.33032,0
            139.59247,35.33037,0
            139.59245,35.33039,0
            139.59243,35.33042,0
            139.59241,35.33044,0
            139.59239,35.33047,0
            139.59239,35.33048,0
            139.59238,35.3305,0
            139.59237,35.33053,0
            139.59236,35.33055,0
            139.59236,35.33063,0
            139.59239,35.33073,0
            139.59241,35.33075,0
            139.59243,35.33079,0
            139.5925,35.33086,0
            139.59254,35.33092,0
            139.59256,35.33096,0
            139.59256,35.33098,0
            139.59257,35.33099,0
            139.59257,35.33102,0
            139.59258,35.33104,0
            139.59257,35.33106,0
            139.59257,35.33121,0
            139.59233,35.33148,0
            139.59225,35.33158,0
            139.59212,35.33179,0
            139.59199,35.33206,0
            139.59184,35.33242,0
            139.59157,35.33288,0
            139.59148,35.33282,0
            139.59147,35.33281,0
            139.59146,35.33279,0
            139.59144,35.33278,0
            139.59143,35.33277,0
            139.59142,35.33275,0
            139.5914,35.33273,0
            139.59139,35.33271,0
            139.59137,35.3327,0
            139.59137,35.33268,0
            139.59135,35.33266,0
            139.59133,35.33262,0
            139.59133,35.3326,0
            139.59132,35.33259,0
            139.59132,35.33252,0
            139.59134,35.33246,0
            139.59136,35.33242,0
            139.59138,35.3324,0
            139.59145,35.33225,0
            139.59145,35.33223,0
            139.59147,35.33215,0
            139.59147,35.33201,0
            139.59146,35.33194,0
            139.59146,35.33187,0
            139.59142,35.3318,0
            139.59139,35.33178,0
            139.59135,35.33176,0
            139.5913,35.33175,0
            139.59119,35.33175,0
            139.59103,35.33178,0
            139.59098,35.33178,0
            139.59092,35.33179,0
            139.59089,35.3318,0
            139.59085,35.3318,0
            139.59082,35.33181,0
            139.59069,35.33181,0
            139.59057,35.33178,0
            139.59051,35.33176,0
            139.59049,35.33175,0
            139.59047,35.33173,0
            139.59042,35.3317,0
            139.59035,35.33163,0
            139.59034,35.33161,0
            139.59032,35.33159,0
            139.5903,35.33153,0
            139.59028,35.3315,0
            139.59028,35.33149,0
            139.59027,35.33146,0
            139.59027,35.33135,0
            139.59028,35.33133,0
            139.59028,35.3313,0
            139.5903,35.33128,0
            139.59031,35.33124,0
            139.59033,35.33122,0
            139.59034,35.33119,0
            139.59036,35.33117,0
            139.59038,35.33116,0
            139.59039,35.33114,0
            139.59041,35.33113,0
            139.59043,35.33111,0
            139.59052,35.33106,0
            139.59057,35.33104,0
            139.59058,35.33104,0
            139.59061,35.33103,0
            139.59065,35.33101,0
            139.5908,35.33101,0
            139.59089,35.33102,0
            139.59093,35.33103,0
            139.59096,35.33103,0
            139.59099,35.33104,0
            139.59101,35.33103,0
            139.59104,35.33103,0
            139.59104,35.33102,0
            139.59106,35.33102,0
            139.59108,35.331,0
            139.59108,35.33099,0
            139.5911,35.33097,0
            139.5911,35.33093,0
            139.59109,35.33092,0
            139.59109,35.3309,0
            139.59105,35.33086,0
            139.59103,35.33086,0
            139.59102,35.33085,0
            139.59101,35.33085,0
            139.59097,35.33084,0
            139.59095,35.33084,0
            139.59088,35.33082,0
            139.59079,35.33081,0
            139.5905,35.33075,0
            139.59042,35.33074,0
            139.59042,35.33073,0
            139.59033,35.3307,0
            139.59031,35.33069,0
            139.59029,35.33067,0
            139.59026,35.33065,0
            139.59019,35.33058,0
            139.59015,35.33051,0
            139.59014,35.33048,0
            139.59003,35.33031,0
            139.58993,35.33024,0
            139.58992,35.33023,0
            139.58987,35.3302,0
            139.5898,35.33018,0
            139.58978,35.33017,0
            139.58977,35.33017,0
            139.58973,35.33016,0
            139.58963,35.33016,0
            139.58959,35.33017,0
            139.58932,35.33018,0
            139.58927,35.33017,0
            139.58914,35.33011,0
            139.58911,35.3301,0
            139.5891,35.33008,0
            139.58908,35.33006,0
            139.58906,35.33005,0
            139.58905,35.33003,0
            139.58904,35.33002,0
            139.58902,35.33001,0
            139.58886,35.32975,0
            139.58884,35.32971,0
            139.58884,35.3297,0
            139.58883,35.32967,0
            139.58883,35.3296,0
            139.58884,35.32957,0
            139.58887,35.32951,0
            139.58889,35.3295,0
            139.5889,35.32948,0
            139.58894,35.32944,0
            139.58898,35.32942,0
            139.58913,35.3293,0
            139.58913,35.32929,0
            139.58915,35.32928,0
            139.58922,35.32923,0
            139.58923,35.32921,0
            139.58926,35.32919,0
            139.58926,35.32917,0
            139.58927,35.32917,0
            139.58927,35.32908,0
            139.58926,35.32907,0
            139.58925,35.32905,0
            139.58925,35.32903,0
            139.58924,35.32902,0
            139.58919,35.32895,0
            139.58916,35.32892,0
            139.58911,35.32888,0
            139.58825,35.32836,0
            139.58815,35.32829,0
            139.58813,35.32826,0
            139.58811,35.32824,0
            139.58808,35.32818,0
            139.58797,35.32786,0
            139.58794,35.3278,0
            139.58783,35.32749,0
            139.58772,35.32727,0
            139.58767,35.32719,0
            139.58767,35.32718,0
            139.58684,35.32585,0
            139.58682,35.32583,0
            139.5868,35.3258,0
            139.58678,35.32576,0
            139.58667,35.32565,0
            139.58658,35.3256,0
            139.58649,35.32554,0
            139.58634,35.32549,0
            139.58603,35.32544,0
            139.58589,35.32544,0
            139.58529,35.32552,0
            139.58525,35.32553,0
            139.58515,35.32553,0
            139.5851,35.32552,0
            139.58507,35.32551,0
            139.58501,35.32547,0
            139.585,35.32545,0
            139.58498,35.32544,0
            139.58497,35.32541,0
            139.58494,35.32535,0
            139.58485,35.32511,0
            139.58483,35.32509,0
            139.58483,35.32508,0
            139.58482,35.32508,0
            139.58481,35.32506,0
            139.58475,35.32502,0
            139.58468,35.325,0
            139.58465,35.325,0
            139.5846,35.32499,0
            139.58363,35.32501,0
            139.58361,35.32502,0
            139.58356,35.32502,0
            139.58351,35.32503,0
            139.58347,35.32505,0
            139.58344,35.32505,0
            139.5834,35.32507,0
            139.58337,35.32508,0
            139.58332,35.32511,0
            139.5833,35.32513,0
            139.58328,35.32513,0
            139.58327,35.32514,0
            139.58326,35.32516,0
            139.58325,35.32517,0
            139.58322,35.32523,0
            139.58314,35.32562,0
            139.58312,35.32564,0
            139.58312,35.32565,0
            139.5831,35.32568,0
            139.58309,35.32568,0
            139.58305,35.32572,0
            139.58303,35.32573,0
            139.583,35.32574,0
            139.58299,35.32575,0
            139.58289,35.32578,0
            139.58288,35.32579,0
            139.58275,35.32579,0
            139.5823,35.32576,0
            139.58223,35.32575,0
            139.5822,35.32574,0
            139.58217,35.32574,0
            139.5821,35.32572,0
            139.58208,35.32571,0
            139.58204,35.3257,0
            139.58201,35.32568,0
            139.58197,35.32564,0
            139.58191,35.32559,0
            139.58188,35.32555,0
            139.58186,35.32553,0
            139.58184,35.32549,0
            139.58183,35.32545,0
            139.58182,35.32543,0
            139.58181,35.3254,0
            139.58175,35.32509,0
            139.58171,35.32494,0
            139.58148,35.32386,0
            139.58147,35.32383,0
            139.58143,35.32359,0
            139.58141,35.32354,0
            139.5814,35.32348,0
            139.58138,35.32345,0
            139.58134,35.32335,0
            139.58126,35.32321,0
            139.58126,35.3232,0
            139.58115,35.32302,0
            139.58094,35.32272,0
            139.58093,35.32271,0
            139.58085,35.32258,0
            139.58074,35.32243,0
            139.58072,35.32239,0
            139.58069,35.32235,0
            139.58067,35.32231,0
            139.58061,35.32222,0
            139.58058,35.32214,0
            139.58056,35.32207,0
            139.58054,35.32195,0
            139.58054,35.32194,0
            139.58053,35.32191,0
            139.58053,35.32189,0
            139.58052,35.32188,0
            139.58052,35.32186,0
            139.58051,35.32183,0
            139.5805,35.32183,0
            139.5805,35.32181,0
            139.58047,35.32175,0
            139.58041,35.32166,0
            139.58041,35.32165,0
            139.5799,35.32086,0
            139.57988,35.32084,0
            139.57985,35.32078,0
            139.57979,35.3207,0
            139.57978,35.32067,0
            139.57978,35.32066,0
            139.57977,35.32065,0
            139.57977,35.32064,0
            139.57976,35.32062,0
            139.57976,35.32054,0
            139.57977,35.32051,0
            139.5798,35.32037,0
            139.57979,35.32032,0
            139.57979,35.32027,0
            139.57978,35.32025,0
            139.57978,35.32024,0
            139.57977,35.32022,0
            139.57976,35.32021,0
            139.57973,35.32016,0
            139.57969,35.32011,0
            139.57967,35.3201,0
            139.57967,35.32009,0
            139.57965,35.32008,0
            139.57963,35.32006,0
            139.5796,35.32005,0
            139.57958,35.32003,0
            139.57954,35.32001,0
            139.57909,35.31986,0
            139.57907,35.31985,0
            139.57892,35.3198,0
            139.57886,35.31977,0
            139.57871,35.31972,0
            139.57869,35.31971,0
            139.57852,35.31966,0
            139.57847,35.31966,0
            139.57845,35.31965,0
            139.57831,35.31965,0
            139.57827,35.31964,0
            139.57796,35.31964,0
            139.5778,35.31963,0
            139.57778,35.31962,0
            139.57776,35.31962,0
            139.57775,35.31961,0
            139.57766,35.31958,0
            139.57762,35.31955,0
            139.57753,35.3195,0
            139.57749,35.31947,0
            139.57734,35.31939,0
            139.57726,35.31937,0
            139.57722,35.31937,0
            139.57717,35.31936,0
            139.5771,35.31936,0
            139.57674,35.31932,0
            139.57664,35.3193,0
            139.57662,35.3193,0
            139.5766,35.31929,0
            139.57659,35.31929,0
            139.57658,35.31928,0
            139.57656,35.31928,0
            139.57655,35.31927,0
            139.5765,35.31924,0
            139.57647,35.31923,0
            139.57644,35.3192,0
            139.57643,35.3192,0
            139.57639,35.31916,0
            139.57637,35.31915,0
            139.57636,35.31913,0
            139.57634,35.31911,0
            139.57633,35.31909,0
            139.57631,35.31907,0
            139.5763,35.31904,0
            139.57628,35.31902,0
            139.57621,35.3189,0
            139.57613,35.31878,0
            139.57611,35.31876,0
            139.5761,35.31874,0
            139.57606,35.31869,0
            139.57604,35.31868,0
            139.57603,35.31867,0
            139.57601,35.31866,0
            139.57599,35.31864,0
            139.57597,35.31863,0
            139.57596,35.31862,0
            139.57594,35.31861,0
            139.57593,35.31861,0
            139.57591,35.3186,0
            139.5759,35.3186,0
            139.57589,35.31859,0
            139.57587,35.31859,0
            139.57586,35.31858,0
            139.57584,35.31858,0
            139.57578,35.31857,0
            139.5757,35.31857,0
            139.57566,35.31856,0
            139.57559,35.31856,0
            139.57555,35.31855,0
            139.57541,35.31853,0
            139.57531,35.31853,0
            139.57529,35.31854,0
            139.57528,35.31854,0
            139.57523,35.31855,0
            139.57518,35.31855,0
            139.57516,35.31856,0
            139.57514,35.31856,0
            139.57488,35.31867,0
            139.57485,35.31867,0
            139.57448,35.31879,0
            139.57446,35.3188,0
            139.57437,35.31882,0
            139.57435,35.31883,0
            139.57432,35.31884,0
            139.5743,35.31885,0
            139.57424,35.31887,0
            139.57422,35.31888,0
            139.57419,35.31889,0
            139.57417,35.3189,0
            139.57416,35.31891,0
            139.57412,35.31892,0
            139.5741,35.31894,0
            139.57408,35.31894,0
            139.57403,35.31897,0
            139.57402,35.31898,0
            139.57398,35.319,0
            139.57395,35.31902,0
            139.57391,35.31904,0
            139.5739,35.31906,0
            139.57384,35.3191,0
            139.57382,35.31912,0
            139.57381,35.31912,0
            139.5737,35.31923,0
            139.57368,35.31924,0
            139.57306,35.31983,0
            139.57299,35.31988,0
            139.57281,35.31999,0
            139.57273,35.32002,0
            139.57264,35.32007,0
            139.57149,35.32055,0
            139.57143,35.32057,0
            139.57097,35.32077,0
            139.57087,35.32083,0
            139.57079,35.32089,0
            139.57077,35.3209,0
            139.57076,35.32092,0
            139.57074,35.32093,0
            139.5706,35.32107,0
            139.57056,35.3211,0
            139.57054,35.32112,0
            139.57054,35.32113,0
            139.57053,35.32113,0
            139.57051,35.32115,0
            139.5705,35.32115,0
            139.57048,35.32116,0
            139.57047,35.32117,0
            139.57046,35.32117,0
            139.57044,35.32119,0
            139.57042,35.32119,0
            139.57041,35.3212,0
            139.5704,35.3212,0
            139.57039,35.32121,0
            139.57038,35.32121,0
            139.57035,35.32122,0
            139.57034,35.32122,0
            139.57031,35.32123,0
            139.57024,35.32123,0
            139.57022,35.32124,0
            139.57018,35.32124,0
            139.57016,35.32123,0
            139.57007,35.32123,0
            139.57004,35.32122,0
            139.5699,35.32122,0
            139.56983,35.32123,0
            139.56979,35.32124,0
            139.56971,35.32125,0
            139.56959,35.32131,0
            139.56934,35.32148,0
            139.56932,35.3215,0
            139.56928,35.32152,0
            139.56927,35.32153,0
            139.56926,35.32153,0
            139.56924,35.32154,0
            139.56922,35.32156,0
            139.5692,35.32156,0
            139.56916,35.32158,0
            139.56915,35.32159,0
            139.56912,35.3216,0
            139.56909,35.3216,0
            139.56907,35.32161,0
            139.56903,35.32161,0
            139.56902,35.32162,0
            139.56893,35.32162,0
            139.5689,35.32163,0
            139.56875,35.32163,0
            139.56866,35.32164,0
            139.56855,35.32164,0
            139.56842,35.32165,0
            139.56835,35.32165,0
            139.56826,35.32166,0
            139.56817,35.32166,0
            139.56807,35.32168,0
            139.56797,35.32169,0
            139.56759,35.32176,0
            139.56736,35.32179,0
            139.56717,35.32183,0
            139.56715,35.32184,0
            139.56707,35.32185,0
            139.56701,35.32187,0
            139.56696,35.32188,0
            139.56683,35.32192,0
            139.5668,35.32192,0
            139.56665,35.32197,0
            139.56661,35.32199,0
            139.56652,35.32202,0
            139.56644,35.32206,0
            139.56633,35.3221,0
            139.56617,35.32218,0
            139.56606,35.32222,0
            139.5652,35.3226,0
            139.5652,35.32261,0
            139.5651,35.32265,0
            139.56509,35.32265,0
            139.56484,35.32276,0
            139.56481,35.32276,0
            139.56478,35.32277,0
            139.56476,35.32278,0
            139.56474,35.32278,0
            139.56471,35.32279,0
            139.56468,35.32279,0
            139.56467,35.3228,0
            139.56458,35.32281,0
            139.56453,35.32282,0
            139.56451,35.32282,0
            139.56438,35.32284,0
            139.56436,35.32284,0
            139.56391,35.3229,0
            139.56389,35.3229,0
            139.5637,35.32293,0
            139.56367,35.32293,0
            139.56344,35.32297,0
            139.5633,35.32301,0
            139.56324,35.32302,0
            139.56294,35.32311,0
            139.56266,35.32324,0
            139.56264,35.32326,0
            139.5626,35.32328,0
            139.56239,35.32341,0
            139.56237,35.32343,0
            139.56233,35.32344,0
            139.56229,35.32346,0
            139.56228,35.32346,0
            139.56216,35.3235,0
            139.56212,35.3235,0
            139.56209,35.32351,0
            139.56197,35.32351,0
            139.56193,35.32352,0
            139.56115,35.32352,0
            139.56038,35.32355,0
            139.5587,35.32356,0
            139.55832,35.32354,0
            139.55822,35.32349,0
            139.55811,35.32341,0
            139.55729,35.32258,0
            139.55713,35.32267,0
            139.55663,35.32292,0
            139.55639,35.32302,0
            139.55636,35.32304,0
            139.556,35.32321,0
            139.55596,35.32322,0
            139.55503,35.32367,0
            139.55486,35.32338,0
            139.55464,35.32304,0
            139.55407,35.3221,0
            139.55406,35.32207,0
            139.55395,35.32191,0
            139.55387,35.32177,0
            139.55381,35.32168,0
            139.55371,35.3215,0
            139.55362,35.32137,0
            139.55361,35.32136,0
            139.55265,35.31976,0
            139.55257,35.31964,0
            139.55247,35.31954,0
            139.55244,35.3195,0
            139.55239,35.31946,0
            139.55234,35.31943,0
            139.55228,35.31938,0
            139.55194,35.31886,0
            139.55187,35.31873,0
            139.55148,35.3181,0
            139.55145,35.31804,0
            139.55144,35.31804,0
            139.5507,35.31681,0
            139.55058,35.31665,0
            139.55048,35.31672,0
            139.55028,35.31688,0
            139.55023,35.31691,0
            139.5495,35.31748,0
            139.54891,35.31751,0
            139.54847,35.31756,0
            139.54845,35.31756,0
            139.5479,35.31786,0
            139.54803,35.31813,0
            139.54812,35.31828,0
            139.5487,35.31941,0
            139.54844,35.31945,0
            139.54831,35.31946,0
            139.54827,35.31947,0
            139.54694,35.31965,0
            139.54677,35.31968,0
          </coordinates>
        </LineString>
      </Placemark>
      <Placemark>
        <name>Minn 奥浅草 (Minn Oku Asakusa)</name>
        <styleUrl>#icon-1899-DB4436-nodesc</styleUrl>
        <Point>
          <coordinates>
            139.7965437,35.7174261,0
          </coordinates>
        </Point>
      </Placemark>
      <Placemark>
        <name>镰仓市</name>
        <styleUrl>#icon-1899-DB4436-nodesc</styleUrl>
        <Point>
          <coordinates>
            139.546769,35.3196753,0
          </coordinates>
        </Point>
      </Placemark>
    </Folder>
    <Folder>
      <name>从Minn 奥浅草 (Minn Oku Asakusa)到成田国际机场的路线</name>
      <Placemark>
        <name>从Minn 奥浅草 (Minn Oku Asakusa)到成田国际机场的路线</name>
        <styleUrl>#line-1267FF-5000-nodesc</styleUrl>
        <LineString>
          <tessellate>1</tessellate>
          <coordinates>
            139.79654,35.71743,0
            139.79669,35.71783,0
            139.79957,35.71725,0
            139.80002,35.71719,0
            139.80004,35.71718,0
            139.8014,35.71699,0
            139.80182,35.71692,0
            139.80191,35.71689,0
            139.80279,35.71664,0
            139.80291,35.7166,0
            139.80305,35.71654,0
            139.80315,35.71664,0
            139.80344,35.71699,0
            139.80358,35.71713,0
            139.8036,35.71716,0
            139.80366,35.71723,0
            139.80371,35.7173,0
            139.80372,35.71731,0
            139.80376,35.71737,0
            139.8038,35.71742,0
            139.80386,35.71752,0
            139.80385,35.71754,0
            139.80384,35.71755,0
            139.80384,35.71756,0
            139.80385,35.71757,0
            139.80385,35.71758,0
            139.80387,35.71762,0
            139.8039,35.71767,0
            139.80391,35.7177,0
            139.80392,35.71775,0
            139.80392,35.71779,0
            139.80393,35.71787,0
            139.80394,35.7179,0
            139.80394,35.71793,0
            139.80401,35.71841,0
            139.80406,35.71883,0
            139.80407,35.71885,0
            139.80409,35.71903,0
            139.80411,35.71914,0
            139.80414,35.71939,0
            139.80414,35.71943,0
            139.80418,35.71967,0
            139.8043,35.72057,0
            139.80449,35.72245,0
            139.80452,35.72284,0
            139.80456,35.72318,0
            139.80464,35.72407,0
            139.80465,35.72414,0
            139.80475,35.72453,0
            139.80482,35.72485,0
            139.80483,35.72486,0
            139.80486,35.72497,0
            139.80487,35.72503,0
            139.80491,35.7255,0
            139.80493,35.72564,0
            139.80499,35.72628,0
            139.80501,35.72661,0
            139.80502,35.72663,0
            139.80502,35.72682,0
            139.80505,35.72727,0
            139.8052,35.72784,0
            139.8053,35.72815,0
            139.80536,35.72836,0
            139.80539,35.72855,0
            139.80569,35.72852,0
            139.80851,35.72816,0
            139.80863,35.72886,0
            139.80863,35.72888,0
            139.80867,35.72904,0
            139.80867,35.72906,0
            139.80868,35.72915,0
            139.80872,35.72932,0
            139.80873,35.72941,0
            139.80883,35.72986,0
            139.80888,35.73,0
            139.80892,35.73017,0
            139.80893,35.73018,0
            139.80898,35.73036,0
            139.80902,35.73048,0
            139.80909,35.73074,0
            139.80915,35.73092,0
            139.80928,35.73126,0
            139.80939,35.73152,0
            139.80947,35.73169,0
            139.8097,35.73225,0
            139.80973,35.7323,0
            139.80981,35.73249,0
            139.80982,35.73252,0
            139.81002,35.73296,0
            139.81016,35.73324,0
            139.81021,35.73332,0
            139.81022,35.73335,0
            139.81024,35.73338,0
            139.81043,35.73373,0
            139.81071,35.73417,0
            139.81088,35.73442,0
            139.81098,35.73455,0
            139.81111,35.73474,0
            139.81113,35.73476,0
            139.81208,35.73603,0
            139.81231,35.73632,0
            139.81232,35.73634,0
            139.81247,35.73654,0
            139.81252,35.7366,0
            139.81254,35.73668,0
            139.81261,35.73666,0
            139.81331,35.73632,0
            139.81332,35.73632,0
            139.81347,35.73623,0
            139.8135,35.73622,0
            139.81359,35.73617,0
            139.81377,35.73609,0
            139.81412,35.73591,0
            139.81415,35.7359,0
            139.81434,35.7358,0
            139.81441,35.73577,0
            139.81449,35.73575,0
            139.8145,35.73574,0
            139.81471,35.73564,0
            139.81481,35.7356,0
            139.81483,35.7356,0
            139.81494,35.73558,0
            139.81496,35.73562,0
            139.81498,35.73565,0
            139.815,35.73569,0
            139.81504,35.73575,0
            139.81521,35.73611,0
            139.81532,35.73632,0
            139.81536,35.73642,0
            139.81543,35.73655,0
            139.81554,35.73682,0
            139.81557,35.73696,0
            139.81562,35.73727,0
            139.81563,35.73745,0
            139.81563,35.73764,0
            139.8156,35.7381,0
            139.81555,35.73853,0
            139.81554,35.73858,0
            139.81554,35.73864,0
            139.81553,35.73873,0
            139.81553,35.73882,0
            139.81552,35.7389,0
            139.81553,35.73896,0
            139.81553,35.73901,0
            139.81554,35.73909,0
            139.81554,35.73919,0
            139.8156,35.73949,0
            139.81566,35.73965,0
            139.81579,35.73992,0
            139.81581,35.73999,0
            139.81587,35.74013,0
            139.81587,35.74014,0
            139.8159,35.74018,0
            139.8159,35.7402,0
            139.81593,35.74022,0
            139.81599,35.74029,0
            139.81658,35.74105,0
            139.81661,35.7411,0
            139.81687,35.74144,0
            139.81693,35.74153,0
            139.81696,35.74156,0
            139.81704,35.74166,0
            139.81709,35.7417,0
            139.8171,35.74172,0
            139.81723,35.74184,0
            139.81728,35.74188,0
            139.81731,35.74191,0
            139.81736,35.74195,0
            139.81746,35.74202,0
            139.81755,35.74206,0
            139.81763,35.74211,0
            139.81788,35.74222,0
            139.81832,35.74238,0
            139.81842,35.74243,0
            139.81872,35.74253,0
            139.81952,35.74284,0
            139.81953,35.74285,0
            139.82001,35.74303,0
            139.82026,35.74314,0
            139.82032,35.74314,0
            139.82037,35.74315,0
            139.82093,35.74333,0
            139.82138,35.74349,0
            139.82173,35.74358,0
            139.82188,35.74363,0
            139.82203,35.74369,0
            139.82233,35.74379,0
            139.8226,35.74386,0
            139.82279,35.74389,0
            139.82285,35.74389,0
            139.82293,35.7439,0
            139.82319,35.7439,0
            139.82334,35.74387,0
            139.82341,35.74386,0
            139.82361,35.7438,0
            139.82362,35.7438,0
            139.82369,35.74378,0
            139.82378,35.74374,0
            139.82381,35.74372,0
            139.82388,35.74369,0
            139.82399,35.74361,0
            139.82406,35.74357,0
            139.82422,35.74344,0
            139.82432,35.74332,0
            139.82443,35.74317,0
            139.82458,35.74293,0
            139.82477,35.74253,0
            139.8251,35.74193,0
            139.82515,35.74183,0
            139.82528,35.7416,0
            139.82537,35.74146,0
            139.82544,35.74142,0
            139.8255,35.7413,0
            139.8256,35.74114,0
            139.82566,35.74102,0
            139.82589,35.74065,0
            139.82592,35.74059,0
            139.82638,35.73983,0
            139.82655,35.73957,0
            139.82661,35.7395,0
            139.8268,35.73921,0
            139.82694,35.73902,0
            139.82699,35.73894,0
            139.82704,35.73887,0
            139.82742,35.7384,0
            139.82743,35.73839,0
            139.82766,35.73809,0
            139.82768,35.73807,0
            139.8277,35.73804,0
            139.82776,35.73797,0
            139.82778,35.73794,0
            139.82782,35.7379,0
            139.82804,35.73762,0
            139.82808,35.73756,0
            139.82843,35.73714,0
            139.82875,35.73678,0
            139.82879,35.73673,0
            139.82969,35.73579,0
            139.83,35.73548,0
            139.83008,35.73541,0
            139.83032,35.73518,0
            139.83045,35.73507,0
            139.83161,35.73399,0
            139.83166,35.73393,0
            139.83169,35.73391,0
            139.83183,35.73378,0
            139.83184,35.73376,0
            139.83192,35.7337,0
            139.832,35.73363,0
            139.83263,35.73302,0
            139.83266,35.73298,0
            139.83282,35.73283,0
            139.83297,35.7327,0
            139.83379,35.73191,0
            139.83385,35.73184,0
            139.83392,35.73177,0
            139.83395,35.73175,0
            139.83397,35.73172,0
            139.83412,35.73159,0
            139.83443,35.73128,0
            139.83453,35.73119,0
            139.83477,35.73095,0
            139.83486,35.73087,0
            139.83504,35.73069,0
            139.83515,35.73059,0
            139.83566,35.73009,0
            139.83572,35.73004,0
            139.83624,35.72952,0
            139.83632,35.72945,0
            139.83636,35.7294,0
            139.83683,35.72892,0
            139.83687,35.72887,0
            139.83693,35.72881,0
            139.83695,35.7288,0
            139.83707,35.72866,0
            139.83725,35.72848,0
            139.83729,35.72845,0
            139.83778,35.72798,0
            139.83783,35.72792,0
            139.83789,35.72787,0
            139.83852,35.72726,0
            139.83857,35.72722,0
            139.83937,35.72645,0
            139.83943,35.7264,0
            139.83964,35.7262,0
            139.8397,35.72613,0
            139.83986,35.72598,0
            139.83992,35.72593,0
            139.83997,35.72587,0
            139.8404,35.72546,0
            139.8404,35.72545,0
            139.84083,35.72505,0
            139.84083,35.72504,0
            139.84097,35.72491,0
            139.84103,35.72484,0
            139.84151,35.72438,0
            139.84155,35.72435,0
            139.84158,35.72431,0
            139.84181,35.72408,0
            139.84199,35.72386,0
            139.84202,35.72383,0
            139.84211,35.7237,0
            139.84224,35.72347,0
            139.84229,35.72335,0
            139.84233,35.72327,0
            139.84236,35.72318,0
            139.84239,35.72312,0
            139.84249,35.72285,0
            139.84256,35.72269,0
            139.84259,35.72261,0
            139.8427,35.72236,0
            139.84279,35.72219,0
            139.84282,35.72212,0
            139.84298,35.72188,0
            139.84314,35.72167,0
            139.84345,35.72135,0
            139.84395,35.72087,0
            139.84402,35.72081,0
            139.84417,35.72066,0
            139.84429,35.72055,0
            139.84431,35.72052,0
            139.84444,35.72042,0
            139.84458,35.72029,0
            139.84469,35.7202,0
            139.84511,35.71982,0
            139.84516,35.71978,0
            139.84556,35.71939,0
            139.84588,35.7191,0
            139.84683,35.71817,0
            139.84695,35.71807,0
            139.84697,35.71804,0
            139.847,35.71802,0
            139.84926,35.71583,0
            139.84967,35.71545,0
            139.85061,35.71453,0
            139.85081,35.71435,0
            139.85104,35.71412,0
            139.85166,35.71354,0
            139.85184,35.71336,0
            139.85192,35.71327,0
            139.85221,35.713,0
            139.85223,35.71299,0
            139.8531,35.71211,0
            139.85346,35.71173,0
            139.85384,35.7113,0
            139.85393,35.71119,0
            139.85421,35.71088,0
            139.85427,35.71082,0
            139.85434,35.71073,0
            139.85441,35.71066,0
            139.85512,35.7098,0
            139.85519,35.7097,0
            139.8553,35.70956,0
            139.85531,35.70955,0
            139.85592,35.70874,0
            139.85639,35.70808,0
            139.85659,35.70777,0
            139.85671,35.7076,0
            139.85738,35.70652,0
            139.85746,35.70638,0
            139.85753,35.70624,0
            139.85754,35.70624,0
            139.85795,35.70546,0
            139.85815,35.70505,0
            139.85822,35.70488,0
            139.85836,35.70458,0
            139.85886,35.7033,0
            139.85901,35.70285,0
            139.85931,35.70188,0
            139.85934,35.70186,0
            139.85935,35.70186,0
            139.85935,35.70185,0
            139.85938,35.7018,0
            139.85964,35.701,0
            139.85968,35.70081,0
            139.85973,35.70064,0
            139.85973,35.7006,0
            139.85988,35.69974,0
            139.85989,35.69971,0
            139.8599,35.69964,0
            139.85992,35.69957,0
            139.85992,35.69953,0
            139.85994,35.69949,0
            139.85996,35.69943,0
            139.86,35.69935,0
            139.86004,35.6993,0
            139.86004,35.69929,0
            139.86008,35.69924,0
            139.8601,35.69923,0
            139.86012,35.69921,0
            139.86015,35.69919,0
            139.8602,35.69915,0
            139.86026,35.69912,0
            139.86034,35.69909,0
            139.86053,35.69905,0
            139.86074,35.69905,0
            139.86093,35.69907,0
            139.8617,35.69911,0
            139.86171,35.6991,0
            139.86175,35.69907,0
            139.86195,35.6991,0
            139.86242,35.69915,0
            139.86245,35.69916,0
            139.86346,35.69925,0
            139.86357,35.69925,0
            139.86444,35.69929,0
            139.86482,35.69929,0
            139.86487,35.69928,0
            139.86591,35.69924,0
            139.86597,35.69923,0
            139.86612,35.69923,0
            139.86621,35.69922,0
            139.86629,35.69922,0
            139.86638,35.69921,0
            139.86644,35.69921,0
            139.86711,35.69915,0
            139.86802,35.69909,0
            139.8681,35.69909,0
            139.86899,35.69904,0
            139.8691,35.69904,0
            139.8692,35.69903,0
            139.86927,35.69903,0
            139.86962,35.69901,0
            139.87006,35.69901,0
            139.87029,35.69899,0
            139.87039,35.69899,0
            139.871,35.69895,0
            139.87109,35.69894,0
            139.87116,35.69894,0
            139.87122,35.69893,0
            139.87132,35.69893,0
            139.87175,35.69888,0
            139.87185,35.69886,0
            139.87187,35.69886,0
            139.87242,35.69877,0
            139.87306,35.69864,0
            139.87316,35.69861,0
            139.87356,35.69852,0
            139.87399,35.69841,0
            139.87406,35.6984,0
            139.87417,35.69837,0
            139.87436,35.69833,0
            139.87473,35.69823,0
            139.87474,35.69823,0
            139.87488,35.6982,0
            139.87489,35.6982,0
            139.87508,35.69815,0
            139.87527,35.69811,0
            139.87574,35.69799,0
            139.87648,35.69782,0
            139.87654,35.6978,0
            139.87679,35.69774,0
            139.87682,35.69774,0
            139.87685,35.69773,0
            139.87727,35.69764,0
            139.87764,35.6976,0
            139.87782,35.69757,0
            139.87827,35.69755,0
            139.87979,35.69755,0
            139.88143,35.69752,0
            139.88164,35.69751,0
            139.88186,35.69751,0
            139.88224,35.69749,0
            139.8824,35.69749,0
            139.88261,35.69748,0
            139.88324,35.69748,0
            139.88356,35.69747,0
            139.88434,35.69748,0
            139.88477,35.6975,0
            139.88486,35.69749,0
            139.88865,35.69748,0
            139.88889,35.69747,0
            139.89056,35.69747,0
            139.89064,35.69746,0
            139.89159,35.69746,0
            139.89165,35.69747,0
            139.8918,35.69747,0
            139.89191,35.69748,0
            139.89202,35.69748,0
            139.89208,35.69749,0
            139.89215,35.69749,0
            139.89219,35.6975,0
            139.89227,35.6975,0
            139.89241,35.69752,0
            139.89254,35.69755,0
            139.89268,35.69757,0
            139.89311,35.69768,0
            139.89316,35.6977,0
            139.89323,35.69772,0
            139.89333,35.69776,0
            139.89337,35.69778,0
            139.89352,35.69784,0
            139.89368,35.69792,0
            139.89373,35.69794,0
            139.89379,35.69797,0
            139.89383,35.698,0
            139.89395,35.69807,0
            139.89401,35.6981,0
            139.89407,35.69815,0
            139.89415,35.6982,0
            139.89448,35.69848,0
            139.89453,35.69853,0
            139.89458,35.69857,0
            139.89462,35.69861,0
            139.89473,35.69874,0
            139.89478,35.69879,0
            139.89489,35.69893,0
            139.89494,35.69898,0
            139.895,35.69907,0
            139.89507,35.69914,0
            139.8955,35.6997,0
            139.89553,35.69975,0
            139.89557,35.69979,0
            139.89566,35.69991,0
            139.8957,35.69997,0
            139.89601,35.70034,0
            139.89626,35.7006,0
            139.89654,35.70084,0
            139.8968,35.70103,0
            139.89688,35.70107,0
            139.89692,35.7011,0
            139.89706,35.70118,0
            139.89711,35.7012,0
            139.89724,35.70127,0
            139.89733,35.7013,0
            139.89752,35.70139,0
            139.8976,35.70142,0
            139.89767,35.70144,0
            139.89788,35.70152,0
            139.8979,35.70153,0
            139.89804,35.70158,0
            139.89811,35.7016,0
            139.89893,35.70188,0
            139.899,35.7019,0
            139.89982,35.70219,0
            139.90004,35.70226,0
            139.90011,35.70229,0
            139.9002,35.70232,0
            139.90035,35.70238,0
            139.9004,35.70239,0
            139.90049,35.70242,0
            139.90056,35.70245,0
            139.90073,35.7025,0
            139.90077,35.70252,0
            139.90094,35.70257,0
            139.90112,35.70264,0
            139.90156,35.70278,0
            139.90573,35.70421,0
            139.90583,35.70424,0
            139.90613,35.70435,0
            139.90614,35.70435,0
            139.90653,35.70449,0
            139.9067,35.70456,0
            139.90829,35.7051,0
            139.90875,35.70527,0
            139.90897,35.70537,0
            139.90908,35.70541,0
            139.90965,35.70568,0
            139.91035,35.70607,0
            139.91127,35.70661,0
            139.91146,35.70671,0
            139.91161,35.7068,0
            139.91213,35.70708,0
            139.91229,35.70718,0
            139.91464,35.70852,0
            139.91481,35.70863,0
            139.91653,35.70962,0
            139.91666,35.70971,0
            139.91761,35.71026,0
            139.91775,35.71033,0
            139.91777,35.71035,0
            139.9179,35.71042,0
            139.91843,35.71064,0
            139.91861,35.71069,0
            139.91865,35.71071,0
            139.9188,35.71075,0
            139.91913,35.71082,0
            139.91927,35.71084,0
            139.91934,35.71086,0
            139.92,35.71088,0
            139.92033,35.71086,0
            139.92068,35.71082,0
            139.92073,35.71081,0
            139.92078,35.71081,0
            139.9208,35.7108,0
            139.92116,35.71073,0
            139.92141,35.71069,0
            139.92174,35.71062,0
            139.92175,35.71061,0
            139.92391,35.7102,0
            139.92394,35.71019,0
            139.92438,35.71011,0
            139.92459,35.71006,0
            139.92489,35.71001,0
            139.9265,35.70969,0
            139.92675,35.70965,0
            139.92892,35.70922,0
            139.92906,35.7092,0
            139.93149,35.70873,0
            139.93181,35.70866,0
            139.932,35.70863,0
            139.9339,35.70826,0
            139.93422,35.70819,0
            139.93955,35.70716,0
            139.94007,35.70704,0
            139.94103,35.70678,0
            139.94206,35.70647,0
            139.94207,35.70647,0
            139.94542,35.70548,0
            139.94565,35.70542,0
            139.94582,35.70536,0
            139.94732,35.70492,0
            139.94741,35.7049,0
            139.94881,35.70448,0
            139.94884,35.70448,0
            139.95195,35.70356,0
            139.95203,35.70353,0
            139.95368,35.70305,0
            139.95377,35.70303,0
            139.95385,35.703,0
            139.95456,35.70281,0
            139.9558,35.70243,0
            139.95591,35.70239,0
            139.9582,35.70172,0
            139.95854,35.70161,0
            139.96401,35.70001,0
            139.96442,35.6999,0
            139.96454,35.69986,0
            139.96455,35.69986,0
            139.96532,35.69967,0
            139.96533,35.69967,0
            139.96577,35.69957,0
            139.96594,35.69954,0
            139.96605,35.69951,0
            139.96612,35.6995,0
            139.96633,35.69945,0
            139.96845,35.69908,0
            139.96857,35.69905,0
            139.96881,35.69901,0
            139.96908,35.69895,0
            139.96958,35.69882,0
            139.96976,35.69876,0
            139.96978,35.69876,0
            139.97057,35.69848,0
            139.97113,35.69825,0
            139.97175,35.69792,0
            139.97181,35.69788,0
            139.97197,35.69779,0
            139.97212,35.69769,0
            139.97215,35.69768,0
            139.97225,35.69761,0
            139.97235,35.69755,0
            139.97247,35.69746,0
            139.97251,35.69744,0
            139.97255,35.6974,0
            139.9726,35.69737,0
            139.97281,35.69722,0
            139.9731,35.69704,0
            139.97326,35.69692,0
            139.97398,35.69654,0
            139.97404,35.69649,0
            139.97411,35.69645,0
            139.97443,35.69623,0
            139.97459,35.69611,0
            139.97475,35.69598,0
            139.97509,35.69562,0
            139.97524,35.69544,0
            139.97529,35.6954,0
            139.97534,35.69535,0
            139.97541,35.6953,0
            139.97547,35.69525,0
            139.97628,35.69468,0
            139.97639,35.69461,0
            139.97642,35.69458,0
            139.9765,35.69454,0
            139.97653,35.69452,0
            139.97695,35.69428,0
            139.97717,35.69418,0
            139.97723,35.69414,0
            139.97733,35.6941,0
            139.97735,35.69408,0
            139.97773,35.69395,0
            139.97787,35.69389,0
            139.97806,35.69382,0
            139.97807,35.69382,0
            139.97836,35.69371,0
            139.97859,35.69364,0
            139.97876,35.69358,0
            139.97911,35.69349,0
            139.97929,35.69343,0
            139.98052,35.69312,0
            139.98062,35.69309,0
            139.98067,35.69308,0
            139.98072,35.69306,0
            139.98205,35.69279,0
            139.98222,35.69275,0
            139.98245,35.69271,0
            139.98281,35.69263,0
            139.98302,35.6926,0
            139.98337,35.69257,0
            139.98341,35.69257,0
            139.98347,35.69256,0
            139.98353,35.69256,0
            139.98355,35.69255,0
            139.98387,35.69251,0
            139.98393,35.69251,0
            139.98399,35.6925,0
            139.984,35.6925,0
            139.98444,35.69244,0
            139.98446,35.69243,0
            139.98456,35.69242,0
            139.98472,35.69239,0
            139.98474,35.69239,0
            139.98483,35.69237,0
            139.98502,35.69234,0
            139.98534,35.69227,0
            139.98542,35.69226,0
            139.98545,35.69225,0
            139.98608,35.69209,0
            139.98626,35.69203,0
            139.98677,35.69188,0
            139.98684,35.69185,0
            139.98718,35.69175,0
            139.98723,35.69173,0
            139.98788,35.69154,0
            139.98886,35.69123,0
            139.98897,35.69119,0
            139.98902,35.69118,0
            139.98906,35.69116,0
            139.99001,35.69087,0
            139.99034,35.69076,0
            139.99038,35.69075,0
            139.99051,35.6907,0
            139.99085,35.6906,0
            139.9909,35.69058,0
            139.99101,35.69055,0
            139.99144,35.69041,0
            139.99149,35.6904,0
            139.99223,35.69016,0
            139.9923,35.69013,0
            139.99245,35.69009,0
            139.99318,35.68985,0
            139.99327,35.68983,0
            139.99339,35.68979,0
            139.99346,35.68976,0
            139.99379,35.68966,0
            139.99392,35.68961,0
            139.994,35.68959,0
            139.9941,35.68955,0
            139.9944,35.68945,0
            139.99442,35.68944,0
            139.99496,35.68925,0
            139.995,35.68924,0
            139.9952,35.68917,0
            139.99537,35.6891,0
            139.9955,35.68906,0
            139.99563,35.68901,0
            139.99576,35.68895,0
            139.99583,35.68893,0
            139.99623,35.68877,0
            139.99638,35.6887,0
            139.99653,35.68864,0
            139.99675,35.68854,0
            139.99693,35.68845,0
            139.99724,35.68831,0
            139.99797,35.68789,0
            139.99803,35.68785,0
            139.99926,35.68715,0
            139.99933,35.6871,0
            139.99986,35.6868,0
            139.99986,35.68679,0
            140.00008,35.68667,0
            140.00022,35.68658,0
            140.0004,35.68648,0
            140.00058,35.68637,0
            140.00113,35.68607,0
            140.00116,35.68605,0
            140.00152,35.68585,0
            140.00183,35.68569,0
            140.00186,35.68567,0
            140.0021,35.68555,0
            140.00213,35.68553,0
            140.00218,35.68551,0
            140.00233,35.68543,0
            140.00249,35.68536,0
            140.00275,35.68523,0
            140.0028,35.68521,0
            140.00298,35.68512,0
            140.00402,35.68466,0
            140.00406,35.68465,0
            140.00593,35.68388,0
            140.00596,35.68386,0
            140.00603,35.68384,0
            140.00646,35.68366,0
            140.00667,35.68358,0
            140.00681,35.68352,0
            140.00684,35.6835,0
            140.00698,35.68345,0
            140.00699,35.68344,0
            140.00739,35.68328,0
            140.00759,35.68319,0
            140.00779,35.68311,0
            140.00799,35.68302,0
            140.00819,35.68292,0
            140.00824,35.6829,0
            140.00833,35.68285,0
            140.0084,35.68282,0
            140.00852,35.68275,0
            140.00854,35.68275,0
            140.00854,35.68274,0
            140.00884,35.68258,0
            140.00904,35.68246,0
            140.00919,35.68236,0
            140.00934,35.68227,0
            140.00936,35.68225,0
            140.00958,35.6821,0
            140.01,35.68177,0
            140.01029,35.68151,0
            140.0103,35.68151,0
            140.01045,35.68137,0
            140.01053,35.68128,0
            140.01058,35.68124,0
            140.01069,35.68113,0
            140.01072,35.68109,0
            140.01086,35.68094,0
            140.01098,35.6808,0
            140.01101,35.68077,0
            140.0111,35.68066,0
            140.0111,35.68065,0
            140.01134,35.68035,0
            140.01144,35.68019,0
            140.01147,35.68016,0
            140.01175,35.6797,0
            140.01192,35.67937,0
            140.01193,35.67934,0
            140.012,35.6792,0
            140.0121,35.67896,0
            140.01215,35.67886,0
            140.01219,35.67875,0
            140.0125,35.67801,0
            140.01282,35.67742,0
            140.01283,35.67741,0
            140.01287,35.67734,0
            140.01293,35.67725,0
            140.01297,35.67718,0
            140.01303,35.67709,0
            140.01306,35.67706,0
            140.01308,35.67702,0
            140.01314,35.67693,0
            140.01351,35.67647,0
            140.01356,35.67642,0
            140.01368,35.67627,0
            140.01396,35.67599,0
            140.01404,35.67592,0
            140.01404,35.67591,0
            140.0141,35.67586,0
            140.01419,35.67577,0
            140.01449,35.67551,0
            140.01456,35.67546,0
            140.01465,35.67538,0
            140.01498,35.67514,0
            140.01505,35.6751,0
            140.01511,35.67505,0
            140.01513,35.67504,0
            140.01515,35.67502,0
            140.01568,35.67469,0
            140.01746,35.67368,0
            140.01759,35.6736,0
            140.01806,35.67334,0
            140.01819,35.67326,0
            140.01847,35.67311,0
            140.02073,35.67182,0
            140.02085,35.67176,0
            140.02122,35.67154,0
            140.02303,35.67052,0
            140.0235,35.67028,0
            140.02397,35.67007,0
            140.02442,35.6699,0
            140.02486,35.66975,0
            140.0251,35.66968,0
            140.02595,35.66948,0
            140.02643,35.66941,0
            140.02665,35.66937,0
            140.02708,35.66933,0
            140.02753,35.66931,0
            140.02764,35.6693,0
            140.02831,35.6693,0
            140.02841,35.66931,0
            140.02862,35.66931,0
            140.02956,35.66936,0
            140.02968,35.66936,0
            140.02971,35.66937,0
            140.03083,35.66943,0
            140.03094,35.66943,0
            140.03099,35.66944,0
            140.03116,35.66944,0
            140.03148,35.66946,0
            140.03157,35.66946,0
            140.03165,35.66947,0
            140.03187,35.66948,0
            140.03207,35.66948,0
            140.03209,35.66949,0
            140.03386,35.66957,0
            140.03408,35.66959,0
            140.03974,35.66987,0
            140.03984,35.66987,0
            140.04062,35.66991,0
            140.04072,35.66991,0
            140.04106,35.66993,0
            140.0412,35.66993,0
            140.04128,35.66994,0
            140.04186,35.66997,0
            140.04195,35.66997,0
            140.04274,35.67001,0
            140.04285,35.67001,0
            140.04342,35.67005,0
            140.04361,35.67005,0
            140.04373,35.67006,0
            140.04425,35.67008,0
            140.04436,35.67009,0
            140.04659,35.6702,0
            140.04671,35.6702,0
            140.04695,35.67022,0
            140.04732,35.67023,0
            140.04747,35.67024,0
            140.04757,35.67024,0
            140.04801,35.67027,0
            140.04958,35.67034,0
            140.04982,35.67036,0
            140.04999,35.67036,0
            140.05004,35.67037,0
            140.05018,35.67037,0
            140.05028,35.67038,0
            140.05108,35.67042,0
            140.05116,35.67042,0
            140.05125,35.67043,0
            140.05138,35.67043,0
            140.05183,35.67046,0
            140.05199,35.67046,0
            140.05241,35.67048,0
            140.05243,35.67049,0
            140.0525,35.67049,0
            140.0542,35.67057,0
            140.05442,35.67057,0
            140.0545,35.67058,0
            140.05495,35.67059,0
            140.05712,35.67059,0
            140.05801,35.67056,0
            140.05876,35.67052,0
            140.05973,35.67045,0
            140.05992,35.67042,0
            140.06036,35.67038,0
            140.06041,35.67037,0
            140.06095,35.67032,0
            140.06098,35.67031,0
            140.06217,35.67017,0
            140.06219,35.67016,0
            140.06263,35.6701,0
            140.06406,35.66986,0
            140.06416,35.66985,0
            140.0646,35.66977,0
            140.06578,35.66952,0
            140.06583,35.66952,0
            140.06589,35.6695,0
            140.06595,35.66949,0
            140.06659,35.66934,0
            140.06661,35.66934,0
            140.06666,35.66932,0
            140.06673,35.66931,0
            140.06723,35.66918,0
            140.06762,35.66909,0
            140.06766,35.66907,0
            140.06771,35.66906,0
            140.06881,35.66875,0
            140.0689,35.66873,0
            140.06942,35.66858,0
            140.06946,35.66856,0
            140.07076,35.66814,0
            140.07103,35.66804,0
            140.07111,35.66802,0
            140.07118,35.66799,0
            140.07123,35.66798,0
            140.07127,35.66796,0
            140.07354,35.6671,0
            140.07367,35.66704,0
            140.07374,35.66702,0
            140.07454,35.66671,0
            140.07455,35.6667,0
            140.07494,35.66656,0
            140.07732,35.66563,0
            140.07734,35.66563,0
            140.07742,35.66559,0
            140.07967,35.66472,0
            140.07982,35.66467,0
            140.08142,35.66405,0
            140.08195,35.66386,0
            140.08203,35.66384,0
            140.08311,35.66347,0
            140.08326,35.66343,0
            140.08346,35.66336,0
            140.08389,35.66323,0
            140.08391,35.66323,0
            140.084,35.66321,0
            140.08417,35.66315,0
            140.08485,35.66297,0
            140.08588,35.66272,0
            140.08617,35.66264,0
            140.0877,35.66232,0
            140.08784,35.6623,0
            140.08792,35.66228,0
            140.08815,35.66224,0
            140.08817,35.66224,0
            140.08945,35.66204,0
            140.08965,35.66202,0
            140.08975,35.662,0
            140.09003,35.66197,0
            140.09038,35.66192,0
            140.09121,35.66183,0
            140.09123,35.66183,0
            140.09211,35.66173,0
            140.09228,35.66177,0
            140.09242,35.66177,0
            140.09263,35.66175,0
            140.09291,35.66174,0
            140.09297,35.66173,0
            140.09395,35.66168,0
            140.09407,35.66168,0
            140.09414,35.66167,0
            140.09453,35.66166,0
            140.09456,35.66165,0
            140.09519,35.66164,0
            140.09532,35.66163,0
            140.09629,35.66162,0
            140.0963,35.66163,0
            140.09668,35.66163,0
            140.09743,35.66169,0
            140.09749,35.66169,0
            140.09818,35.6618,0
            140.09861,35.6619,0
            140.09921,35.66207,0
            140.09939,35.66214,0
            140.09943,35.66215,0
            140.09962,35.66223,0
            140.10001,35.66241,0
            140.10037,35.66261,0
            140.10038,35.66262,0
            140.10056,35.66273,0
            140.10075,35.66286,0
            140.10094,35.66298,0
            140.1011,35.66309,0
            140.10123,35.66319,0
            140.10135,35.66327,0
            140.10143,35.66333,0
            140.10157,35.66342,0
            140.10174,35.66354,0
            140.10224,35.66385,0
            140.1023,35.66387,0
            140.1024,35.66393,0
            140.10275,35.6641,0
            140.10288,35.66415,0
            140.10306,35.66423,0
            140.10341,35.66437,0
            140.10379,35.66449,0
            140.1038,35.66449,0
            140.10387,35.66452,0
            140.104,35.66455,0
            140.104,35.66456,0
            140.10441,35.66467,0
            140.10452,35.66469,0
            140.10463,35.66472,0
            140.10512,35.66482,0
            140.1062,35.66496,0
            140.10686,35.66502,0
            140.10691,35.66503,0
            140.10748,35.66509,0
            140.10801,35.66517,0
            140.10859,35.6653,0
            140.1091,35.66545,0
            140.10931,35.66553,0
            140.10938,35.66555,0
            140.10948,35.6656,0
            140.10972,35.66569,0
            140.11014,35.66591,0
            140.11032,35.66603,0
            140.11054,35.6662,0
            140.11077,35.66636,0
            140.11082,35.66639,0
            140.11119,35.66667,0
            140.11134,35.66677,0
            140.11163,35.667,0
            140.1118,35.66716,0
            140.11199,35.66732,0
            140.11213,35.66745,0
            140.11214,35.66745,0
            140.1124,35.66754,0
            140.11274,35.66789,0
            140.11283,35.66797,0
            140.11302,35.66816,0
            140.11313,35.66825,0
            140.11325,35.66836,0
            140.11344,35.66851,0
            140.11353,35.66859,0
            140.11386,35.66884,0
            140.11397,35.66891,0
            140.11403,35.66896,0
            140.11417,35.66905,0
            140.11425,35.66911,0
            140.11463,35.66935,0
            140.11542,35.66979,0
            140.11554,35.66985,0
            140.11562,35.66988,0
            140.11565,35.6699,0
            140.11568,35.66991,0
            140.11632,35.6702,0
            140.11703,35.67045,0
            140.11778,35.67068,0
            140.11815,35.67078,0
            140.11879,35.67093,0
            140.11881,35.67094,0
            140.11988,35.67118,0
            140.12178,35.67151,0
            140.12188,35.67152,0
            140.12295,35.67169,0
            140.12448,35.67199,0
            140.12481,35.67207,0
            140.12626,35.67247,0
            140.12662,35.67258,0
            140.12667,35.6726,0
            140.12722,35.67278,0
            140.12772,35.67296,0
            140.12797,35.67306,0
            140.12809,35.6731,0
            140.12892,35.67344,0
            140.12939,35.67366,0
            140.12959,35.67374,0
            140.13,35.67394,0
            140.13073,35.67432,0
            140.13076,35.67434,0
            140.13134,35.67466,0
            140.13145,35.67473,0
            140.1316,35.67481,0
            140.13238,35.67528,0
            140.1337,35.67614,0
            140.1337,35.67615,0
            140.13552,35.67734,0
            140.13569,35.67746,0
            140.13576,35.6775,0
            140.13589,35.67759,0
            140.13653,35.67799,0
            140.13738,35.67849,0
            140.1377,35.67866,0
            140.13785,35.67875,0
            140.1382,35.67893,0
            140.13827,35.67896,0
            140.13845,35.67906,0
            140.13945,35.67953,0
            140.14022,35.67986,0
            140.14044,35.67994,0
            140.14066,35.68003,0
            140.14137,35.68029,0
            140.14193,35.68047,0
            140.14198,35.68049,0
            140.14223,35.68056,0
            140.1424,35.68062,0
            140.14242,35.68062,0
            140.14306,35.68081,0
            140.14353,35.68093,0
            140.14385,35.681,0
            140.14397,35.68104,0
            140.14439,35.68113,0
            140.14451,35.68115,0
            140.14492,35.68124,0
            140.14566,35.68138,0
            140.14581,35.6814,0
            140.14588,35.68142,0
            140.14734,35.68165,0
            140.14754,35.68167,0
            140.14867,35.68182,0
            140.14966,35.68192,0
            140.15144,35.68205,0
            140.15156,35.68205,0
            140.15311,35.68212,0
            140.15732,35.6822,0
            140.15776,35.68222,0
            140.15801,35.68222,0
            140.16029,35.68234,0
            140.16188,35.68248,0
            140.1621,35.68251,0
            140.16249,35.68255,0
            140.16475,35.68287,0
            140.16537,35.68298,0
            140.16558,35.68301,0
            140.16758,35.68336,0
            140.16761,35.68336,0
            140.1677,35.68338,0
            140.16996,35.68378,0
            140.17163,35.68404,0
            140.17166,35.68404,0
            140.1717,35.68405,0
            140.17382,35.68431,0
            140.17575,35.68447,0
            140.17729,35.68453,0
            140.17862,35.68455,0
            140.17886,35.68454,0
            140.17991,35.68453,0
            140.18117,35.68447,0
            140.18126,35.68447,0
            140.18236,35.68439,0
            140.1824,35.68439,0
            140.1832,35.68432,0
            140.18326,35.68432,0
            140.18376,35.68427,0
            140.18397,35.68424,0
            140.18408,35.68423,0
            140.18523,35.68407,0
            140.18568,35.68402,0
            140.1883,35.68363,0
            140.18833,35.68363,0
            140.18925,35.68348,0
            140.18928,35.68348,0
            140.1903,35.68331,0
            140.19086,35.68323,0
            140.1914,35.68314,0
            140.19272,35.68295,0
            140.1939,35.68281,0
            140.19395,35.6828,0
            140.19489,35.6827,0
            140.19495,35.68269,0
            140.19619,35.68258,0
            140.19626,35.68257,0
            140.19631,35.68257,0
            140.19731,35.68249,0
            140.19916,35.68238,0
            140.20048,35.68232,0
            140.20061,35.68232,0
            140.2007,35.68231,0
            140.20135,35.68229,0
            140.20298,35.68227,0
            140.20304,35.68226,0
            140.20526,35.68228,0
            140.20535,35.68229,0
            140.20663,35.68233,0
            140.20786,35.68239,0
            140.20899,35.68247,0
            140.21029,35.68259,0
            140.21051,35.68262,0
            140.21073,35.68264,0
            140.21094,35.68267,0
            140.21105,35.68268,0
            140.21138,35.68273,0
            140.2116,35.68275,0
            140.21226,35.68284,0
            140.21288,35.68294,0
            140.2129,35.68294,0
            140.214,35.68312,0
            140.21485,35.68328,0
            140.21516,35.68335,0
            140.21529,35.68337,0
            140.21569,35.68345,0
            140.21571,35.68345,0
            140.21635,35.6836,0
            140.21636,35.6836,0
            140.21752,35.68387,0
            140.21818,35.68404,0
            140.21827,35.68407,0
            140.21859,35.68415,0
            140.22081,35.68479,0
            140.22097,35.68483,0
            140.22098,35.68484,0
            140.22118,35.68489,0
            140.22119,35.6849,0
            140.22222,35.68519,0
            140.22224,35.68519,0
            140.22243,35.68525,0
            140.22319,35.68546,0
            140.22434,35.68575,0
            140.22486,35.68587,0
            140.22487,35.68587,0
            140.2258,35.68607,0
            140.22669,35.68624,0
            140.22678,35.68625,0
            140.2268,35.68625,0
            140.22701,35.68629,0
            140.22703,35.68629,0
            140.22743,35.68636,0
            140.2287,35.68654,0
            140.22981,35.68666,0
            140.23076,35.68674,0
            140.23082,35.68674,0
            140.23098,35.68676,0
            140.23104,35.68676,0
            140.23348,35.68691,0
            140.23356,35.68691,0
            140.23362,35.68692,0
            140.23412,35.68695,0
            140.2342,35.68695,0
            140.23432,35.68696,0
            140.23445,35.68696,0
            140.23457,35.68697,0
            140.23466,35.68697,0
            140.23493,35.68699,0
            140.23496,35.68699,0
            140.2351,35.68701,0
            140.2362,35.68708,0
            140.23661,35.68712,0
            140.23666,35.68712,0
            140.23669,35.68713,0
            140.23728,35.68719,0
            140.2373,35.68719,0
            140.23813,35.68729,0
            140.23814,35.6873,0
            140.23861,35.68736,0
            140.23927,35.68747,0
            140.2396,35.68754,0
            140.23968,35.68755,0
            140.24029,35.68768,0
            140.24101,35.68785,0
            140.24127,35.68793,0
            140.24167,35.68804,0
            140.24185,35.68808,0
            140.24186,35.68808,0
            140.24289,35.6884,0
            140.24381,35.68873,0
            140.24389,35.68877,0
            140.24429,35.68892,0
            140.24449,35.68901,0
            140.24481,35.68914,0
            140.24536,35.68939,0
            140.24627,35.68983,0
            140.24705,35.69025,0
            140.24718,35.69033,0
            140.24755,35.69053,0
            140.2479,35.69074,0
            140.2481,35.69088,0
            140.24863,35.69122,0
            140.24883,35.69136,0
            140.24887,35.69138,0
            140.24974,35.69197,0
            140.2498,35.69202,0
            140.2499,35.69208,0
            140.25008,35.6922,0
            140.25109,35.69293,0
            140.25113,35.69295,0
            140.25132,35.69308,0
            140.25139,35.69312,0
            140.25303,35.69434,0
            140.25365,35.69482,0
            140.25398,35.69509,0
            140.25407,35.69515,0
            140.2541,35.69518,0
            140.25548,35.69611,0
            140.25562,35.69619,0
            140.25657,35.69678,0
            140.25768,35.69741,0
            140.2582,35.69769,0
            140.25846,35.69781,0
            140.25913,35.69815,0
            140.25979,35.69846,0
            140.25985,35.69848,0
            140.26096,35.69897,0
            140.26232,35.6995,0
            140.26305,35.69976,0
            140.26321,35.69981,0
            140.26337,35.69987,0
            140.26461,35.70028,0
            140.26565,35.7006,0
            140.26566,35.7006,0
            140.27064,35.70208,0
            140.27153,35.70237,0
            140.27158,35.70239,0
            140.27164,35.7024,0
            140.27173,35.70244,0
            140.27174,35.70244,0
            140.27188,35.70249,0
            140.27194,35.7025,0
            140.27281,35.70281,0
            140.27423,35.70335,0
            140.27511,35.70372,0
            140.27542,35.70387,0
            140.27551,35.7039,0
            140.27613,35.70419,0
            140.27683,35.70455,0
            140.27688,35.70458,0
            140.27734,35.70482,0
            140.27869,35.70561,0
            140.2794,35.70607,0
            140.27962,35.70623,0
            140.27964,35.70624,0
            140.28031,35.70671,0
            140.28037,35.70676,0
            140.28058,35.70691,0
            140.28063,35.70694,0
            140.28082,35.70709,0
            140.28108,35.70728,0
            140.28141,35.70756,0
            140.28151,35.70763,0
            140.28164,35.70775,0
            140.28189,35.70795,0
            140.28265,35.70863,0
            140.28312,35.70908,0
            140.28412,35.71012,0
            140.28437,35.7104,0
            140.28512,35.7113,0
            140.28531,35.71155,0
            140.28545,35.71172,0
            140.28556,35.71188,0
            140.28564,35.71198,0
            140.2858,35.7122,0
            140.28618,35.71276,0
            140.2869,35.7139,0
            140.28771,35.7154,0
            140.28793,35.71586,0
            140.288,35.71599,0
            140.28864,35.7174,0
            140.28864,35.71741,0
            140.28867,35.71747,0
            140.28875,35.71767,0
            140.28903,35.7183,0
            140.2896,35.7197,0
            140.28961,35.71974,0
            140.28963,35.71978,0
            140.28965,35.71983,0
            140.28966,35.71987,0
            140.28972,35.72,0
            140.28979,35.72019,0
            140.29048,35.72191,0
            140.29057,35.7221,0
            140.29063,35.72227,0
            140.29151,35.72422,0
            140.29176,35.72473,0
            140.29184,35.72491,0
            140.29218,35.72558,0
            140.29229,35.72577,0
            140.29235,35.72589,0
            140.29255,35.72624,0
            140.29273,35.72658,0
            140.29282,35.72671,0
            140.29284,35.72676,0
            140.29382,35.72832,0
            140.29446,35.72925,0
            140.29457,35.72939,0
            140.29507,35.73008,0
            140.2952,35.73021,0
            140.29536,35.73042,0
            140.29553,35.73061,0
            140.29588,35.73104,0
            140.29594,35.7311,0
            140.296,35.73118,0
            140.2964,35.73164,0
            140.29667,35.73193,0
            140.2968,35.73208,0
            140.29774,35.73306,0
            140.29861,35.7339,0
            140.29876,35.73403,0
            140.29907,35.73432,0
            140.29981,35.73496,0
            140.29985,35.735,0
            140.30069,35.73569,0
            140.30153,35.73634,0
            140.30171,35.73647,0
            140.30176,35.73652,0
            140.30203,35.73671,0
            140.30233,35.73694,0
            140.30237,35.73696,0
            140.30276,35.73725,0
            140.30284,35.7373,0
            140.30349,35.73777,0
            140.30357,35.73782,0
            140.30402,35.73814,0
            140.30409,35.7382,0
            140.30418,35.73825,0
            140.30429,35.73834,0
            140.30439,35.7384,0
            140.30546,35.73916,0
            140.30561,35.73928,0
            140.30746,35.74062,0
            140.30838,35.74135,0
            140.30842,35.74139,0
            140.30871,35.74163,0
            140.30872,35.74163,0
            140.30879,35.74168,0
            140.30956,35.74234,0
            140.30962,35.7424,0
            140.30963,35.7424,0
            140.31063,35.7433,0
            140.31076,35.74343,0
            140.31105,35.7437,0
            140.31121,35.74387,0
            140.31125,35.7439,0
            140.31163,35.74428,0
            140.31175,35.74439,0
            140.312,35.74466,0
            140.31224,35.7449,0
            140.31227,35.74494,0
            140.3125,35.74518,0
            140.3126,35.7453,0
            140.31305,35.74579,0
            140.31309,35.74584,0
            140.31326,35.74603,0
            140.31333,35.74612,0
            140.31337,35.74616,0
            140.31409,35.74702,0
            140.31426,35.74724,0
            140.31442,35.74743,0
            140.31489,35.74804,0
            140.31556,35.74896,0
            140.31611,35.74976,0
            140.31686,35.75093,0
            140.31689,35.75099,0
            140.31722,35.75154,0
            140.31776,35.75251,0
            140.31845,35.75386,0
            140.31932,35.75566,0
            140.3196,35.75621,0
            140.31989,35.75683,0
            140.31991,35.75688,0
            140.3206,35.75822,0
            140.32114,35.75918,0
            140.32157,35.75988,0
            140.3217,35.76007,0
            140.32171,35.7601,0
            140.32175,35.76014,0
            140.32216,35.76075,0
            140.32219,35.76078,0
            140.3222,35.7608,0
            140.32225,35.76088,0
            140.32229,35.76093,0
            140.32232,35.76098,0
            140.3224,35.76108,0
            140.3224,35.76109,0
            140.32252,35.76124,0
            140.32263,35.76139,0
            140.32269,35.76146,0
            140.3228,35.76161,0
            140.32291,35.76174,0
            140.3231,35.76199,0
            140.32354,35.76251,0
            140.32356,35.76253,0
            140.32372,35.76272,0
            140.32379,35.76279,0
            140.32399,35.76301,0
            140.32409,35.76313,0
            140.32422,35.76326,0
            140.32423,35.76328,0
            140.32486,35.76392,0
            140.32554,35.76457,0
            140.32565,35.76466,0
            140.32613,35.76509,0
            140.32628,35.76521,0
            140.32657,35.76546,0
            140.32658,35.76546,0
            140.32691,35.76573,0
            140.32697,35.76577,0
            140.32712,35.7659,0
            140.32742,35.76613,0
            140.32744,35.76614,0
            140.32756,35.76622,0
            140.32768,35.76632,0
            140.32874,35.76707,0
            140.33046,35.76821,0
            140.33075,35.76839,0
            140.33083,35.76845,0
            140.3321,35.76928,0
            140.33222,35.76935,0
            140.33362,35.77028,0
            140.33451,35.7709,0
            140.33547,35.7716,0
            140.33623,35.77219,0
            140.3363,35.77226,0
            140.33684,35.7727,0
            140.33688,35.77274,0
            140.33697,35.77281,0
            140.33779,35.77353,0
            140.3383,35.77402,0
            140.33835,35.77409,0
            140.33841,35.77414,0
            140.33902,35.77478,0
            140.33928,35.77504,0
            140.34033,35.77624,0
            140.34036,35.77628,0
            140.34039,35.77631,0
            140.34057,35.77654,0
            140.34062,35.77659,0
            140.34124,35.77739,0
            140.34134,35.77753,0
            140.34143,35.77775,0
            140.34152,35.77788,0
            140.34176,35.77826,0
            140.34199,35.7786,0
            140.34231,35.77914,0
            140.34253,35.77955,0
            140.34259,35.77968,0
            140.34275,35.77999,0
            140.3429,35.78032,0
            140.34291,35.78033,0
            140.34308,35.78074,0
            140.34323,35.78105,0
            140.34335,35.78127,0
            140.34352,35.7815,0
            140.34364,35.78165,0
            140.34372,35.78172,0
            140.34381,35.78181,0
            140.34389,35.78188,0
            140.34406,35.78201,0
            140.34407,35.78202,0
            140.34417,35.78207,0
            140.34426,35.78213,0
            140.34442,35.78222,0
            140.34466,35.78232,0
            140.34502,35.78243,0
            140.34505,35.78243,0
            140.34515,35.78246,0
            140.34539,35.7825,0
            140.34565,35.78252,0
            140.34594,35.78252,0
            140.34615,35.7825,0
            140.34618,35.7825,0
            140.34677,35.78245,0
            140.34701,35.78242,0
            140.34725,35.7824,0
            140.34727,35.78239,0
            140.34731,35.78239,0
            140.34774,35.78232,0
            140.3479,35.7823,0
            140.34793,35.78229,0
            140.34907,35.78211,0
            140.35014,35.78199,0
            140.35067,35.78195,0
            140.35239,35.78187,0
            140.35274,35.78188,0
            140.35303,35.7819,0
            140.35385,35.782,0
            140.35465,35.78215,0
            140.35523,35.78229,0
            140.35574,35.78243,0
            140.357,35.78285,0
            140.35881,35.78355,0
            140.35888,35.78357,0
            140.35889,35.78358,0
            140.36032,35.78413,0
            140.36082,35.78431,0
            140.36196,35.78468,0
            140.36234,35.78479,0
            140.36295,35.78495,0
            140.36315,35.78501,0
            140.36378,35.78516,0
            140.36386,35.78517,0
            140.36401,35.7852,0
            140.36407,35.78522,0
            140.3645,35.78531,0
            140.3651,35.78542,0
            140.36581,35.78553,0
            140.36673,35.78564,0
            140.36715,35.78567,0
            140.36804,35.78571,0
            140.36828,35.78571,0
            140.36849,35.7857,0
            140.36868,35.7857,0
            140.36913,35.78568,0
            140.3692,35.78567,0
            140.36956,35.78564,0
            140.36977,35.78561,0
            140.3699,35.7856,0
            140.37019,35.78556,0
            140.37082,35.78545,0
            140.37144,35.78531,0
            140.37182,35.78521,0
            140.3725,35.785,0
            140.37323,35.78472,0
            140.37347,35.78462,0
            140.37405,35.78434,0
            140.37424,35.78424,0
            140.37441,35.78416,0
            140.37497,35.78383,0
            140.37564,35.78337,0
            140.37596,35.78313,0
            140.37611,35.783,0
            140.37624,35.7829,0
            140.37671,35.78249,0
            140.37727,35.78194,0
            140.37739,35.78183,0
            140.3777,35.7815,0
            140.37776,35.78145,0
            140.37779,35.7814,0
            140.37915,35.77988,0
            140.37973,35.77921,0
            140.37985,35.77908,0
            140.3802,35.77867,0
            140.38028,35.77859,0
            140.38092,35.77783,0
            140.38098,35.77775,0
            140.38106,35.77766,0
            140.38152,35.77706,0
            140.38208,35.77629,0
            140.38218,35.77614,0
            140.38241,35.77583,0
            140.38252,35.77567,0
            140.38274,35.77538,0
            140.38287,35.77518,0
            140.38289,35.77516,0
            140.38298,35.77504,0
            140.383,35.77502,0
            140.38302,35.77499,0
            140.38316,35.77488,0
            140.38321,35.77486,0
            140.38335,35.77474,0
            140.38344,35.77467,0
            140.3835,35.77461,0
            140.38392,35.77404,0
            140.38399,35.77396,0
            140.38406,35.77379,0
            140.38409,35.77357,0
            140.38411,35.7735,0
            140.38414,35.77343,0
            140.38418,35.77337,0
            140.38422,35.77329,0
            140.38428,35.7732,0
            140.3845,35.7729,0
            140.38451,35.77289,0
            140.38458,35.7728,0
            140.38467,35.7727,0
            140.38482,35.77251,0
            140.38494,35.77244,0
            140.38507,35.77229,0
            140.3851,35.77226,0
            140.38529,35.77203,0
            140.38532,35.77201,0
            140.38565,35.77162,0
            140.38571,35.77153,0
            140.38576,35.77148,0
            140.38596,35.77124,0
            140.38598,35.7712,0
            140.38614,35.77103,0
            140.38616,35.771,0
            140.38625,35.77091,0
            140.38644,35.7707,0
            140.38649,35.77062,0
            140.38571,35.77025,0
            140.38561,35.77021,0
            140.38542,35.77012,0
            140.38518,35.77002,0
            140.38514,35.77008,0
            140.38503,35.77022,0
            140.38487,35.77044,0
          </coordinates>
        </LineString>
      </Placemark>
      <Placemark>
        <name>Minn 奥浅草 (Minn Oku Asakusa)</name>
        <styleUrl>#icon-1899-DB4436-nodesc</styleUrl>
        <Point>
          <coordinates>
            139.7965437,35.7174261,0
          </coordinates>
        </Point>
      </Placemark>
      <Placemark>
        <name>成田国际机场</name>
        <styleUrl>#icon-1899-DB4436-nodesc</styleUrl>
        <Point>
          <coordinates>
            140.3848733,35.7704405,0
          </coordinates>
        </Point>
      </Placemark>
    </Folder>
  </Document>
</kml>
